"scenario","model","node","time","tec","value"
"historical","ensemble","AFG_1","1","irrigation_sw_diversion",1.29949991034061
"historical","ensemble","AFG_1","10","irrigation_sw_diversion",0.930618800081268
"historical","ensemble","AFG_1","11","irrigation_sw_diversion",0.785297322174091
"historical","ensemble","AFG_1","12","irrigation_sw_diversion",0.70018565281425
"historical","ensemble","AFG_1","2","irrigation_sw_diversion",1.86819141746683
"historical","ensemble","AFG_1","3","irrigation_sw_diversion",2.92780373050813
"historical","ensemble","AFG_1","4","irrigation_sw_diversion",2.96970680762435
"historical","ensemble","AFG_1","5","irrigation_sw_diversion",2.48794681134398
"historical","ensemble","AFG_1","6","irrigation_sw_diversion",1.9520937437574
"historical","ensemble","AFG_1","7","irrigation_sw_diversion",2.40036745346389
"historical","ensemble","AFG_1","8","irrigation_sw_diversion",2.55372054706896
"historical","ensemble","AFG_1","9","irrigation_sw_diversion",1.88804442014991
"historical","ensemble","AFG_2","1","irrigation_sw_diversion",2.97965644459636
"historical","ensemble","AFG_2","10","irrigation_sw_diversion",3.99608912187006
"historical","ensemble","AFG_2","11","irrigation_sw_diversion",2.44168233252696
"historical","ensemble","AFG_2","12","irrigation_sw_diversion",1.9558834986228
"historical","ensemble","AFG_2","2","irrigation_sw_diversion",3.85482350440044
"historical","ensemble","AFG_2","3","irrigation_sw_diversion",8.18700987446909
"historical","ensemble","AFG_2","4","irrigation_sw_diversion",9.62014239179004
"historical","ensemble","AFG_2","5","irrigation_sw_diversion",10.3919099592129
"historical","ensemble","AFG_2","6","irrigation_sw_diversion",10.469344097755
"historical","ensemble","AFG_2","7","irrigation_sw_diversion",13.6931575077829
"historical","ensemble","AFG_2","8","irrigation_sw_diversion",13.9316175621051
"historical","ensemble","AFG_2","9","irrigation_sw_diversion",9.48619591698242
"historical","ensemble","CHN_1","11","irrigation_sw_diversion",0
"historical","ensemble","CHN_1","12","irrigation_sw_diversion",0
"historical","ensemble","CHN_1","3","irrigation_sw_diversion",0
"historical","ensemble","CHN_1","4","irrigation_sw_diversion",0
"historical","ensemble","CHN_1","5","irrigation_sw_diversion",0
"historical","ensemble","IND_1","1","irrigation_sw_diversion",0
"historical","ensemble","IND_1","10","irrigation_sw_diversion",0
"historical","ensemble","IND_1","11","irrigation_sw_diversion",0
"historical","ensemble","IND_1","12","irrigation_sw_diversion",0
"historical","ensemble","IND_1","2","irrigation_sw_diversion",0
"historical","ensemble","IND_1","3","irrigation_sw_diversion",0
"historical","ensemble","IND_1","4","irrigation_sw_diversion",0
"historical","ensemble","IND_1","5","irrigation_sw_diversion",0
"historical","ensemble","IND_1","6","irrigation_sw_diversion",0
"historical","ensemble","IND_1","7","irrigation_sw_diversion",0
"historical","ensemble","IND_1","8","irrigation_sw_diversion",0
"historical","ensemble","IND_1","9","irrigation_sw_diversion",0
"historical","ensemble","IND_2","1","irrigation_sw_diversion",0.0309307996068925
"historical","ensemble","IND_2","10","irrigation_sw_diversion",0.0910715326521899
"historical","ensemble","IND_2","11","irrigation_sw_diversion",0.0474302027697542
"historical","ensemble","IND_2","12","irrigation_sw_diversion",0.0253248348859186
"historical","ensemble","IND_2","2","irrigation_sw_diversion",0.056405298573115
"historical","ensemble","IND_2","3","irrigation_sw_diversion",0.128672984372478
"historical","ensemble","IND_2","4","irrigation_sw_diversion",0.160478365058538
"historical","ensemble","IND_2","5","irrigation_sw_diversion",0.126344894165833
"historical","ensemble","IND_2","6","irrigation_sw_diversion",0.0559987096915401
"historical","ensemble","IND_2","7","irrigation_sw_diversion",0.0163938272164726
"historical","ensemble","IND_2","8","irrigation_sw_diversion",0.0457505943966823
"historical","ensemble","IND_2","9","irrigation_sw_diversion",0.141194135138679
"historical","ensemble","IND_3","1","irrigation_sw_diversion",2.18921335999916
"historical","ensemble","IND_3","10","irrigation_sw_diversion",2.56774679676026
"historical","ensemble","IND_3","11","irrigation_sw_diversion",1.79980803842339
"historical","ensemble","IND_3","12","irrigation_sw_diversion",1.37489136342792
"historical","ensemble","IND_3","2","irrigation_sw_diversion",4.26518427209612
"historical","ensemble","IND_3","3","irrigation_sw_diversion",7.196548952761
"historical","ensemble","IND_3","4","irrigation_sw_diversion",7.3274760920128
"historical","ensemble","IND_3","5","irrigation_sw_diversion",5.78230627113231
"historical","ensemble","IND_3","6","irrigation_sw_diversion",6.86696573799863
"historical","ensemble","IND_3","7","irrigation_sw_diversion",5.95444976845253
"historical","ensemble","IND_3","8","irrigation_sw_diversion",5.64858529528761
"historical","ensemble","IND_3","9","irrigation_sw_diversion",5.38545579569659
"historical","ensemble","IND_4","1","irrigation_sw_diversion",53.8289141297446
"historical","ensemble","IND_4","10","irrigation_sw_diversion",37.3984552095438
"historical","ensemble","IND_4","11","irrigation_sw_diversion",32.3470056259268
"historical","ensemble","IND_4","12","irrigation_sw_diversion",27.8413595381215
"historical","ensemble","IND_4","2","irrigation_sw_diversion",95.0263822031021
"historical","ensemble","IND_4","3","irrigation_sw_diversion",149.272422291805
"historical","ensemble","IND_4","4","irrigation_sw_diversion",145.152357346829
"historical","ensemble","IND_4","5","irrigation_sw_diversion",110.725050972617
"historical","ensemble","IND_4","6","irrigation_sw_diversion",89.4604282019991
"historical","ensemble","IND_4","7","irrigation_sw_diversion",76.7794084381614
"historical","ensemble","IND_4","8","irrigation_sw_diversion",72.29425162275
"historical","ensemble","IND_4","9","irrigation_sw_diversion",64.3280541350705
"historical","ensemble","IND_5","1","irrigation_sw_diversion",0
"historical","ensemble","IND_5","10","irrigation_sw_diversion",0
"historical","ensemble","IND_5","11","irrigation_sw_diversion",0
"historical","ensemble","IND_5","12","irrigation_sw_diversion",0
"historical","ensemble","IND_5","2","irrigation_sw_diversion",0
"historical","ensemble","IND_5","3","irrigation_sw_diversion",0
"historical","ensemble","IND_5","4","irrigation_sw_diversion",0
"historical","ensemble","IND_5","5","irrigation_sw_diversion",0
"historical","ensemble","IND_5","6","irrigation_sw_diversion",0
"historical","ensemble","IND_5","7","irrigation_sw_diversion",0
"historical","ensemble","IND_5","8","irrigation_sw_diversion",0
"historical","ensemble","IND_5","9","irrigation_sw_diversion",0
"historical","ensemble","IND_6","1","irrigation_sw_diversion",0
"historical","ensemble","IND_6","10","irrigation_sw_diversion",0
"historical","ensemble","IND_6","11","irrigation_sw_diversion",0
"historical","ensemble","IND_6","12","irrigation_sw_diversion",0
"historical","ensemble","IND_6","2","irrigation_sw_diversion",0
"historical","ensemble","IND_6","3","irrigation_sw_diversion",0
"historical","ensemble","IND_6","4","irrigation_sw_diversion",0
"historical","ensemble","IND_6","5","irrigation_sw_diversion",0
"historical","ensemble","IND_6","6","irrigation_sw_diversion",0
"historical","ensemble","IND_6","7","irrigation_sw_diversion",0
"historical","ensemble","IND_6","8","irrigation_sw_diversion",0
"historical","ensemble","IND_6","9","irrigation_sw_diversion",0
"historical","ensemble","PAK_1","1","irrigation_sw_diversion",3.74423477415652
"historical","ensemble","PAK_1","10","irrigation_sw_diversion",3.32143104059592
"historical","ensemble","PAK_1","11","irrigation_sw_diversion",2.49002891415759
"historical","ensemble","PAK_1","12","irrigation_sw_diversion",1.71581300521917
"historical","ensemble","PAK_1","2","irrigation_sw_diversion",6.16386121558598
"historical","ensemble","PAK_1","3","irrigation_sw_diversion",10.2273711646185
"historical","ensemble","PAK_1","4","irrigation_sw_diversion",10.6572560325167
"historical","ensemble","PAK_1","5","irrigation_sw_diversion",10.112624329234
"historical","ensemble","PAK_1","6","irrigation_sw_diversion",9.83697787632595
"historical","ensemble","PAK_1","7","irrigation_sw_diversion",10.1426078945465
"historical","ensemble","PAK_1","8","irrigation_sw_diversion",9.01512223130423
"historical","ensemble","PAK_1","9","irrigation_sw_diversion",6.68709821173886
"historical","ensemble","PAK_10","1","irrigation_sw_diversion",33.2768723049013
"historical","ensemble","PAK_10","10","irrigation_sw_diversion",25.0634141930941
"historical","ensemble","PAK_10","11","irrigation_sw_diversion",19.5353411716845
"historical","ensemble","PAK_10","12","irrigation_sw_diversion",15.1381099082345
"historical","ensemble","PAK_10","2","irrigation_sw_diversion",60.25276244318
"historical","ensemble","PAK_10","3","irrigation_sw_diversion",76.1513675403913
"historical","ensemble","PAK_10","4","irrigation_sw_diversion",67.4169551612302
"historical","ensemble","PAK_10","5","irrigation_sw_diversion",58.7811622986179
"historical","ensemble","PAK_10","6","irrigation_sw_diversion",66.1853451490584
"historical","ensemble","PAK_10","7","irrigation_sw_diversion",81.2049353333686
"historical","ensemble","PAK_10","8","irrigation_sw_diversion",78.4742499848611
"historical","ensemble","PAK_10","9","irrigation_sw_diversion",53.8674529856314
"historical","ensemble","PAK_11","1","irrigation_sw_diversion",0
"historical","ensemble","PAK_11","10","irrigation_sw_diversion",0
"historical","ensemble","PAK_11","11","irrigation_sw_diversion",0
"historical","ensemble","PAK_11","12","irrigation_sw_diversion",0
"historical","ensemble","PAK_11","2","irrigation_sw_diversion",0
"historical","ensemble","PAK_11","3","irrigation_sw_diversion",0
"historical","ensemble","PAK_11","4","irrigation_sw_diversion",0
"historical","ensemble","PAK_11","5","irrigation_sw_diversion",0
"historical","ensemble","PAK_11","6","irrigation_sw_diversion",0
"historical","ensemble","PAK_11","7","irrigation_sw_diversion",0
"historical","ensemble","PAK_11","8","irrigation_sw_diversion",0
"historical","ensemble","PAK_11","9","irrigation_sw_diversion",0
"historical","ensemble","PAK_12","1","irrigation_sw_diversion",11.5654402788379
"historical","ensemble","PAK_12","10","irrigation_sw_diversion",11.9335222013237
"historical","ensemble","PAK_12","11","irrigation_sw_diversion",8.32355804749278
"historical","ensemble","PAK_12","12","irrigation_sw_diversion",5.68945215306821
"historical","ensemble","PAK_12","2","irrigation_sw_diversion",17.7271817043414
"historical","ensemble","PAK_12","3","irrigation_sw_diversion",24.9664294442582
"historical","ensemble","PAK_12","4","irrigation_sw_diversion",24.3742130335129
"historical","ensemble","PAK_12","5","irrigation_sw_diversion",24.5987934546058
"historical","ensemble","PAK_12","6","irrigation_sw_diversion",27.6643958495634
"historical","ensemble","PAK_12","7","irrigation_sw_diversion",31.7511178184928
"historical","ensemble","PAK_12","8","irrigation_sw_diversion",29.9033034856929
"historical","ensemble","PAK_12","9","irrigation_sw_diversion",21.7501202461883
"historical","ensemble","PAK_2","1","irrigation_sw_diversion",5.87109671150224
"historical","ensemble","PAK_2","10","irrigation_sw_diversion",6.26080927505716
"historical","ensemble","PAK_2","11","irrigation_sw_diversion",3.85235316127082
"historical","ensemble","PAK_2","12","irrigation_sw_diversion",2.74842476749092
"historical","ensemble","PAK_2","2","irrigation_sw_diversion",10.2194397298752
"historical","ensemble","PAK_2","3","irrigation_sw_diversion",15.7976910490817
"historical","ensemble","PAK_2","4","irrigation_sw_diversion",15.9395110933489
"historical","ensemble","PAK_2","5","irrigation_sw_diversion",14.9374361746897
"historical","ensemble","PAK_2","6","irrigation_sw_diversion",18.4724411756714
"historical","ensemble","PAK_2","7","irrigation_sw_diversion",19.3953501078278
"historical","ensemble","PAK_2","8","irrigation_sw_diversion",17.5858356302479
"historical","ensemble","PAK_2","9","irrigation_sw_diversion",13.1035420328195
"historical","ensemble","PAK_3","1","irrigation_sw_diversion",13.2579869885724
"historical","ensemble","PAK_3","10","irrigation_sw_diversion",12.9272300830818
"historical","ensemble","PAK_3","11","irrigation_sw_diversion",8.04365638006539
"historical","ensemble","PAK_3","12","irrigation_sw_diversion",5.90012821536352
"historical","ensemble","PAK_3","2","irrigation_sw_diversion",22.7416345252264
"historical","ensemble","PAK_3","3","irrigation_sw_diversion",30.9199928764707
"historical","ensemble","PAK_3","4","irrigation_sw_diversion",28.4918542229294
"historical","ensemble","PAK_3","5","irrigation_sw_diversion",25.1291067211032
"historical","ensemble","PAK_3","6","irrigation_sw_diversion",30.5431550426628
"historical","ensemble","PAK_3","7","irrigation_sw_diversion",38.3523294753888
"historical","ensemble","PAK_3","8","irrigation_sw_diversion",38.6382532073616
"historical","ensemble","PAK_3","9","irrigation_sw_diversion",26.8547807432664
"historical","ensemble","PAK_4","1","irrigation_sw_diversion",44.2105337834936
"historical","ensemble","PAK_4","10","irrigation_sw_diversion",30.1719852326055
"historical","ensemble","PAK_4","11","irrigation_sw_diversion",23.6200626118168
"historical","ensemble","PAK_4","12","irrigation_sw_diversion",22.8311251956442
"historical","ensemble","PAK_4","2","irrigation_sw_diversion",62.8942356189574
"historical","ensemble","PAK_4","3","irrigation_sw_diversion",81.1728512716793
"historical","ensemble","PAK_4","4","irrigation_sw_diversion",74.8940328591805
"historical","ensemble","PAK_4","5","irrigation_sw_diversion",61.4621275810006
"historical","ensemble","PAK_4","6","irrigation_sw_diversion",73.8847929343536
"historical","ensemble","PAK_4","7","irrigation_sw_diversion",92.7824709099226
"historical","ensemble","PAK_4","8","irrigation_sw_diversion",88.842606414192
"historical","ensemble","PAK_4","9","irrigation_sw_diversion",62.7608981585905
"historical","ensemble","PAK_5","1","irrigation_sw_diversion",23.2892800118401
"historical","ensemble","PAK_5","10","irrigation_sw_diversion",17.7387691279372
"historical","ensemble","PAK_5","11","irrigation_sw_diversion",14.3713561312484
"historical","ensemble","PAK_5","12","irrigation_sw_diversion",11.9152541690582
"historical","ensemble","PAK_5","2","irrigation_sw_diversion",38.1211481278056
"historical","ensemble","PAK_5","3","irrigation_sw_diversion",45.6827759391937
"historical","ensemble","PAK_5","4","irrigation_sw_diversion",43.9478668264793
"historical","ensemble","PAK_5","5","irrigation_sw_diversion",39.0345467031209
"historical","ensemble","PAK_5","6","irrigation_sw_diversion",40.5826965401438
"historical","ensemble","PAK_5","7","irrigation_sw_diversion",44.4986885267872
"historical","ensemble","PAK_5","8","irrigation_sw_diversion",43.0210501561101
"historical","ensemble","PAK_5","9","irrigation_sw_diversion",33.1588110674209
"historical","ensemble","PAK_6","1","irrigation_sw_diversion",17.479482546312
"historical","ensemble","PAK_6","10","irrigation_sw_diversion",24.841768129608
"historical","ensemble","PAK_6","11","irrigation_sw_diversion",18.3502104177941
"historical","ensemble","PAK_6","12","irrigation_sw_diversion",12.3538656626707
"historical","ensemble","PAK_6","2","irrigation_sw_diversion",30.2934111071958
"historical","ensemble","PAK_6","3","irrigation_sw_diversion",36.6713059495587
"historical","ensemble","PAK_6","4","irrigation_sw_diversion",45.9028043642507
"historical","ensemble","PAK_6","5","irrigation_sw_diversion",48.1052574224764
"historical","ensemble","PAK_6","6","irrigation_sw_diversion",57.0232367628068
"historical","ensemble","PAK_6","7","irrigation_sw_diversion",60.3110158030999
"historical","ensemble","PAK_6","8","irrigation_sw_diversion",54.5626276469316
"historical","ensemble","PAK_6","9","irrigation_sw_diversion",40.9746721464563
"historical","ensemble","PAK_7","1","irrigation_sw_diversion",0.575659791433609
"historical","ensemble","PAK_7","10","irrigation_sw_diversion",1.519317853019
"historical","ensemble","PAK_7","11","irrigation_sw_diversion",0.742462427582961
"historical","ensemble","PAK_7","12","irrigation_sw_diversion",0.342791695960616
"historical","ensemble","PAK_7","2","irrigation_sw_diversion",0.703757739276275
"historical","ensemble","PAK_7","3","irrigation_sw_diversion",1.26105999126386
"historical","ensemble","PAK_7","4","irrigation_sw_diversion",1.6649339027429
"historical","ensemble","PAK_7","5","irrigation_sw_diversion",2.3299643340289
"historical","ensemble","PAK_7","6","irrigation_sw_diversion",2.7867984850612
"historical","ensemble","PAK_7","7","irrigation_sw_diversion",3.06653659448692
"historical","ensemble","PAK_7","8","irrigation_sw_diversion",3.09810350917329
"historical","ensemble","PAK_7","9","irrigation_sw_diversion",2.62064576698087
"historical","ensemble","PAK_8","1","irrigation_sw_diversion",0.0501723418224142
"historical","ensemble","PAK_8","10","irrigation_sw_diversion",0.217099894530849
"historical","ensemble","PAK_8","11","irrigation_sw_diversion",0.110397779180567
"historical","ensemble","PAK_8","12","irrigation_sw_diversion",0.0477270822105083
"historical","ensemble","PAK_8","2","irrigation_sw_diversion",0.0596003458491264
"historical","ensemble","PAK_8","3","irrigation_sw_diversion",0.135936260950631
"historical","ensemble","PAK_8","4","irrigation_sw_diversion",0.2817431124439
"historical","ensemble","PAK_8","5","irrigation_sw_diversion",0.397701906724437
"historical","ensemble","PAK_8","6","irrigation_sw_diversion",0.51751607950963
"historical","ensemble","PAK_8","7","irrigation_sw_diversion",0.462417137417892
"historical","ensemble","PAK_8","8","irrigation_sw_diversion",0.448587575372654
"historical","ensemble","PAK_8","9","irrigation_sw_diversion",0.383578510646696
"historical","ensemble","PAK_9","1","irrigation_sw_diversion",8.00295811689336
"historical","ensemble","PAK_9","10","irrigation_sw_diversion",13.5128851495578
"historical","ensemble","PAK_9","11","irrigation_sw_diversion",6.66181706798469
"historical","ensemble","PAK_9","12","irrigation_sw_diversion",3.73780591226963
"historical","ensemble","PAK_9","2","irrigation_sw_diversion",14.2180885146741
"historical","ensemble","PAK_9","3","irrigation_sw_diversion",21.6213629847997
"historical","ensemble","PAK_9","4","irrigation_sw_diversion",21.3150659640292
"historical","ensemble","PAK_9","5","irrigation_sw_diversion",22.3335756901743
"historical","ensemble","PAK_9","6","irrigation_sw_diversion",37.1670831695239
"historical","ensemble","PAK_9","7","irrigation_sw_diversion",42.2846879409262
"historical","ensemble","PAK_9","8","irrigation_sw_diversion",39.8299142506422
"historical","ensemble","PAK_9","9","irrigation_sw_diversion",28.8995210473224
"historical","gfdl-esm2m","AFG_1","1","irrigation_sw_diversion",1.25774057199764
"historical","gfdl-esm2m","AFG_1","10","irrigation_sw_diversion",0.945705749962746
"historical","gfdl-esm2m","AFG_1","11","irrigation_sw_diversion",0.809742751523828
"historical","gfdl-esm2m","AFG_1","12","irrigation_sw_diversion",0.686157070783182
"historical","gfdl-esm2m","AFG_1","2","irrigation_sw_diversion",1.68879303727669
"historical","gfdl-esm2m","AFG_1","3","irrigation_sw_diversion",2.7335810237019
"historical","gfdl-esm2m","AFG_1","4","irrigation_sw_diversion",2.81033840329272
"historical","gfdl-esm2m","AFG_1","5","irrigation_sw_diversion",2.44500447499794
"historical","gfdl-esm2m","AFG_1","6","irrigation_sw_diversion",1.94560333301561
"historical","gfdl-esm2m","AFG_1","7","irrigation_sw_diversion",2.37579826245419
"historical","gfdl-esm2m","AFG_1","8","irrigation_sw_diversion",2.55785125149868
"historical","gfdl-esm2m","AFG_1","9","irrigation_sw_diversion",1.89760719214384
"historical","gfdl-esm2m","AFG_2","1","irrigation_sw_diversion",2.80596101696684
"historical","gfdl-esm2m","AFG_2","10","irrigation_sw_diversion",4.06650129960454
"historical","gfdl-esm2m","AFG_2","11","irrigation_sw_diversion",2.60025075790188
"historical","gfdl-esm2m","AFG_2","12","irrigation_sw_diversion",1.99244559358948
"historical","gfdl-esm2m","AFG_2","2","irrigation_sw_diversion",3.11920209534833
"historical","gfdl-esm2m","AFG_2","3","irrigation_sw_diversion",8.07309011080245
"historical","gfdl-esm2m","AFG_2","4","irrigation_sw_diversion",9.30040204448741
"historical","gfdl-esm2m","AFG_2","5","irrigation_sw_diversion",10.938369638822
"historical","gfdl-esm2m","AFG_2","6","irrigation_sw_diversion",10.7514429435552
"historical","gfdl-esm2m","AFG_2","7","irrigation_sw_diversion",13.8749987301583
"historical","gfdl-esm2m","AFG_2","8","irrigation_sw_diversion",13.9867752409724
"historical","gfdl-esm2m","AFG_2","9","irrigation_sw_diversion",9.42893739055993
"historical","gfdl-esm2m","CHN_1","11","irrigation_sw_diversion",0
"historical","gfdl-esm2m","CHN_1","12","irrigation_sw_diversion",0
"historical","gfdl-esm2m","CHN_1","3","irrigation_sw_diversion",0
"historical","gfdl-esm2m","CHN_1","4","irrigation_sw_diversion",0
"historical","gfdl-esm2m","CHN_1","5","irrigation_sw_diversion",0
"historical","gfdl-esm2m","IND_1","1","irrigation_sw_diversion",0
"historical","gfdl-esm2m","IND_1","10","irrigation_sw_diversion",0
"historical","gfdl-esm2m","IND_1","11","irrigation_sw_diversion",0
"historical","gfdl-esm2m","IND_1","12","irrigation_sw_diversion",0
"historical","gfdl-esm2m","IND_1","2","irrigation_sw_diversion",0
"historical","gfdl-esm2m","IND_1","3","irrigation_sw_diversion",0
"historical","gfdl-esm2m","IND_1","4","irrigation_sw_diversion",0
"historical","gfdl-esm2m","IND_1","5","irrigation_sw_diversion",0
"historical","gfdl-esm2m","IND_1","6","irrigation_sw_diversion",0
"historical","gfdl-esm2m","IND_1","7","irrigation_sw_diversion",0
"historical","gfdl-esm2m","IND_1","8","irrigation_sw_diversion",0
"historical","gfdl-esm2m","IND_1","9","irrigation_sw_diversion",0
"historical","gfdl-esm2m","IND_2","1","irrigation_sw_diversion",0.0339730716160227
"historical","gfdl-esm2m","IND_2","10","irrigation_sw_diversion",0.098341450517403
"historical","gfdl-esm2m","IND_2","11","irrigation_sw_diversion",0.0464022629476736
"historical","gfdl-esm2m","IND_2","12","irrigation_sw_diversion",0.023412781956103
"historical","gfdl-esm2m","IND_2","2","irrigation_sw_diversion",0.0586168788093283
"historical","gfdl-esm2m","IND_2","3","irrigation_sw_diversion",0.126088826147252
"historical","gfdl-esm2m","IND_2","4","irrigation_sw_diversion",0.154038678964797
"historical","gfdl-esm2m","IND_2","5","irrigation_sw_diversion",0.123331576681134
"historical","gfdl-esm2m","IND_2","6","irrigation_sw_diversion",0.0543669632306664
"historical","gfdl-esm2m","IND_2","7","irrigation_sw_diversion",0.0132542239670049
"historical","gfdl-esm2m","IND_2","8","irrigation_sw_diversion",0.0495486193321859
"historical","gfdl-esm2m","IND_2","9","irrigation_sw_diversion",0.146400151641958
"historical","gfdl-esm2m","IND_3","1","irrigation_sw_diversion",1.75677133838909
"historical","gfdl-esm2m","IND_3","10","irrigation_sw_diversion",3.20608096971152
"historical","gfdl-esm2m","IND_3","11","irrigation_sw_diversion",1.8388646552529
"historical","gfdl-esm2m","IND_3","12","irrigation_sw_diversion",1.18950761519784
"historical","gfdl-esm2m","IND_3","2","irrigation_sw_diversion",3.56247938390846
"historical","gfdl-esm2m","IND_3","3","irrigation_sw_diversion",5.90294427003207
"historical","gfdl-esm2m","IND_3","4","irrigation_sw_diversion",6.85328561907011
"historical","gfdl-esm2m","IND_3","5","irrigation_sw_diversion",6.30880624226496
"historical","gfdl-esm2m","IND_3","6","irrigation_sw_diversion",8.24612003609903
"historical","gfdl-esm2m","IND_3","7","irrigation_sw_diversion",5.49004682409755
"historical","gfdl-esm2m","IND_3","8","irrigation_sw_diversion",5.98801137898318
"historical","gfdl-esm2m","IND_3","9","irrigation_sw_diversion",5.99791885746722
"historical","gfdl-esm2m","IND_4","1","irrigation_sw_diversion",52.5053435370241
"historical","gfdl-esm2m","IND_4","10","irrigation_sw_diversion",39.1899398360517
"historical","gfdl-esm2m","IND_4","11","irrigation_sw_diversion",31.4718286914438
"historical","gfdl-esm2m","IND_4","12","irrigation_sw_diversion",26.8949390442212
"historical","gfdl-esm2m","IND_4","2","irrigation_sw_diversion",93.6392148044058
"historical","gfdl-esm2m","IND_4","3","irrigation_sw_diversion",145.54364741018
"historical","gfdl-esm2m","IND_4","4","irrigation_sw_diversion",142.607604769069
"historical","gfdl-esm2m","IND_4","5","irrigation_sw_diversion",109.829536234591
"historical","gfdl-esm2m","IND_4","6","irrigation_sw_diversion",94.987025913096
"historical","gfdl-esm2m","IND_4","7","irrigation_sw_diversion",70.5200320870782
"historical","gfdl-esm2m","IND_4","8","irrigation_sw_diversion",78.2218522280587
"historical","gfdl-esm2m","IND_4","9","irrigation_sw_diversion",69.1317997280567
"historical","gfdl-esm2m","IND_5","1","irrigation_sw_diversion",0
"historical","gfdl-esm2m","IND_5","10","irrigation_sw_diversion",0
"historical","gfdl-esm2m","IND_5","11","irrigation_sw_diversion",0
"historical","gfdl-esm2m","IND_5","12","irrigation_sw_diversion",0
"historical","gfdl-esm2m","IND_5","2","irrigation_sw_diversion",0
"historical","gfdl-esm2m","IND_5","3","irrigation_sw_diversion",0
"historical","gfdl-esm2m","IND_5","4","irrigation_sw_diversion",0
"historical","gfdl-esm2m","IND_5","5","irrigation_sw_diversion",0
"historical","gfdl-esm2m","IND_5","6","irrigation_sw_diversion",0
"historical","gfdl-esm2m","IND_5","7","irrigation_sw_diversion",0
"historical","gfdl-esm2m","IND_5","8","irrigation_sw_diversion",0
"historical","gfdl-esm2m","IND_5","9","irrigation_sw_diversion",0
"historical","gfdl-esm2m","IND_6","1","irrigation_sw_diversion",0
"historical","gfdl-esm2m","IND_6","10","irrigation_sw_diversion",0
"historical","gfdl-esm2m","IND_6","11","irrigation_sw_diversion",0
"historical","gfdl-esm2m","IND_6","12","irrigation_sw_diversion",0
"historical","gfdl-esm2m","IND_6","2","irrigation_sw_diversion",0
"historical","gfdl-esm2m","IND_6","3","irrigation_sw_diversion",0
"historical","gfdl-esm2m","IND_6","4","irrigation_sw_diversion",0
"historical","gfdl-esm2m","IND_6","5","irrigation_sw_diversion",0
"historical","gfdl-esm2m","IND_6","6","irrigation_sw_diversion",0
"historical","gfdl-esm2m","IND_6","7","irrigation_sw_diversion",0
"historical","gfdl-esm2m","IND_6","8","irrigation_sw_diversion",0
"historical","gfdl-esm2m","IND_6","9","irrigation_sw_diversion",0
"historical","gfdl-esm2m","PAK_1","1","irrigation_sw_diversion",3.72659144369452
"historical","gfdl-esm2m","PAK_1","10","irrigation_sw_diversion",3.40305220560395
"historical","gfdl-esm2m","PAK_1","11","irrigation_sw_diversion",2.46045737268001
"historical","gfdl-esm2m","PAK_1","12","irrigation_sw_diversion",1.52614191515842
"historical","gfdl-esm2m","PAK_1","2","irrigation_sw_diversion",6.14624211183168
"historical","gfdl-esm2m","PAK_1","3","irrigation_sw_diversion",10.0778977262428
"historical","gfdl-esm2m","PAK_1","4","irrigation_sw_diversion",10.3802890264765
"historical","gfdl-esm2m","PAK_1","5","irrigation_sw_diversion",9.73360142391143
"historical","gfdl-esm2m","PAK_1","6","irrigation_sw_diversion",9.8049275478347
"historical","gfdl-esm2m","PAK_1","7","irrigation_sw_diversion",9.2138161325485
"historical","gfdl-esm2m","PAK_1","8","irrigation_sw_diversion",8.80261785586487
"historical","gfdl-esm2m","PAK_1","9","irrigation_sw_diversion",6.65244011009083
"historical","gfdl-esm2m","PAK_10","1","irrigation_sw_diversion",34.3004827372777
"historical","gfdl-esm2m","PAK_10","10","irrigation_sw_diversion",26.3175276823223
"historical","gfdl-esm2m","PAK_10","11","irrigation_sw_diversion",20.4891290885628
"historical","gfdl-esm2m","PAK_10","12","irrigation_sw_diversion",15.3745267686315
"historical","gfdl-esm2m","PAK_10","2","irrigation_sw_diversion",62.9566747323857
"historical","gfdl-esm2m","PAK_10","3","irrigation_sw_diversion",75.786547822085
"historical","gfdl-esm2m","PAK_10","4","irrigation_sw_diversion",67.3267929689194
"historical","gfdl-esm2m","PAK_10","5","irrigation_sw_diversion",57.2470522775218
"historical","gfdl-esm2m","PAK_10","6","irrigation_sw_diversion",63.6433577416927
"historical","gfdl-esm2m","PAK_10","7","irrigation_sw_diversion",77.6787670981787
"historical","gfdl-esm2m","PAK_10","8","irrigation_sw_diversion",78.9490160286785
"historical","gfdl-esm2m","PAK_10","9","irrigation_sw_diversion",55.5395607189036
"historical","gfdl-esm2m","PAK_11","1","irrigation_sw_diversion",0
"historical","gfdl-esm2m","PAK_11","10","irrigation_sw_diversion",0
"historical","gfdl-esm2m","PAK_11","11","irrigation_sw_diversion",0
"historical","gfdl-esm2m","PAK_11","12","irrigation_sw_diversion",0
"historical","gfdl-esm2m","PAK_11","2","irrigation_sw_diversion",0
"historical","gfdl-esm2m","PAK_11","3","irrigation_sw_diversion",0
"historical","gfdl-esm2m","PAK_11","4","irrigation_sw_diversion",0
"historical","gfdl-esm2m","PAK_11","5","irrigation_sw_diversion",0
"historical","gfdl-esm2m","PAK_11","6","irrigation_sw_diversion",0
"historical","gfdl-esm2m","PAK_11","7","irrigation_sw_diversion",0
"historical","gfdl-esm2m","PAK_11","8","irrigation_sw_diversion",0
"historical","gfdl-esm2m","PAK_11","9","irrigation_sw_diversion",0
"historical","gfdl-esm2m","PAK_12","1","irrigation_sw_diversion",11.4244775763589
"historical","gfdl-esm2m","PAK_12","10","irrigation_sw_diversion",12.1624591343032
"historical","gfdl-esm2m","PAK_12","11","irrigation_sw_diversion",8.45202164088424
"historical","gfdl-esm2m","PAK_12","12","irrigation_sw_diversion",5.50555786723205
"historical","gfdl-esm2m","PAK_12","2","irrigation_sw_diversion",16.9845729386661
"historical","gfdl-esm2m","PAK_12","3","irrigation_sw_diversion",23.7084236838207
"historical","gfdl-esm2m","PAK_12","4","irrigation_sw_diversion",23.0831876221992
"historical","gfdl-esm2m","PAK_12","5","irrigation_sw_diversion",23.5200953096519
"historical","gfdl-esm2m","PAK_12","6","irrigation_sw_diversion",26.4819493982309
"historical","gfdl-esm2m","PAK_12","7","irrigation_sw_diversion",29.0019332134943
"historical","gfdl-esm2m","PAK_12","8","irrigation_sw_diversion",28.1897378585416
"historical","gfdl-esm2m","PAK_12","9","irrigation_sw_diversion",21.2314962883097
"historical","gfdl-esm2m","PAK_2","1","irrigation_sw_diversion",5.67549324483042
"historical","gfdl-esm2m","PAK_2","10","irrigation_sw_diversion",6.21819508153769
"historical","gfdl-esm2m","PAK_2","11","irrigation_sw_diversion",3.80104693405813
"historical","gfdl-esm2m","PAK_2","12","irrigation_sw_diversion",2.557424669043
"historical","gfdl-esm2m","PAK_2","2","irrigation_sw_diversion",10.0721702540116
"historical","gfdl-esm2m","PAK_2","3","irrigation_sw_diversion",15.3885849635035
"historical","gfdl-esm2m","PAK_2","4","irrigation_sw_diversion",15.5354630866387
"historical","gfdl-esm2m","PAK_2","5","irrigation_sw_diversion",14.6366775645772
"historical","gfdl-esm2m","PAK_2","6","irrigation_sw_diversion",18.1458471648567
"historical","gfdl-esm2m","PAK_2","7","irrigation_sw_diversion",17.4488065674251
"historical","gfdl-esm2m","PAK_2","8","irrigation_sw_diversion",17.270546589913
"historical","gfdl-esm2m","PAK_2","9","irrigation_sw_diversion",13.0560269316689
"historical","gfdl-esm2m","PAK_3","1","irrigation_sw_diversion",13.3537013512171
"historical","gfdl-esm2m","PAK_3","10","irrigation_sw_diversion",12.7764844423484
"historical","gfdl-esm2m","PAK_3","11","irrigation_sw_diversion",8.04876819339935
"historical","gfdl-esm2m","PAK_3","12","irrigation_sw_diversion",5.66321558157837
"historical","gfdl-esm2m","PAK_3","2","irrigation_sw_diversion",22.4447829390552
"historical","gfdl-esm2m","PAK_3","3","irrigation_sw_diversion",29.8045377198303
"historical","gfdl-esm2m","PAK_3","4","irrigation_sw_diversion",27.8950693219548
"historical","gfdl-esm2m","PAK_3","5","irrigation_sw_diversion",23.9438580597892
"historical","gfdl-esm2m","PAK_3","6","irrigation_sw_diversion",29.2972124816512
"historical","gfdl-esm2m","PAK_3","7","irrigation_sw_diversion",35.7705305723399
"historical","gfdl-esm2m","PAK_3","8","irrigation_sw_diversion",37.3615434685281
"historical","gfdl-esm2m","PAK_3","9","irrigation_sw_diversion",25.5328692366855
"historical","gfdl-esm2m","PAK_4","1","irrigation_sw_diversion",45.9944746333384
"historical","gfdl-esm2m","PAK_4","10","irrigation_sw_diversion",30.1494863808347
"historical","gfdl-esm2m","PAK_4","11","irrigation_sw_diversion",24.846882091275
"historical","gfdl-esm2m","PAK_4","12","irrigation_sw_diversion",24.0183630907642
"historical","gfdl-esm2m","PAK_4","2","irrigation_sw_diversion",63.5470329110484
"historical","gfdl-esm2m","PAK_4","3","irrigation_sw_diversion",82.55727404526
"historical","gfdl-esm2m","PAK_4","4","irrigation_sw_diversion",75.7123950449818
"historical","gfdl-esm2m","PAK_4","5","irrigation_sw_diversion",62.2880950797607
"historical","gfdl-esm2m","PAK_4","6","irrigation_sw_diversion",71.8107588837126
"historical","gfdl-esm2m","PAK_4","7","irrigation_sw_diversion",87.4535978001199
"historical","gfdl-esm2m","PAK_4","8","irrigation_sw_diversion",86.2637510509544
"historical","gfdl-esm2m","PAK_4","9","irrigation_sw_diversion",65.0207533224428
"historical","gfdl-esm2m","PAK_5","1","irrigation_sw_diversion",23.7329370252572
"historical","gfdl-esm2m","PAK_5","10","irrigation_sw_diversion",17.861382292105
"historical","gfdl-esm2m","PAK_5","11","irrigation_sw_diversion",14.6679320039738
"historical","gfdl-esm2m","PAK_5","12","irrigation_sw_diversion",11.9337523511472
"historical","gfdl-esm2m","PAK_5","2","irrigation_sw_diversion",38.562795919604
"historical","gfdl-esm2m","PAK_5","3","irrigation_sw_diversion",45.4837436587356
"historical","gfdl-esm2m","PAK_5","4","irrigation_sw_diversion",43.7787539244932
"historical","gfdl-esm2m","PAK_5","5","irrigation_sw_diversion",38.7769013997018
"historical","gfdl-esm2m","PAK_5","6","irrigation_sw_diversion",40.3812343982955
"historical","gfdl-esm2m","PAK_5","7","irrigation_sw_diversion",43.9043217286802
"historical","gfdl-esm2m","PAK_5","8","irrigation_sw_diversion",42.6238510171061
"historical","gfdl-esm2m","PAK_5","9","irrigation_sw_diversion",33.712863299543
"historical","gfdl-esm2m","PAK_6","1","irrigation_sw_diversion",17.744671997633
"historical","gfdl-esm2m","PAK_6","10","irrigation_sw_diversion",25.1873197273658
"historical","gfdl-esm2m","PAK_6","11","irrigation_sw_diversion",18.694274123241
"historical","gfdl-esm2m","PAK_6","12","irrigation_sw_diversion",12.1463064527583
"historical","gfdl-esm2m","PAK_6","2","irrigation_sw_diversion",30.9108306197847
"historical","gfdl-esm2m","PAK_6","3","irrigation_sw_diversion",36.6119562377604
"historical","gfdl-esm2m","PAK_6","4","irrigation_sw_diversion",45.5456843764723
"historical","gfdl-esm2m","PAK_6","5","irrigation_sw_diversion",48.4013663967066
"historical","gfdl-esm2m","PAK_6","6","irrigation_sw_diversion",56.7116924604471
"historical","gfdl-esm2m","PAK_6","7","irrigation_sw_diversion",59.3041813265676
"historical","gfdl-esm2m","PAK_6","8","irrigation_sw_diversion",54.0948911883117
"historical","gfdl-esm2m","PAK_6","9","irrigation_sw_diversion",41.5854653474038
"historical","gfdl-esm2m","PAK_7","1","irrigation_sw_diversion",0.468995237076834
"historical","gfdl-esm2m","PAK_7","10","irrigation_sw_diversion",1.57250481201086
"historical","gfdl-esm2m","PAK_7","11","irrigation_sw_diversion",0.751725274491927
"historical","gfdl-esm2m","PAK_7","12","irrigation_sw_diversion",0.306240533246883
"historical","gfdl-esm2m","PAK_7","2","irrigation_sw_diversion",0.6325827722974
"historical","gfdl-esm2m","PAK_7","3","irrigation_sw_diversion",1.18753113743548
"historical","gfdl-esm2m","PAK_7","4","irrigation_sw_diversion",1.50548104400978
"historical","gfdl-esm2m","PAK_7","5","irrigation_sw_diversion",2.23210069694069
"historical","gfdl-esm2m","PAK_7","6","irrigation_sw_diversion",2.77401664539038
"historical","gfdl-esm2m","PAK_7","7","irrigation_sw_diversion",2.94777574322707
"historical","gfdl-esm2m","PAK_7","8","irrigation_sw_diversion",3.01575989294227
"historical","gfdl-esm2m","PAK_7","9","irrigation_sw_diversion",2.61491889172041
"historical","gfdl-esm2m","PAK_8","1","irrigation_sw_diversion",0.0468068950600605
"historical","gfdl-esm2m","PAK_8","10","irrigation_sw_diversion",0.227522968149373
"historical","gfdl-esm2m","PAK_8","11","irrigation_sw_diversion",0.108416269437409
"historical","gfdl-esm2m","PAK_8","12","irrigation_sw_diversion",0.0445056458661624
"historical","gfdl-esm2m","PAK_8","2","irrigation_sw_diversion",0.0558551455731624
"historical","gfdl-esm2m","PAK_8","3","irrigation_sw_diversion",0.130973708549723
"historical","gfdl-esm2m","PAK_8","4","irrigation_sw_diversion",0.260753060951449
"historical","gfdl-esm2m","PAK_8","5","irrigation_sw_diversion",0.387382117006883
"historical","gfdl-esm2m","PAK_8","6","irrigation_sw_diversion",0.522030303394473
"historical","gfdl-esm2m","PAK_8","7","irrigation_sw_diversion",0.457405350041722
"historical","gfdl-esm2m","PAK_8","8","irrigation_sw_diversion",0.449309856736816
"historical","gfdl-esm2m","PAK_8","9","irrigation_sw_diversion",0.384335283141643
"historical","gfdl-esm2m","PAK_9","1","irrigation_sw_diversion",7.745094829591
"historical","gfdl-esm2m","PAK_9","10","irrigation_sw_diversion",13.2847137843727
"historical","gfdl-esm2m","PAK_9","11","irrigation_sw_diversion",6.53731404252193
"historical","gfdl-esm2m","PAK_9","12","irrigation_sw_diversion",3.55422297944663
"historical","gfdl-esm2m","PAK_9","2","irrigation_sw_diversion",14.0368215234979
"historical","gfdl-esm2m","PAK_9","3","irrigation_sw_diversion",21.0766299591812
"historical","gfdl-esm2m","PAK_9","4","irrigation_sw_diversion",20.969179160166
"historical","gfdl-esm2m","PAK_9","5","irrigation_sw_diversion",21.7904926707282
"historical","gfdl-esm2m","PAK_9","6","irrigation_sw_diversion",35.7415873096652
"historical","gfdl-esm2m","PAK_9","7","irrigation_sw_diversion",38.2277645960078
"historical","gfdl-esm2m","PAK_9","8","irrigation_sw_diversion",39.2366730639338
"historical","gfdl-esm2m","PAK_9","9","irrigation_sw_diversion",28.7256611174102
"historical","hadgem2-es","AFG_1","1","irrigation_sw_diversion",1.35037666231288
"historical","hadgem2-es","AFG_1","10","irrigation_sw_diversion",0.929427460704947
"historical","hadgem2-es","AFG_1","11","irrigation_sw_diversion",0.807115482521411
"historical","hadgem2-es","AFG_1","12","irrigation_sw_diversion",0.741474283009744
"historical","hadgem2-es","AFG_1","2","irrigation_sw_diversion",1.91792708727306
"historical","hadgem2-es","AFG_1","3","irrigation_sw_diversion",3.05113183144389
"historical","hadgem2-es","AFG_1","4","irrigation_sw_diversion",3.10276740233482
"historical","hadgem2-es","AFG_1","5","irrigation_sw_diversion",2.58451572438411
"historical","hadgem2-es","AFG_1","6","irrigation_sw_diversion",1.97217682208038
"historical","hadgem2-es","AFG_1","7","irrigation_sw_diversion",2.45144016413161
"historical","hadgem2-es","AFG_1","8","irrigation_sw_diversion",2.55912454351237
"historical","hadgem2-es","AFG_1","9","irrigation_sw_diversion",1.89781130245918
"historical","hadgem2-es","AFG_2","1","irrigation_sw_diversion",2.78676794532964
"historical","hadgem2-es","AFG_2","10","irrigation_sw_diversion",4.06278243074181
"historical","hadgem2-es","AFG_2","11","irrigation_sw_diversion",2.44775666296555
"historical","hadgem2-es","AFG_2","12","irrigation_sw_diversion",1.85070367453416
"historical","hadgem2-es","AFG_2","2","irrigation_sw_diversion",3.3155551497402
"historical","hadgem2-es","AFG_2","3","irrigation_sw_diversion",7.65019173968392
"historical","hadgem2-es","AFG_2","4","irrigation_sw_diversion",9.65924696342561
"historical","hadgem2-es","AFG_2","5","irrigation_sw_diversion",10.1878912302928
"historical","hadgem2-es","AFG_2","6","irrigation_sw_diversion",10.7820038180675
"historical","hadgem2-es","AFG_2","7","irrigation_sw_diversion",14.1241944051708
"historical","hadgem2-es","AFG_2","8","irrigation_sw_diversion",14.272825424598
"historical","hadgem2-es","AFG_2","9","irrigation_sw_diversion",9.83830711453033
"historical","hadgem2-es","CHN_1","11","irrigation_sw_diversion",0
"historical","hadgem2-es","CHN_1","12","irrigation_sw_diversion",0
"historical","hadgem2-es","CHN_1","3","irrigation_sw_diversion",0
"historical","hadgem2-es","CHN_1","4","irrigation_sw_diversion",0
"historical","hadgem2-es","CHN_1","5","irrigation_sw_diversion",0
"historical","hadgem2-es","IND_1","1","irrigation_sw_diversion",0
"historical","hadgem2-es","IND_1","10","irrigation_sw_diversion",0
"historical","hadgem2-es","IND_1","11","irrigation_sw_diversion",0
"historical","hadgem2-es","IND_1","12","irrigation_sw_diversion",0
"historical","hadgem2-es","IND_1","2","irrigation_sw_diversion",0
"historical","hadgem2-es","IND_1","3","irrigation_sw_diversion",0
"historical","hadgem2-es","IND_1","4","irrigation_sw_diversion",0
"historical","hadgem2-es","IND_1","5","irrigation_sw_diversion",0
"historical","hadgem2-es","IND_1","6","irrigation_sw_diversion",0
"historical","hadgem2-es","IND_1","7","irrigation_sw_diversion",0
"historical","hadgem2-es","IND_1","8","irrigation_sw_diversion",0
"historical","hadgem2-es","IND_1","9","irrigation_sw_diversion",0
"historical","hadgem2-es","IND_2","1","irrigation_sw_diversion",0.0251707792184659
"historical","hadgem2-es","IND_2","10","irrigation_sw_diversion",0.0965619225072269
"historical","hadgem2-es","IND_2","11","irrigation_sw_diversion",0.0514322751708128
"historical","hadgem2-es","IND_2","12","irrigation_sw_diversion",0.0309155785868158
"historical","hadgem2-es","IND_2","2","irrigation_sw_diversion",0.0471473765146539
"historical","hadgem2-es","IND_2","3","irrigation_sw_diversion",0.14048954336835
"historical","hadgem2-es","IND_2","4","irrigation_sw_diversion",0.173542886592796
"historical","hadgem2-es","IND_2","5","irrigation_sw_diversion",0.136559483857926
"historical","hadgem2-es","IND_2","6","irrigation_sw_diversion",0.0609525261505387
"historical","hadgem2-es","IND_2","7","irrigation_sw_diversion",0.0184067778172589
"historical","hadgem2-es","IND_2","8","irrigation_sw_diversion",0.0435811593584041
"historical","hadgem2-es","IND_2","9","irrigation_sw_diversion",0.152964867763807
"historical","hadgem2-es","IND_3","1","irrigation_sw_diversion",1.79955875269629
"historical","hadgem2-es","IND_3","10","irrigation_sw_diversion",2.56074638315984
"historical","hadgem2-es","IND_3","11","irrigation_sw_diversion",1.75540338975065
"historical","hadgem2-es","IND_3","12","irrigation_sw_diversion",1.37203120336892
"historical","hadgem2-es","IND_3","2","irrigation_sw_diversion",3.67098511832889
"historical","hadgem2-es","IND_3","3","irrigation_sw_diversion",7.12464280135027
"historical","hadgem2-es","IND_3","4","irrigation_sw_diversion",7.21871345599078
"historical","hadgem2-es","IND_3","5","irrigation_sw_diversion",5.66203992655925
"historical","hadgem2-es","IND_3","6","irrigation_sw_diversion",6.91171657580797
"historical","hadgem2-es","IND_3","7","irrigation_sw_diversion",6.51183055584177
"historical","hadgem2-es","IND_3","8","irrigation_sw_diversion",5.93308352064009
"historical","hadgem2-es","IND_3","9","irrigation_sw_diversion",5.78992707244257
"historical","hadgem2-es","IND_4","1","irrigation_sw_diversion",49.8868395921797
"historical","hadgem2-es","IND_4","10","irrigation_sw_diversion",36.8934582279851
"historical","hadgem2-es","IND_4","11","irrigation_sw_diversion",31.504904575973
"historical","hadgem2-es","IND_4","12","irrigation_sw_diversion",27.4023283154161
"historical","hadgem2-es","IND_4","2","irrigation_sw_diversion",90.5023411444033
"historical","hadgem2-es","IND_4","3","irrigation_sw_diversion",151.758514099422
"historical","hadgem2-es","IND_4","4","irrigation_sw_diversion",147.020788228163
"historical","hadgem2-es","IND_4","5","irrigation_sw_diversion",112.872192272594
"historical","hadgem2-es","IND_4","6","irrigation_sw_diversion",87.4343505113825
"historical","hadgem2-es","IND_4","7","irrigation_sw_diversion",78.1366691378861
"historical","hadgem2-es","IND_4","8","irrigation_sw_diversion",74.1230627810001
"historical","hadgem2-es","IND_4","9","irrigation_sw_diversion",66.5192646845626
"historical","hadgem2-es","IND_5","1","irrigation_sw_diversion",0
"historical","hadgem2-es","IND_5","10","irrigation_sw_diversion",0
"historical","hadgem2-es","IND_5","11","irrigation_sw_diversion",0
"historical","hadgem2-es","IND_5","12","irrigation_sw_diversion",0
"historical","hadgem2-es","IND_5","2","irrigation_sw_diversion",0
"historical","hadgem2-es","IND_5","3","irrigation_sw_diversion",0
"historical","hadgem2-es","IND_5","4","irrigation_sw_diversion",0
"historical","hadgem2-es","IND_5","5","irrigation_sw_diversion",0
"historical","hadgem2-es","IND_5","6","irrigation_sw_diversion",0
"historical","hadgem2-es","IND_5","7","irrigation_sw_diversion",0
"historical","hadgem2-es","IND_5","8","irrigation_sw_diversion",0
"historical","hadgem2-es","IND_5","9","irrigation_sw_diversion",0
"historical","hadgem2-es","IND_6","1","irrigation_sw_diversion",0
"historical","hadgem2-es","IND_6","10","irrigation_sw_diversion",0
"historical","hadgem2-es","IND_6","11","irrigation_sw_diversion",0
"historical","hadgem2-es","IND_6","12","irrigation_sw_diversion",0
"historical","hadgem2-es","IND_6","2","irrigation_sw_diversion",0
"historical","hadgem2-es","IND_6","3","irrigation_sw_diversion",0
"historical","hadgem2-es","IND_6","4","irrigation_sw_diversion",0
"historical","hadgem2-es","IND_6","5","irrigation_sw_diversion",0
"historical","hadgem2-es","IND_6","6","irrigation_sw_diversion",0
"historical","hadgem2-es","IND_6","7","irrigation_sw_diversion",0
"historical","hadgem2-es","IND_6","8","irrigation_sw_diversion",0
"historical","hadgem2-es","IND_6","9","irrigation_sw_diversion",0
"historical","hadgem2-es","PAK_1","1","irrigation_sw_diversion",3.61411236474801
"historical","hadgem2-es","PAK_1","10","irrigation_sw_diversion",3.2011248818145
"historical","hadgem2-es","PAK_1","11","irrigation_sw_diversion",2.33481689515349
"historical","hadgem2-es","PAK_1","12","irrigation_sw_diversion",1.7582648380684
"historical","hadgem2-es","PAK_1","2","irrigation_sw_diversion",5.54134744064916
"historical","hadgem2-es","PAK_1","3","irrigation_sw_diversion",10.3980637289572
"historical","hadgem2-es","PAK_1","4","irrigation_sw_diversion",10.9284225428999
"historical","hadgem2-es","PAK_1","5","irrigation_sw_diversion",10.3400915616766
"historical","hadgem2-es","PAK_1","6","irrigation_sw_diversion",9.85083126664899
"historical","hadgem2-es","PAK_1","7","irrigation_sw_diversion",10.910978912238
"historical","hadgem2-es","PAK_1","8","irrigation_sw_diversion",9.18517070609382
"historical","hadgem2-es","PAK_1","9","irrigation_sw_diversion",6.82379653066596
"historical","hadgem2-es","PAK_10","1","irrigation_sw_diversion",31.0423754247287
"historical","hadgem2-es","PAK_10","10","irrigation_sw_diversion",23.6410360677581
"historical","hadgem2-es","PAK_10","11","irrigation_sw_diversion",17.5849331375905
"historical","hadgem2-es","PAK_10","12","irrigation_sw_diversion",13.9324602403125
"historical","hadgem2-es","PAK_10","2","irrigation_sw_diversion",56.6093647785616
"historical","hadgem2-es","PAK_10","3","irrigation_sw_diversion",74.3124135056253
"historical","hadgem2-es","PAK_10","4","irrigation_sw_diversion",65.0312000634664
"historical","hadgem2-es","PAK_10","5","irrigation_sw_diversion",58.529347120546
"historical","hadgem2-es","PAK_10","6","irrigation_sw_diversion",67.1063379695894
"historical","hadgem2-es","PAK_10","7","irrigation_sw_diversion",87.2112878012271
"historical","hadgem2-es","PAK_10","8","irrigation_sw_diversion",84.1865598562127
"historical","hadgem2-es","PAK_10","9","irrigation_sw_diversion",55.7589137158955
"historical","hadgem2-es","PAK_11","1","irrigation_sw_diversion",0
"historical","hadgem2-es","PAK_11","10","irrigation_sw_diversion",0
"historical","hadgem2-es","PAK_11","11","irrigation_sw_diversion",0
"historical","hadgem2-es","PAK_11","12","irrigation_sw_diversion",0
"historical","hadgem2-es","PAK_11","2","irrigation_sw_diversion",0
"historical","hadgem2-es","PAK_11","3","irrigation_sw_diversion",0
"historical","hadgem2-es","PAK_11","4","irrigation_sw_diversion",0
"historical","hadgem2-es","PAK_11","5","irrigation_sw_diversion",0
"historical","hadgem2-es","PAK_11","6","irrigation_sw_diversion",0
"historical","hadgem2-es","PAK_11","7","irrigation_sw_diversion",0
"historical","hadgem2-es","PAK_11","8","irrigation_sw_diversion",0
"historical","hadgem2-es","PAK_11","9","irrigation_sw_diversion",0
"historical","hadgem2-es","PAK_12","1","irrigation_sw_diversion",11.4406510076336
"historical","hadgem2-es","PAK_12","10","irrigation_sw_diversion",11.2066392903984
"historical","hadgem2-es","PAK_12","11","irrigation_sw_diversion",7.843585816266
"historical","hadgem2-es","PAK_12","12","irrigation_sw_diversion",5.70422038375086
"historical","hadgem2-es","PAK_12","2","irrigation_sw_diversion",17.1649121071516
"historical","hadgem2-es","PAK_12","3","irrigation_sw_diversion",25.2057813312837
"historical","hadgem2-es","PAK_12","4","irrigation_sw_diversion",24.3726660245714
"historical","hadgem2-es","PAK_12","5","irrigation_sw_diversion",24.5681506135535
"historical","hadgem2-es","PAK_12","6","irrigation_sw_diversion",27.3150469345435
"historical","hadgem2-es","PAK_12","7","irrigation_sw_diversion",32.2209930522708
"historical","hadgem2-es","PAK_12","8","irrigation_sw_diversion",29.5038501202195
"historical","hadgem2-es","PAK_12","9","irrigation_sw_diversion",21.3133318741337
"historical","hadgem2-es","PAK_2","1","irrigation_sw_diversion",5.56931146606627
"historical","hadgem2-es","PAK_2","10","irrigation_sw_diversion",5.90185308632516
"historical","hadgem2-es","PAK_2","11","irrigation_sw_diversion",3.47707780690103
"historical","hadgem2-es","PAK_2","12","irrigation_sw_diversion",2.59447873311082
"historical","hadgem2-es","PAK_2","2","irrigation_sw_diversion",9.57304257377791
"historical","hadgem2-es","PAK_2","3","irrigation_sw_diversion",15.6732391778838
"historical","hadgem2-es","PAK_2","4","irrigation_sw_diversion",15.72166301828
"historical","hadgem2-es","PAK_2","5","irrigation_sw_diversion",14.7170969248877
"historical","hadgem2-es","PAK_2","6","irrigation_sw_diversion",18.2669461035724
"historical","hadgem2-es","PAK_2","7","irrigation_sw_diversion",20.9011675665912
"historical","hadgem2-es","PAK_2","8","irrigation_sw_diversion",18.2041050169623
"historical","hadgem2-es","PAK_2","9","irrigation_sw_diversion",13.4887535908169
"historical","hadgem2-es","PAK_3","1","irrigation_sw_diversion",12.5345420477284
"historical","hadgem2-es","PAK_3","10","irrigation_sw_diversion",11.7388110462599
"historical","hadgem2-es","PAK_3","11","irrigation_sw_diversion",7.21851584096989
"historical","hadgem2-es","PAK_3","12","irrigation_sw_diversion",5.57410263158416
"historical","hadgem2-es","PAK_3","2","irrigation_sw_diversion",21.8430413546668
"historical","hadgem2-es","PAK_3","3","irrigation_sw_diversion",30.4790280865013
"historical","hadgem2-es","PAK_3","4","irrigation_sw_diversion",27.6346774382741
"historical","hadgem2-es","PAK_3","5","irrigation_sw_diversion",24.723630884992
"historical","hadgem2-es","PAK_3","6","irrigation_sw_diversion",29.970908925758
"historical","hadgem2-es","PAK_3","7","irrigation_sw_diversion",39.7375565413924
"historical","hadgem2-es","PAK_3","8","irrigation_sw_diversion",39.5722936564014
"historical","hadgem2-es","PAK_3","9","irrigation_sw_diversion",26.6276182631495
"historical","hadgem2-es","PAK_4","1","irrigation_sw_diversion",43.5788917703858
"historical","hadgem2-es","PAK_4","10","irrigation_sw_diversion",29.9972099276592
"historical","hadgem2-es","PAK_4","11","irrigation_sw_diversion",23.4525837706317
"historical","hadgem2-es","PAK_4","12","irrigation_sw_diversion",22.9402285394852
"historical","hadgem2-es","PAK_4","2","irrigation_sw_diversion",63.6502852183356
"historical","hadgem2-es","PAK_4","3","irrigation_sw_diversion",82.5635081961156
"historical","hadgem2-es","PAK_4","4","irrigation_sw_diversion",74.0651341701662
"historical","hadgem2-es","PAK_4","5","irrigation_sw_diversion",61.0376453996245
"historical","hadgem2-es","PAK_4","6","irrigation_sw_diversion",73.9631884442487
"historical","hadgem2-es","PAK_4","7","irrigation_sw_diversion",92.5215723361222
"historical","hadgem2-es","PAK_4","8","irrigation_sw_diversion",89.3734228530135
"historical","hadgem2-es","PAK_4","9","irrigation_sw_diversion",62.4164959644781
"historical","hadgem2-es","PAK_5","1","irrigation_sw_diversion",22.3423712650587
"historical","hadgem2-es","PAK_5","10","irrigation_sw_diversion",17.5545840714856
"historical","hadgem2-es","PAK_5","11","irrigation_sw_diversion",13.8833136985813
"historical","hadgem2-es","PAK_5","12","irrigation_sw_diversion",11.581588893407
"historical","hadgem2-es","PAK_5","2","irrigation_sw_diversion",36.9045105972402
"historical","hadgem2-es","PAK_5","3","irrigation_sw_diversion",44.6907413710919
"historical","hadgem2-es","PAK_5","4","irrigation_sw_diversion",43.2357858403264
"historical","hadgem2-es","PAK_5","5","irrigation_sw_diversion",39.3650965059184
"historical","hadgem2-es","PAK_5","6","irrigation_sw_diversion",41.8544050905403
"historical","hadgem2-es","PAK_5","7","irrigation_sw_diversion",45.8301162579594
"historical","hadgem2-es","PAK_5","8","irrigation_sw_diversion",44.2250563058046
"historical","hadgem2-es","PAK_5","9","irrigation_sw_diversion",33.7999245931378
"historical","hadgem2-es","PAK_6","1","irrigation_sw_diversion",30.9704332316955
"historical","hadgem2-es","PAK_6","10","irrigation_sw_diversion",16.6945626086884
"historical","hadgem2-es","PAK_6","11","irrigation_sw_diversion",16.952828215725
"historical","hadgem2-es","PAK_6","12","irrigation_sw_diversion",15.9796180150737
"historical","hadgem2-es","PAK_6","2","irrigation_sw_diversion",47.5853460935282
"historical","hadgem2-es","PAK_6","3","irrigation_sw_diversion",60.5747183148222
"historical","hadgem2-es","PAK_6","4","irrigation_sw_diversion",54.8460547607826
"historical","hadgem2-es","PAK_6","5","irrigation_sw_diversion",45.56886744375
"historical","hadgem2-es","PAK_6","6","irrigation_sw_diversion",41.0367270200553
"historical","hadgem2-es","PAK_6","7","irrigation_sw_diversion",44.9120290904352
"historical","hadgem2-es","PAK_6","8","irrigation_sw_diversion",41.832959460171
"historical","hadgem2-es","PAK_6","9","irrigation_sw_diversion",30.9947138700573
"historical","hadgem2-es","PAK_7","1","irrigation_sw_diversion",0.587460289221077
"historical","hadgem2-es","PAK_7","10","irrigation_sw_diversion",1.48783154186292
"historical","hadgem2-es","PAK_7","11","irrigation_sw_diversion",0.7501892733512
"historical","hadgem2-es","PAK_7","12","irrigation_sw_diversion",0.348555801435405
"historical","hadgem2-es","PAK_7","2","irrigation_sw_diversion",0.567886133826631
"historical","hadgem2-es","PAK_7","3","irrigation_sw_diversion",1.28338552207462
"historical","hadgem2-es","PAK_7","4","irrigation_sw_diversion",1.75907170307927
"historical","hadgem2-es","PAK_7","5","irrigation_sw_diversion",2.40527022414033
"historical","hadgem2-es","PAK_7","6","irrigation_sw_diversion",2.84093941754984
"historical","hadgem2-es","PAK_7","7","irrigation_sw_diversion",3.19596502704325
"historical","hadgem2-es","PAK_7","8","irrigation_sw_diversion",3.23543826200093
"historical","hadgem2-es","PAK_7","9","irrigation_sw_diversion",2.71225527455728
"historical","hadgem2-es","PAK_8","1","irrigation_sw_diversion",0.0508300959103029
"historical","hadgem2-es","PAK_8","10","irrigation_sw_diversion",0.223223578044473
"historical","hadgem2-es","PAK_8","11","irrigation_sw_diversion",0.114193331955867
"historical","hadgem2-es","PAK_8","12","irrigation_sw_diversion",0.0506177798555496
"historical","hadgem2-es","PAK_8","2","irrigation_sw_diversion",0.0409713327030221
"historical","hadgem2-es","PAK_8","3","irrigation_sw_diversion",0.12822859453348
"historical","hadgem2-es","PAK_8","4","irrigation_sw_diversion",0.287704564884357
"historical","hadgem2-es","PAK_8","5","irrigation_sw_diversion",0.413854188099161
"historical","hadgem2-es","PAK_8","6","irrigation_sw_diversion",0.538074338371828
"historical","hadgem2-es","PAK_8","7","irrigation_sw_diversion",0.487566938930739
"historical","hadgem2-es","PAK_8","8","irrigation_sw_diversion",0.451806213915652
"historical","hadgem2-es","PAK_8","9","irrigation_sw_diversion",0.402985589805597
"historical","hadgem2-es","PAK_9","1","irrigation_sw_diversion",7.49757783295445
"historical","hadgem2-es","PAK_9","10","irrigation_sw_diversion",12.6998646606412
"historical","hadgem2-es","PAK_9","11","irrigation_sw_diversion",6.05289713987408
"historical","hadgem2-es","PAK_9","12","irrigation_sw_diversion",3.46195115155103
"historical","hadgem2-es","PAK_9","2","irrigation_sw_diversion",13.446697464081
"historical","hadgem2-es","PAK_9","3","irrigation_sw_diversion",21.2059547754542
"historical","hadgem2-es","PAK_9","4","irrigation_sw_diversion",20.6679449861768
"historical","hadgem2-es","PAK_9","5","irrigation_sw_diversion",21.9018526253176
"historical","hadgem2-es","PAK_9","6","irrigation_sw_diversion",36.7744335702132
"historical","hadgem2-es","PAK_9","7","irrigation_sw_diversion",45.3990840499566
"historical","hadgem2-es","PAK_9","8","irrigation_sw_diversion",41.9463244652491
"historical","hadgem2-es","PAK_9","9","irrigation_sw_diversion",30.0333854691494
"historical","ipsl-cm5a-lr","AFG_1","1","irrigation_sw_diversion",1.26534169462283
"historical","ipsl-cm5a-lr","AFG_1","10","irrigation_sw_diversion",0.896620326698981
"historical","ipsl-cm5a-lr","AFG_1","11","irrigation_sw_diversion",0.704387875758884
"historical","ipsl-cm5a-lr","AFG_1","12","irrigation_sw_diversion",0.679980700947233
"historical","ipsl-cm5a-lr","AFG_1","2","irrigation_sw_diversion",1.7463691903674
"historical","ipsl-cm5a-lr","AFG_1","3","irrigation_sw_diversion",3.01411159290719
"historical","ipsl-cm5a-lr","AFG_1","4","irrigation_sw_diversion",3.0187165890513
"historical","ipsl-cm5a-lr","AFG_1","5","irrigation_sw_diversion",2.45166595529213
"historical","ipsl-cm5a-lr","AFG_1","6","irrigation_sw_diversion",1.97342312865329
"historical","ipsl-cm5a-lr","AFG_1","7","irrigation_sw_diversion",2.45404781336087
"historical","ipsl-cm5a-lr","AFG_1","8","irrigation_sw_diversion",2.56267821276604
"historical","ipsl-cm5a-lr","AFG_1","9","irrigation_sw_diversion",1.84158894272418
"historical","ipsl-cm5a-lr","AFG_2","1","irrigation_sw_diversion",2.86595133248296
"historical","ipsl-cm5a-lr","AFG_2","10","irrigation_sw_diversion",3.83147716833731
"historical","ipsl-cm5a-lr","AFG_2","11","irrigation_sw_diversion",2.1071104339282
"historical","ipsl-cm5a-lr","AFG_2","12","irrigation_sw_diversion",1.99848036024512
"historical","ipsl-cm5a-lr","AFG_2","2","irrigation_sw_diversion",3.66681354957246
"historical","ipsl-cm5a-lr","AFG_2","3","irrigation_sw_diversion",8.50533712426233
"historical","ipsl-cm5a-lr","AFG_2","4","irrigation_sw_diversion",9.5871433339031
"historical","ipsl-cm5a-lr","AFG_2","5","irrigation_sw_diversion",11.0597169654915
"historical","ipsl-cm5a-lr","AFG_2","6","irrigation_sw_diversion",10.5384706057556
"historical","ipsl-cm5a-lr","AFG_2","7","irrigation_sw_diversion",13.847633849414
"historical","ipsl-cm5a-lr","AFG_2","8","irrigation_sw_diversion",13.7584747394902
"historical","ipsl-cm5a-lr","AFG_2","9","irrigation_sw_diversion",9.20397716654054
"historical","ipsl-cm5a-lr","CHN_1","11","irrigation_sw_diversion",0
"historical","ipsl-cm5a-lr","CHN_1","12","irrigation_sw_diversion",0
"historical","ipsl-cm5a-lr","CHN_1","3","irrigation_sw_diversion",0
"historical","ipsl-cm5a-lr","CHN_1","4","irrigation_sw_diversion",0
"historical","ipsl-cm5a-lr","CHN_1","5","irrigation_sw_diversion",0
"historical","ipsl-cm5a-lr","IND_1","1","irrigation_sw_diversion",0
"historical","ipsl-cm5a-lr","IND_1","10","irrigation_sw_diversion",0
"historical","ipsl-cm5a-lr","IND_1","11","irrigation_sw_diversion",0
"historical","ipsl-cm5a-lr","IND_1","12","irrigation_sw_diversion",0
"historical","ipsl-cm5a-lr","IND_1","2","irrigation_sw_diversion",0
"historical","ipsl-cm5a-lr","IND_1","3","irrigation_sw_diversion",0
"historical","ipsl-cm5a-lr","IND_1","4","irrigation_sw_diversion",0
"historical","ipsl-cm5a-lr","IND_1","5","irrigation_sw_diversion",0
"historical","ipsl-cm5a-lr","IND_1","6","irrigation_sw_diversion",0
"historical","ipsl-cm5a-lr","IND_1","7","irrigation_sw_diversion",0
"historical","ipsl-cm5a-lr","IND_1","8","irrigation_sw_diversion",0
"historical","ipsl-cm5a-lr","IND_1","9","irrigation_sw_diversion",0
"historical","ipsl-cm5a-lr","IND_2","1","irrigation_sw_diversion",0.0287497685929718
"historical","ipsl-cm5a-lr","IND_2","10","irrigation_sw_diversion",0.0895096127478194
"historical","ipsl-cm5a-lr","IND_2","11","irrigation_sw_diversion",0.0461106937147795
"historical","ipsl-cm5a-lr","IND_2","12","irrigation_sw_diversion",0.0241687583331571
"historical","ipsl-cm5a-lr","IND_2","2","irrigation_sw_diversion",0.0504939715804391
"historical","ipsl-cm5a-lr","IND_2","3","irrigation_sw_diversion",0.135647884142972
"historical","ipsl-cm5a-lr","IND_2","4","irrigation_sw_diversion",0.164757680140384
"historical","ipsl-cm5a-lr","IND_2","5","irrigation_sw_diversion",0.127760520134512
"historical","ipsl-cm5a-lr","IND_2","6","irrigation_sw_diversion",0.0619130234826224
"historical","ipsl-cm5a-lr","IND_2","7","irrigation_sw_diversion",0.0570940370950111
"historical","ipsl-cm5a-lr","IND_2","8","irrigation_sw_diversion",0.080272293281464
"historical","ipsl-cm5a-lr","IND_2","9","irrigation_sw_diversion",0.141722715645724
"historical","ipsl-cm5a-lr","IND_3","1","irrigation_sw_diversion",1.66816453562174
"historical","ipsl-cm5a-lr","IND_3","10","irrigation_sw_diversion",2.57340923317065
"historical","ipsl-cm5a-lr","IND_3","11","irrigation_sw_diversion",1.56455289417619
"historical","ipsl-cm5a-lr","IND_3","12","irrigation_sw_diversion",1.09970531857634
"historical","ipsl-cm5a-lr","IND_3","2","irrigation_sw_diversion",3.34889680058928
"historical","ipsl-cm5a-lr","IND_3","3","irrigation_sw_diversion",5.77161866938721
"historical","ipsl-cm5a-lr","IND_3","4","irrigation_sw_diversion",5.95775744932074
"historical","ipsl-cm5a-lr","IND_3","5","irrigation_sw_diversion",4.84027830439316
"historical","ipsl-cm5a-lr","IND_3","6","irrigation_sw_diversion",7.53128486831679
"historical","ipsl-cm5a-lr","IND_3","7","irrigation_sw_diversion",8.98335114033942
"historical","ipsl-cm5a-lr","IND_3","8","irrigation_sw_diversion",7.44754708635696
"historical","ipsl-cm5a-lr","IND_3","9","irrigation_sw_diversion",5.45530186303187
"historical","ipsl-cm5a-lr","IND_4","1","irrigation_sw_diversion",50.5454691415821
"historical","ipsl-cm5a-lr","IND_4","10","irrigation_sw_diversion",35.117715938343
"historical","ipsl-cm5a-lr","IND_4","11","irrigation_sw_diversion",32.8118935221244
"historical","ipsl-cm5a-lr","IND_4","12","irrigation_sw_diversion",27.4476001409031
"historical","ipsl-cm5a-lr","IND_4","2","irrigation_sw_diversion",89.5644102204581
"historical","ipsl-cm5a-lr","IND_4","3","irrigation_sw_diversion",150.546500226129
"historical","ipsl-cm5a-lr","IND_4","4","irrigation_sw_diversion",148.470471145672
"historical","ipsl-cm5a-lr","IND_4","5","irrigation_sw_diversion",110.432739391808
"historical","ipsl-cm5a-lr","IND_4","6","irrigation_sw_diversion",86.0739282382074
"historical","ipsl-cm5a-lr","IND_4","7","irrigation_sw_diversion",92.079748730087
"historical","ipsl-cm5a-lr","IND_4","8","irrigation_sw_diversion",73.4754130084404
"historical","ipsl-cm5a-lr","IND_4","9","irrigation_sw_diversion",57.140557733922
"historical","ipsl-cm5a-lr","IND_5","1","irrigation_sw_diversion",0
"historical","ipsl-cm5a-lr","IND_5","10","irrigation_sw_diversion",0
"historical","ipsl-cm5a-lr","IND_5","11","irrigation_sw_diversion",0
"historical","ipsl-cm5a-lr","IND_5","12","irrigation_sw_diversion",0
"historical","ipsl-cm5a-lr","IND_5","2","irrigation_sw_diversion",0
"historical","ipsl-cm5a-lr","IND_5","3","irrigation_sw_diversion",0
"historical","ipsl-cm5a-lr","IND_5","4","irrigation_sw_diversion",0
"historical","ipsl-cm5a-lr","IND_5","5","irrigation_sw_diversion",0
"historical","ipsl-cm5a-lr","IND_5","6","irrigation_sw_diversion",0
"historical","ipsl-cm5a-lr","IND_5","7","irrigation_sw_diversion",0
"historical","ipsl-cm5a-lr","IND_5","8","irrigation_sw_diversion",0
"historical","ipsl-cm5a-lr","IND_5","9","irrigation_sw_diversion",0
"historical","ipsl-cm5a-lr","IND_6","1","irrigation_sw_diversion",0
"historical","ipsl-cm5a-lr","IND_6","10","irrigation_sw_diversion",0
"historical","ipsl-cm5a-lr","IND_6","11","irrigation_sw_diversion",0
"historical","ipsl-cm5a-lr","IND_6","12","irrigation_sw_diversion",0
"historical","ipsl-cm5a-lr","IND_6","2","irrigation_sw_diversion",0
"historical","ipsl-cm5a-lr","IND_6","3","irrigation_sw_diversion",0
"historical","ipsl-cm5a-lr","IND_6","4","irrigation_sw_diversion",0
"historical","ipsl-cm5a-lr","IND_6","5","irrigation_sw_diversion",0
"historical","ipsl-cm5a-lr","IND_6","6","irrigation_sw_diversion",0
"historical","ipsl-cm5a-lr","IND_6","7","irrigation_sw_diversion",0
"historical","ipsl-cm5a-lr","IND_6","8","irrigation_sw_diversion",0
"historical","ipsl-cm5a-lr","IND_6","9","irrigation_sw_diversion",0
"historical","ipsl-cm5a-lr","PAK_1","1","irrigation_sw_diversion",3.3728643471269
"historical","ipsl-cm5a-lr","PAK_1","10","irrigation_sw_diversion",3.06263655619997
"historical","ipsl-cm5a-lr","PAK_1","11","irrigation_sw_diversion",2.30207683965805
"historical","ipsl-cm5a-lr","PAK_1","12","irrigation_sw_diversion",1.71444448560867
"historical","ipsl-cm5a-lr","PAK_1","2","irrigation_sw_diversion",5.76022516134353
"historical","ipsl-cm5a-lr","PAK_1","3","irrigation_sw_diversion",10.3087195778453
"historical","ipsl-cm5a-lr","PAK_1","4","irrigation_sw_diversion",10.702688714918
"historical","ipsl-cm5a-lr","PAK_1","5","irrigation_sw_diversion",10.0565249632429
"historical","ipsl-cm5a-lr","PAK_1","6","irrigation_sw_diversion",10.1817783267981
"historical","ipsl-cm5a-lr","PAK_1","7","irrigation_sw_diversion",12.1037598446535
"historical","ipsl-cm5a-lr","PAK_1","8","irrigation_sw_diversion",9.96090765163016
"historical","ipsl-cm5a-lr","PAK_1","9","irrigation_sw_diversion",6.38190198776774
"historical","ipsl-cm5a-lr","PAK_10","1","irrigation_sw_diversion",32.4746068960832
"historical","ipsl-cm5a-lr","PAK_10","10","irrigation_sw_diversion",26.5162981805423
"historical","ipsl-cm5a-lr","PAK_10","11","irrigation_sw_diversion",19.9164122147574
"historical","ipsl-cm5a-lr","PAK_10","12","irrigation_sw_diversion",15.7519244745779
"historical","ipsl-cm5a-lr","PAK_10","2","irrigation_sw_diversion",59.5883845521876
"historical","ipsl-cm5a-lr","PAK_10","3","irrigation_sw_diversion",76.9549290575933
"historical","ipsl-cm5a-lr","PAK_10","4","irrigation_sw_diversion",67.8376918880091
"historical","ipsl-cm5a-lr","PAK_10","5","irrigation_sw_diversion",57.5029460265983
"historical","ipsl-cm5a-lr","PAK_10","6","irrigation_sw_diversion",65.8026389586715
"historical","ipsl-cm5a-lr","PAK_10","7","irrigation_sw_diversion",82.3097701999978
"historical","ipsl-cm5a-lr","PAK_10","8","irrigation_sw_diversion",76.3005762993775
"historical","ipsl-cm5a-lr","PAK_10","9","irrigation_sw_diversion",54.356799880748
"historical","ipsl-cm5a-lr","PAK_11","1","irrigation_sw_diversion",0
"historical","ipsl-cm5a-lr","PAK_11","10","irrigation_sw_diversion",0
"historical","ipsl-cm5a-lr","PAK_11","11","irrigation_sw_diversion",0
"historical","ipsl-cm5a-lr","PAK_11","12","irrigation_sw_diversion",0
"historical","ipsl-cm5a-lr","PAK_11","2","irrigation_sw_diversion",0
"historical","ipsl-cm5a-lr","PAK_11","3","irrigation_sw_diversion",0
"historical","ipsl-cm5a-lr","PAK_11","4","irrigation_sw_diversion",0
"historical","ipsl-cm5a-lr","PAK_11","5","irrigation_sw_diversion",0
"historical","ipsl-cm5a-lr","PAK_11","6","irrigation_sw_diversion",0
"historical","ipsl-cm5a-lr","PAK_11","7","irrigation_sw_diversion",0
"historical","ipsl-cm5a-lr","PAK_11","8","irrigation_sw_diversion",0
"historical","ipsl-cm5a-lr","PAK_11","9","irrigation_sw_diversion",0
"historical","ipsl-cm5a-lr","PAK_12","1","irrigation_sw_diversion",11.0751792913042
"historical","ipsl-cm5a-lr","PAK_12","10","irrigation_sw_diversion",11.2274756918091
"historical","ipsl-cm5a-lr","PAK_12","11","irrigation_sw_diversion",7.62841421495891
"historical","ipsl-cm5a-lr","PAK_12","12","irrigation_sw_diversion",5.50117116790548
"historical","ipsl-cm5a-lr","PAK_12","2","irrigation_sw_diversion",17.0440221896329
"historical","ipsl-cm5a-lr","PAK_12","3","irrigation_sw_diversion",25.0472947966941
"historical","ipsl-cm5a-lr","PAK_12","4","irrigation_sw_diversion",24.3294556122959
"historical","ipsl-cm5a-lr","PAK_12","5","irrigation_sw_diversion",23.8985005228066
"historical","ipsl-cm5a-lr","PAK_12","6","irrigation_sw_diversion",27.4904812429199
"historical","ipsl-cm5a-lr","PAK_12","7","irrigation_sw_diversion",33.3984093180911
"historical","ipsl-cm5a-lr","PAK_12","8","irrigation_sw_diversion",30.1120826675351
"historical","ipsl-cm5a-lr","PAK_12","9","irrigation_sw_diversion",20.6062942750584
"historical","ipsl-cm5a-lr","PAK_2","1","irrigation_sw_diversion",5.35516361071231
"historical","ipsl-cm5a-lr","PAK_2","10","irrigation_sw_diversion",5.88851793227907
"historical","ipsl-cm5a-lr","PAK_2","11","irrigation_sw_diversion",3.58637868147841
"historical","ipsl-cm5a-lr","PAK_2","12","irrigation_sw_diversion",2.70511368322195
"historical","ipsl-cm5a-lr","PAK_2","2","irrigation_sw_diversion",9.60977075890406
"historical","ipsl-cm5a-lr","PAK_2","3","irrigation_sw_diversion",15.8210045614791
"historical","ipsl-cm5a-lr","PAK_2","4","irrigation_sw_diversion",16.1899168249635
"historical","ipsl-cm5a-lr","PAK_2","5","irrigation_sw_diversion",14.8864637229742
"historical","ipsl-cm5a-lr","PAK_2","6","irrigation_sw_diversion",19.0066949467157
"historical","ipsl-cm5a-lr","PAK_2","7","irrigation_sw_diversion",22.6543943678465
"historical","ipsl-cm5a-lr","PAK_2","8","irrigation_sw_diversion",18.6331937954478
"historical","ipsl-cm5a-lr","PAK_2","9","irrigation_sw_diversion",12.2876293248355
"historical","ipsl-cm5a-lr","PAK_3","1","irrigation_sw_diversion",12.4710654352325
"historical","ipsl-cm5a-lr","PAK_3","10","irrigation_sw_diversion",12.399193012026
"historical","ipsl-cm5a-lr","PAK_3","11","irrigation_sw_diversion",7.55925466859815
"historical","ipsl-cm5a-lr","PAK_3","12","irrigation_sw_diversion",5.8642587115728
"historical","ipsl-cm5a-lr","PAK_3","2","irrigation_sw_diversion",22.0034002908182
"historical","ipsl-cm5a-lr","PAK_3","3","irrigation_sw_diversion",30.6968881015491
"historical","ipsl-cm5a-lr","PAK_3","4","irrigation_sw_diversion",28.3399161298563
"historical","ipsl-cm5a-lr","PAK_3","5","irrigation_sw_diversion",24.5303404586226
"historical","ipsl-cm5a-lr","PAK_3","6","irrigation_sw_diversion",30.2948326446942
"historical","ipsl-cm5a-lr","PAK_3","7","irrigation_sw_diversion",39.3136399196918
"historical","ipsl-cm5a-lr","PAK_3","8","irrigation_sw_diversion",37.0979399295554
"historical","ipsl-cm5a-lr","PAK_3","9","irrigation_sw_diversion",25.4808386378287
"historical","ipsl-cm5a-lr","PAK_4","1","irrigation_sw_diversion",43.2721410326413
"historical","ipsl-cm5a-lr","PAK_4","10","irrigation_sw_diversion",31.3041341566818
"historical","ipsl-cm5a-lr","PAK_4","11","irrigation_sw_diversion",23.5264842141515
"historical","ipsl-cm5a-lr","PAK_4","12","irrigation_sw_diversion",23.450142982261
"historical","ipsl-cm5a-lr","PAK_4","2","irrigation_sw_diversion",61.2551499634604
"historical","ipsl-cm5a-lr","PAK_4","3","irrigation_sw_diversion",80.1378369643474
"historical","ipsl-cm5a-lr","PAK_4","4","irrigation_sw_diversion",75.0694555105285
"historical","ipsl-cm5a-lr","PAK_4","5","irrigation_sw_diversion",60.4965392123586
"historical","ipsl-cm5a-lr","PAK_4","6","irrigation_sw_diversion",75.0784659714207
"historical","ipsl-cm5a-lr","PAK_4","7","irrigation_sw_diversion",99.5528305278414
"historical","ipsl-cm5a-lr","PAK_4","8","irrigation_sw_diversion",86.4625387212383
"historical","ipsl-cm5a-lr","PAK_4","9","irrigation_sw_diversion",59.7059821638448
"historical","ipsl-cm5a-lr","PAK_5","1","irrigation_sw_diversion",22.9602896397524
"historical","ipsl-cm5a-lr","PAK_5","10","irrigation_sw_diversion",18.0262268320474
"historical","ipsl-cm5a-lr","PAK_5","11","irrigation_sw_diversion",14.3964345147813
"historical","ipsl-cm5a-lr","PAK_5","12","irrigation_sw_diversion",12.388023552667
"historical","ipsl-cm5a-lr","PAK_5","2","irrigation_sw_diversion",37.3940058766931
"historical","ipsl-cm5a-lr","PAK_5","3","irrigation_sw_diversion",45.6046413698075
"historical","ipsl-cm5a-lr","PAK_5","4","irrigation_sw_diversion",44.2813128278408
"historical","ipsl-cm5a-lr","PAK_5","5","irrigation_sw_diversion",38.6252482422028
"historical","ipsl-cm5a-lr","PAK_5","6","irrigation_sw_diversion",40.9185263441711
"historical","ipsl-cm5a-lr","PAK_5","7","irrigation_sw_diversion",45.8762958562157
"historical","ipsl-cm5a-lr","PAK_5","8","irrigation_sw_diversion",42.1270166286038
"historical","ipsl-cm5a-lr","PAK_5","9","irrigation_sw_diversion",32.7014995760467
"historical","ipsl-cm5a-lr","PAK_6","1","irrigation_sw_diversion",17.5526971470598
"historical","ipsl-cm5a-lr","PAK_6","10","irrigation_sw_diversion",24.987082951796
"historical","ipsl-cm5a-lr","PAK_6","11","irrigation_sw_diversion",18.4695353919397
"historical","ipsl-cm5a-lr","PAK_6","12","irrigation_sw_diversion",12.8666776808685
"historical","ipsl-cm5a-lr","PAK_6","2","irrigation_sw_diversion",30.1628686173927
"historical","ipsl-cm5a-lr","PAK_6","3","irrigation_sw_diversion",36.8817312029561
"historical","ipsl-cm5a-lr","PAK_6","4","irrigation_sw_diversion",46.5573620558563
"historical","ipsl-cm5a-lr","PAK_6","5","irrigation_sw_diversion",48.1368206150048
"historical","ipsl-cm5a-lr","PAK_6","6","irrigation_sw_diversion",57.4786172271141
"historical","ipsl-cm5a-lr","PAK_6","7","irrigation_sw_diversion",61.364905157482
"historical","ipsl-cm5a-lr","PAK_6","8","irrigation_sw_diversion",52.6541202364316
"historical","ipsl-cm5a-lr","PAK_6","9","irrigation_sw_diversion",39.744579781575
"historical","ipsl-cm5a-lr","PAK_7","1","irrigation_sw_diversion",0.493436028108316
"historical","ipsl-cm5a-lr","PAK_7","10","irrigation_sw_diversion",1.39770843683237
"historical","ipsl-cm5a-lr","PAK_7","11","irrigation_sw_diversion",0.526130961965002
"historical","ipsl-cm5a-lr","PAK_7","12","irrigation_sw_diversion",0.315312700121705
"historical","ipsl-cm5a-lr","PAK_7","2","irrigation_sw_diversion",0.633783879626372
"historical","ipsl-cm5a-lr","PAK_7","3","irrigation_sw_diversion",1.23409928820736
"historical","ipsl-cm5a-lr","PAK_7","4","irrigation_sw_diversion",1.59160125884178
"historical","ipsl-cm5a-lr","PAK_7","5","irrigation_sw_diversion",2.26197077404114
"historical","ipsl-cm5a-lr","PAK_7","6","irrigation_sw_diversion",2.78051264816099
"historical","ipsl-cm5a-lr","PAK_7","7","irrigation_sw_diversion",3.3004430658612
"historical","ipsl-cm5a-lr","PAK_7","8","irrigation_sw_diversion",3.18588406584543
"historical","ipsl-cm5a-lr","PAK_7","9","irrigation_sw_diversion",2.46962413701596
"historical","ipsl-cm5a-lr","PAK_8","1","irrigation_sw_diversion",0.044337389478622
"historical","ipsl-cm5a-lr","PAK_8","10","irrigation_sw_diversion",0.204705314581543
"historical","ipsl-cm5a-lr","PAK_8","11","irrigation_sw_diversion",0.0951469559143353
"historical","ipsl-cm5a-lr","PAK_8","12","irrigation_sw_diversion",0.0467113322381406
"historical","ipsl-cm5a-lr","PAK_8","2","irrigation_sw_diversion",0.0560025371044798
"historical","ipsl-cm5a-lr","PAK_8","3","irrigation_sw_diversion",0.134330126381645
"historical","ipsl-cm5a-lr","PAK_8","4","irrigation_sw_diversion",0.270032384162485
"historical","ipsl-cm5a-lr","PAK_8","5","irrigation_sw_diversion",0.393786526048008
"historical","ipsl-cm5a-lr","PAK_8","6","irrigation_sw_diversion",0.535187445997677
"historical","ipsl-cm5a-lr","PAK_8","7","irrigation_sw_diversion",0.585247212763317
"historical","ipsl-cm5a-lr","PAK_8","8","irrigation_sw_diversion",0.533236681354404
"historical","ipsl-cm5a-lr","PAK_8","9","irrigation_sw_diversion",0.377448675667857
"historical","ipsl-cm5a-lr","PAK_9","1","irrigation_sw_diversion",7.49645586796822
"historical","ipsl-cm5a-lr","PAK_9","10","irrigation_sw_diversion",13.2652080626029
"historical","ipsl-cm5a-lr","PAK_9","11","irrigation_sw_diversion",6.40031313254599
"historical","ipsl-cm5a-lr","PAK_9","12","irrigation_sw_diversion",3.73927965770282
"historical","ipsl-cm5a-lr","PAK_9","2","irrigation_sw_diversion",13.4802956920551
"historical","ipsl-cm5a-lr","PAK_9","3","irrigation_sw_diversion",21.5783855382563
"historical","ipsl-cm5a-lr","PAK_9","4","irrigation_sw_diversion",21.6150968129061
"historical","ipsl-cm5a-lr","PAK_9","5","irrigation_sw_diversion",22.1860063323893
"historical","ipsl-cm5a-lr","PAK_9","6","irrigation_sw_diversion",38.1440386538995
"historical","ipsl-cm5a-lr","PAK_9","7","irrigation_sw_diversion",48.385314728213
"historical","ipsl-cm5a-lr","PAK_9","8","irrigation_sw_diversion",40.4131879382613
"historical","ipsl-cm5a-lr","PAK_9","9","irrigation_sw_diversion",27.345577044209
"historical","miroc5","AFG_1","1","irrigation_sw_diversion",1.40083880579365
"historical","miroc5","AFG_1","10","irrigation_sw_diversion",0.982291158465247
"historical","miroc5","AFG_1","11","irrigation_sw_diversion",0.885926994276976
"historical","miroc5","AFG_1","12","irrigation_sw_diversion",0.787083040697537
"historical","miroc5","AFG_1","2","irrigation_sw_diversion",2.10903873620188
"historical","miroc5","AFG_1","3","irrigation_sw_diversion",3.01741220153789
"historical","miroc5","AFG_1","4","irrigation_sw_diversion",3.11801488994344
"historical","miroc5","AFG_1","5","irrigation_sw_diversion",2.62281816429036
"historical","miroc5","AFG_1","6","irrigation_sw_diversion",2.02975527815518
"historical","miroc5","AFG_1","7","irrigation_sw_diversion",2.48427609057306
"historical","miroc5","AFG_1","8","irrigation_sw_diversion",2.61735163828772
"historical","miroc5","AFG_1","9","irrigation_sw_diversion",1.92293111837973
"historical","miroc5","AFG_2","1","irrigation_sw_diversion",2.8305577304096
"historical","miroc5","AFG_2","10","irrigation_sw_diversion",4.34519672871124
"historical","miroc5","AFG_2","11","irrigation_sw_diversion",2.63528065452525
"historical","miroc5","AFG_2","12","irrigation_sw_diversion",1.94207775490242
"historical","miroc5","AFG_2","2","irrigation_sw_diversion",3.77627037230228
"historical","miroc5","AFG_2","3","irrigation_sw_diversion",7.11529834696154
"historical","miroc5","AFG_2","4","irrigation_sw_diversion",8.92082360571279
"historical","miroc5","AFG_2","5","irrigation_sw_diversion",9.83453623135001
"historical","miroc5","AFG_2","6","irrigation_sw_diversion",10.9723691937428
"historical","miroc5","AFG_2","7","irrigation_sw_diversion",14.3463608647625
"historical","miroc5","AFG_2","8","irrigation_sw_diversion",14.3961306270076
"historical","miroc5","AFG_2","9","irrigation_sw_diversion",9.89821208240458
"historical","miroc5","CHN_1","1","irrigation_sw_diversion",0
"historical","miroc5","CHN_1","11","irrigation_sw_diversion",0
"historical","miroc5","CHN_1","12","irrigation_sw_diversion",0
"historical","miroc5","CHN_1","3","irrigation_sw_diversion",0
"historical","miroc5","CHN_1","4","irrigation_sw_diversion",0
"historical","miroc5","CHN_1","5","irrigation_sw_diversion",0
"historical","miroc5","IND_1","1","irrigation_sw_diversion",0
"historical","miroc5","IND_1","10","irrigation_sw_diversion",0
"historical","miroc5","IND_1","11","irrigation_sw_diversion",0
"historical","miroc5","IND_1","12","irrigation_sw_diversion",0
"historical","miroc5","IND_1","2","irrigation_sw_diversion",0
"historical","miroc5","IND_1","3","irrigation_sw_diversion",0
"historical","miroc5","IND_1","4","irrigation_sw_diversion",0
"historical","miroc5","IND_1","5","irrigation_sw_diversion",0
"historical","miroc5","IND_1","6","irrigation_sw_diversion",0
"historical","miroc5","IND_1","7","irrigation_sw_diversion",0
"historical","miroc5","IND_1","8","irrigation_sw_diversion",0
"historical","miroc5","IND_1","9","irrigation_sw_diversion",0
"historical","miroc5","IND_2","1","irrigation_sw_diversion",0.0421088537653442
"historical","miroc5","IND_2","10","irrigation_sw_diversion",0.0997182664338102
"historical","miroc5","IND_2","11","irrigation_sw_diversion",0.0563326978988813
"historical","miroc5","IND_2","12","irrigation_sw_diversion",0.0316234776285091
"historical","miroc5","IND_2","2","irrigation_sw_diversion",0.0775564134231845
"historical","miroc5","IND_2","3","irrigation_sw_diversion",0.12731627300059
"historical","miroc5","IND_2","4","irrigation_sw_diversion",0.167146657304356
"historical","miroc5","IND_2","5","irrigation_sw_diversion",0.136372094686835
"historical","miroc5","IND_2","6","irrigation_sw_diversion",0.0569247313110939
"historical","miroc5","IND_2","7","irrigation_sw_diversion",0.0161417889779031
"historical","miroc5","IND_2","8","irrigation_sw_diversion",0.0481305845055802
"historical","miroc5","IND_2","9","irrigation_sw_diversion",0.147988863900463
"historical","miroc5","IND_3","1","irrigation_sw_diversion",2.48718723552028
"historical","miroc5","IND_3","10","irrigation_sw_diversion",2.70032928651499
"historical","miroc5","IND_3","11","irrigation_sw_diversion",1.88865955469095
"historical","miroc5","IND_3","12","irrigation_sw_diversion",1.41386411386841
"historical","miroc5","IND_3","2","irrigation_sw_diversion",4.72460003651715
"historical","miroc5","IND_3","3","irrigation_sw_diversion",6.72303962154079
"historical","miroc5","IND_3","4","irrigation_sw_diversion",6.87633623362157
"historical","miroc5","IND_3","5","irrigation_sw_diversion",5.6686674055591
"historical","miroc5","IND_3","6","irrigation_sw_diversion",7.12190068087891
"historical","miroc5","IND_3","7","irrigation_sw_diversion",5.90051060892414
"historical","miroc5","IND_3","8","irrigation_sw_diversion",5.48942166367654
"historical","miroc5","IND_3","9","irrigation_sw_diversion",5.40576708277079
"historical","miroc5","IND_4","1","irrigation_sw_diversion",61.7847329112636
"historical","miroc5","IND_4","10","irrigation_sw_diversion",36.3219037156069
"historical","miroc5","IND_4","11","irrigation_sw_diversion",34.776037593201
"historical","miroc5","IND_4","12","irrigation_sw_diversion",29.8112154087128
"historical","miroc5","IND_4","2","irrigation_sw_diversion",107.215110423861
"historical","miroc5","IND_4","3","irrigation_sw_diversion",154.638464738602
"historical","miroc5","IND_4","4","irrigation_sw_diversion",146.95017233255
"historical","miroc5","IND_4","5","irrigation_sw_diversion",114.130571781344
"historical","miroc5","IND_4","6","irrigation_sw_diversion",83.2520316283298
"historical","miroc5","IND_4","7","irrigation_sw_diversion",68.4989314263058
"historical","miroc5","IND_4","8","irrigation_sw_diversion",61.4457481562441
"historical","miroc5","IND_4","9","irrigation_sw_diversion",56.492027949857
"historical","miroc5","IND_5","1","irrigation_sw_diversion",0
"historical","miroc5","IND_5","10","irrigation_sw_diversion",0
"historical","miroc5","IND_5","11","irrigation_sw_diversion",0
"historical","miroc5","IND_5","12","irrigation_sw_diversion",0
"historical","miroc5","IND_5","2","irrigation_sw_diversion",0
"historical","miroc5","IND_5","3","irrigation_sw_diversion",0
"historical","miroc5","IND_5","4","irrigation_sw_diversion",0
"historical","miroc5","IND_5","5","irrigation_sw_diversion",0
"historical","miroc5","IND_5","6","irrigation_sw_diversion",0
"historical","miroc5","IND_5","7","irrigation_sw_diversion",0
"historical","miroc5","IND_5","8","irrigation_sw_diversion",0
"historical","miroc5","IND_5","9","irrigation_sw_diversion",0
"historical","miroc5","IND_6","1","irrigation_sw_diversion",0
"historical","miroc5","IND_6","10","irrigation_sw_diversion",0
"historical","miroc5","IND_6","11","irrigation_sw_diversion",0
"historical","miroc5","IND_6","12","irrigation_sw_diversion",0
"historical","miroc5","IND_6","2","irrigation_sw_diversion",0
"historical","miroc5","IND_6","3","irrigation_sw_diversion",0
"historical","miroc5","IND_6","4","irrigation_sw_diversion",0
"historical","miroc5","IND_6","5","irrigation_sw_diversion",0
"historical","miroc5","IND_6","6","irrigation_sw_diversion",0
"historical","miroc5","IND_6","7","irrigation_sw_diversion",0
"historical","miroc5","IND_6","8","irrigation_sw_diversion",0
"historical","miroc5","IND_6","9","irrigation_sw_diversion",0
"historical","miroc5","PAK_1","1","irrigation_sw_diversion",4.0658593214484
"historical","miroc5","PAK_1","10","irrigation_sw_diversion",3.49104295366642
"historical","miroc5","PAK_1","11","irrigation_sw_diversion",2.76201020014367
"historical","miroc5","PAK_1","12","irrigation_sw_diversion",1.93838574613115
"historical","miroc5","PAK_1","2","irrigation_sw_diversion",6.92823370981703
"historical","miroc5","PAK_1","3","irrigation_sw_diversion",10.4136330429628
"historical","miroc5","PAK_1","4","irrigation_sw_diversion",11.01241467558
"historical","miroc5","PAK_1","5","irrigation_sw_diversion",10.812087821529
"historical","miroc5","PAK_1","6","irrigation_sw_diversion",10.3283490898044
"historical","miroc5","PAK_1","7","irrigation_sw_diversion",10.460706612499
"historical","miroc5","PAK_1","8","irrigation_sw_diversion",9.64823775291921
"historical","miroc5","PAK_1","9","irrigation_sw_diversion",6.91851568293842
"historical","miroc5","PAK_10","1","irrigation_sw_diversion",34.569351241672
"historical","miroc5","PAK_10","10","irrigation_sw_diversion",24.9461539044516
"historical","miroc5","PAK_10","11","irrigation_sw_diversion",20.2658935232654
"historical","miroc5","PAK_10","12","irrigation_sw_diversion",15.3555573891792
"historical","miroc5","PAK_10","2","irrigation_sw_diversion",62.546149740286
"historical","miroc5","PAK_10","3","irrigation_sw_diversion",77.1273881987508
"historical","miroc5","PAK_10","4","irrigation_sw_diversion",67.9669999458325
"historical","miroc5","PAK_10","5","irrigation_sw_diversion",60.1500813614018
"historical","miroc5","PAK_10","6","irrigation_sw_diversion",66.2261392066032
"historical","miroc5","PAK_10","7","irrigation_sw_diversion",78.7958037504386
"historical","miroc5","PAK_10","8","irrigation_sw_diversion",76.0319532626432
"historical","miroc5","PAK_10","9","irrigation_sw_diversion",51.5565168513674
"historical","miroc5","PAK_11","1","irrigation_sw_diversion",0
"historical","miroc5","PAK_11","10","irrigation_sw_diversion",0
"historical","miroc5","PAK_11","11","irrigation_sw_diversion",0
"historical","miroc5","PAK_11","12","irrigation_sw_diversion",0
"historical","miroc5","PAK_11","2","irrigation_sw_diversion",0
"historical","miroc5","PAK_11","3","irrigation_sw_diversion",0
"historical","miroc5","PAK_11","4","irrigation_sw_diversion",0
"historical","miroc5","PAK_11","5","irrigation_sw_diversion",0
"historical","miroc5","PAK_11","6","irrigation_sw_diversion",0
"historical","miroc5","PAK_11","7","irrigation_sw_diversion",0
"historical","miroc5","PAK_11","8","irrigation_sw_diversion",0
"historical","miroc5","PAK_11","9","irrigation_sw_diversion",0
"historical","miroc5","PAK_12","1","irrigation_sw_diversion",12.3906739335244
"historical","miroc5","PAK_12","10","irrigation_sw_diversion",12.2109475060529
"historical","miroc5","PAK_12","11","irrigation_sw_diversion",9.03562373019374
"historical","miroc5","PAK_12","12","irrigation_sw_diversion",6.21941646692359
"historical","miroc5","PAK_12","2","irrigation_sw_diversion",19.2876048236862
"historical","miroc5","PAK_12","3","irrigation_sw_diversion",25.6331291941004
"historical","miroc5","PAK_12","4","irrigation_sw_diversion",25.0171464188236
"historical","miroc5","PAK_12","5","irrigation_sw_diversion",25.5593673562596
"historical","miroc5","PAK_12","6","irrigation_sw_diversion",28.3987517529715
"historical","miroc5","PAK_12","7","irrigation_sw_diversion",32.2086662935201
"historical","miroc5","PAK_12","8","irrigation_sw_diversion",30.3163774588269
"historical","miroc5","PAK_12","9","irrigation_sw_diversion",21.6948419973835
"historical","miroc5","PAK_2","1","irrigation_sw_diversion",6.33120480333016
"historical","miroc5","PAK_2","10","irrigation_sw_diversion",6.33061851809109
"historical","miroc5","PAK_2","11","irrigation_sw_diversion",4.11864325353001
"historical","miroc5","PAK_2","12","irrigation_sw_diversion",2.94007282974235
"historical","miroc5","PAK_2","2","irrigation_sw_diversion",11.0778297855305
"historical","miroc5","PAK_2","3","irrigation_sw_diversion",16.1982390291802
"historical","miroc5","PAK_2","4","irrigation_sw_diversion",16.2458405699647
"historical","miroc5","PAK_2","5","irrigation_sw_diversion",15.5908610866788
"historical","miroc5","PAK_2","6","irrigation_sw_diversion",19.0544250098384
"historical","miroc5","PAK_2","7","irrigation_sw_diversion",19.2691677709382
"historical","miroc5","PAK_2","8","irrigation_sw_diversion",17.5687776731602
"historical","miroc5","PAK_2","9","irrigation_sw_diversion",12.880343094958
"historical","miroc5","PAK_3","1","irrigation_sw_diversion",14.0038168065971
"historical","miroc5","PAK_3","10","irrigation_sw_diversion",12.966503727225
"historical","miroc5","PAK_3","11","irrigation_sw_diversion",8.50957338895231
"historical","miroc5","PAK_3","12","irrigation_sw_diversion",6.17035943417445
"historical","miroc5","PAK_3","2","irrigation_sw_diversion",24.1209887305218
"historical","miroc5","PAK_3","3","irrigation_sw_diversion",31.7191393008552
"historical","miroc5","PAK_3","4","irrigation_sw_diversion",28.7706662786062
"historical","miroc5","PAK_3","5","irrigation_sw_diversion",25.8953805703086
"historical","miroc5","PAK_3","6","irrigation_sw_diversion",31.2435721967081
"historical","miroc5","PAK_3","7","irrigation_sw_diversion",38.0177027689456
"historical","miroc5","PAK_3","8","irrigation_sw_diversion",38.0915482052915
"historical","miroc5","PAK_3","9","irrigation_sw_diversion",26.7308012355596
"historical","miroc5","PAK_4","1","irrigation_sw_diversion",46.6006485832594
"historical","miroc5","PAK_4","10","irrigation_sw_diversion",29.4445217823874
"historical","miroc5","PAK_4","11","irrigation_sw_diversion",24.3379807577547
"historical","miroc5","PAK_4","12","irrigation_sw_diversion",23.2854132510296
"historical","miroc5","PAK_4","2","irrigation_sw_diversion",64.9604558108403
"historical","miroc5","PAK_4","3","irrigation_sw_diversion",80.367841117539
"historical","miroc5","PAK_4","4","irrigation_sw_diversion",74.9509277394341
"historical","miroc5","PAK_4","5","irrigation_sw_diversion",61.2799131179965
"historical","miroc5","PAK_4","6","irrigation_sw_diversion",72.0993959974369
"historical","miroc5","PAK_4","7","irrigation_sw_diversion",91.2250176356165
"historical","miroc5","PAK_4","8","irrigation_sw_diversion",89.6886741709132
"historical","miroc5","PAK_4","9","irrigation_sw_diversion",61.410736311015
"historical","miroc5","PAK_5","1","irrigation_sw_diversion",23.6201256906509
"historical","miroc5","PAK_5","10","irrigation_sw_diversion",18.2370075934595
"historical","miroc5","PAK_5","11","irrigation_sw_diversion",14.8433141385206
"historical","miroc5","PAK_5","12","irrigation_sw_diversion",11.9805043823049
"historical","miroc5","PAK_5","2","irrigation_sw_diversion",38.5206605865964
"historical","miroc5","PAK_5","3","irrigation_sw_diversion",44.3456329086191
"historical","miroc5","PAK_5","4","irrigation_sw_diversion",42.9363224658473
"historical","miroc5","PAK_5","5","irrigation_sw_diversion",38.7460268790904
"historical","miroc5","PAK_5","6","irrigation_sw_diversion",40.9610068047357
"historical","miroc5","PAK_5","7","irrigation_sw_diversion",44.3638819206074
"historical","miroc5","PAK_5","8","irrigation_sw_diversion",43.7521363559077
"historical","miroc5","PAK_5","9","irrigation_sw_diversion",33.0867593948387
"historical","miroc5","PAK_6","1","irrigation_sw_diversion",31.8798274864913
"historical","miroc5","PAK_6","10","irrigation_sw_diversion",17.1798339713591
"historical","miroc5","PAK_6","11","irrigation_sw_diversion",17.4293711354167
"historical","miroc5","PAK_6","12","irrigation_sw_diversion",16.0762589914483
"historical","miroc5","PAK_6","2","irrigation_sw_diversion",49.9209988888186
"historical","miroc5","PAK_6","3","irrigation_sw_diversion",58.07569861343
"historical","miroc5","PAK_6","4","irrigation_sw_diversion",53.1310920629722
"historical","miroc5","PAK_6","5","irrigation_sw_diversion",44.1826080348271
"historical","miroc5","PAK_6","6","irrigation_sw_diversion",41.1365192479957
"historical","miroc5","PAK_6","7","irrigation_sw_diversion",45.5983950771507
"historical","miroc5","PAK_6","8","irrigation_sw_diversion",42.5122946493405
"historical","miroc5","PAK_6","9","irrigation_sw_diversion",31.0159458632398
"historical","miroc5","PAK_7","1","irrigation_sw_diversion",0.652307568147287
"historical","miroc5","PAK_7","10","irrigation_sw_diversion",1.63642531953896
"historical","miroc5","PAK_7","11","irrigation_sw_diversion",0.855027361117055
"historical","miroc5","PAK_7","12","irrigation_sw_diversion",0.403474992938438
"historical","miroc5","PAK_7","2","irrigation_sw_diversion",0.757831904950991
"historical","miroc5","PAK_7","3","irrigation_sw_diversion",1.26918052512335
"historical","miroc5","PAK_7","4","irrigation_sw_diversion",1.7037295148441
"historical","miroc5","PAK_7","5","irrigation_sw_diversion",2.44571391650383
"historical","miroc5","PAK_7","6","irrigation_sw_diversion",2.91510089924324
"historical","miroc5","PAK_7","7","irrigation_sw_diversion",3.26609864543439
"historical","miroc5","PAK_7","8","irrigation_sw_diversion",3.28657657792703
"historical","miroc5","PAK_7","9","irrigation_sw_diversion",2.74278130343073
"historical","miroc5","PAK_8","1","irrigation_sw_diversion",0.0523554407921831
"historical","miroc5","PAK_8","10","irrigation_sw_diversion",0.239758110519928
"historical","miroc5","PAK_8","11","irrigation_sw_diversion",0.122846459493713
"historical","miroc5","PAK_8","12","irrigation_sw_diversion",0.051660564130491
"historical","miroc5","PAK_8","2","irrigation_sw_diversion",0.0651710415346071
"historical","miroc5","PAK_8","3","irrigation_sw_diversion",0.128881815694993
"historical","miroc5","PAK_8","4","irrigation_sw_diversion",0.286355225831239
"historical","miroc5","PAK_8","5","irrigation_sw_diversion",0.418454455153643
"historical","miroc5","PAK_8","6","irrigation_sw_diversion",0.554092261929143
"historical","miroc5","PAK_8","7","irrigation_sw_diversion",0.50814813443213
"historical","miroc5","PAK_8","8","irrigation_sw_diversion",0.539086060179392
"historical","miroc5","PAK_8","9","irrigation_sw_diversion",0.420133191905076
"historical","miroc5","PAK_9","1","irrigation_sw_diversion",8.61916558970221
"historical","miroc5","PAK_9","10","irrigation_sw_diversion",13.4768821088932
"historical","miroc5","PAK_9","11","irrigation_sw_diversion",7.01276115740098
"historical","miroc5","PAK_9","12","irrigation_sw_diversion",3.91040532408362
"historical","miroc5","PAK_9","2","irrigation_sw_diversion",15.2577843448148
"historical","miroc5","PAK_9","3","irrigation_sw_diversion",22.193658228342
"historical","miroc5","PAK_9","4","irrigation_sw_diversion",21.5825993407628
"historical","miroc5","PAK_9","5","irrigation_sw_diversion",23.0422793621963
"historical","miroc5","PAK_9","6","irrigation_sw_diversion",37.8007735403686
"historical","miroc5","PAK_9","7","irrigation_sw_diversion",41.6141307359862
"historical","miroc5","PAK_9","8","irrigation_sw_diversion",38.8659204522882
"historical","miroc5","PAK_9","9","irrigation_sw_diversion",27.7569970466526
"rcp26","ensemble","AFG_1","1","irrigation_sw_diversion",1.42855334843728
"rcp26","ensemble","AFG_1","10","irrigation_sw_diversion",0.948579344187762
"rcp26","ensemble","AFG_1","11","irrigation_sw_diversion",0.757113639269871
"rcp26","ensemble","AFG_1","12","irrigation_sw_diversion",0.749421311120869
"rcp26","ensemble","AFG_1","2","irrigation_sw_diversion",2.05455221291535
"rcp26","ensemble","AFG_1","3","irrigation_sw_diversion",3.03938938619306
"rcp26","ensemble","AFG_1","4","irrigation_sw_diversion",3.08393613487453
"rcp26","ensemble","AFG_1","5","irrigation_sw_diversion",2.61566250929421
"rcp26","ensemble","AFG_1","6","irrigation_sw_diversion",2.04662392247034
"rcp26","ensemble","AFG_1","7","irrigation_sw_diversion",2.5321966394065
"rcp26","ensemble","AFG_1","8","irrigation_sw_diversion",2.73870142633612
"rcp26","ensemble","AFG_1","9","irrigation_sw_diversion",1.97640838543731
"rcp26","ensemble","AFG_2","1","irrigation_sw_diversion",2.88419441862992
"rcp26","ensemble","AFG_2","10","irrigation_sw_diversion",4.19422131297367
"rcp26","ensemble","AFG_2","11","irrigation_sw_diversion",2.24740575619784
"rcp26","ensemble","AFG_2","12","irrigation_sw_diversion",1.88190865086753
"rcp26","ensemble","AFG_2","2","irrigation_sw_diversion",3.52305223203772
"rcp26","ensemble","AFG_2","3","irrigation_sw_diversion",6.84974095174575
"rcp26","ensemble","AFG_2","4","irrigation_sw_diversion",8.64447778489971
"rcp26","ensemble","AFG_2","5","irrigation_sw_diversion",10.0255070107673
"rcp26","ensemble","AFG_2","6","irrigation_sw_diversion",11.1586527740768
"rcp26","ensemble","AFG_2","7","irrigation_sw_diversion",14.5443926108792
"rcp26","ensemble","AFG_2","8","irrigation_sw_diversion",14.9121104075092
"rcp26","ensemble","AFG_2","9","irrigation_sw_diversion",10.1145051702147
"rcp26","ensemble","CHN_1","11","irrigation_sw_diversion",0
"rcp26","ensemble","CHN_1","12","irrigation_sw_diversion",0
"rcp26","ensemble","CHN_1","3","irrigation_sw_diversion",0
"rcp26","ensemble","CHN_1","4","irrigation_sw_diversion",0
"rcp26","ensemble","CHN_1","5","irrigation_sw_diversion",0
"rcp26","ensemble","IND_1","1","irrigation_sw_diversion",0
"rcp26","ensemble","IND_1","10","irrigation_sw_diversion",0
"rcp26","ensemble","IND_1","11","irrigation_sw_diversion",0
"rcp26","ensemble","IND_1","12","irrigation_sw_diversion",0
"rcp26","ensemble","IND_1","2","irrigation_sw_diversion",0
"rcp26","ensemble","IND_1","3","irrigation_sw_diversion",0
"rcp26","ensemble","IND_1","4","irrigation_sw_diversion",0
"rcp26","ensemble","IND_1","5","irrigation_sw_diversion",0
"rcp26","ensemble","IND_1","6","irrigation_sw_diversion",0
"rcp26","ensemble","IND_1","7","irrigation_sw_diversion",0
"rcp26","ensemble","IND_1","8","irrigation_sw_diversion",0
"rcp26","ensemble","IND_1","9","irrigation_sw_diversion",0
"rcp26","ensemble","IND_2","1","irrigation_sw_diversion",0.042534821786503
"rcp26","ensemble","IND_2","10","irrigation_sw_diversion",0.0948302129995487
"rcp26","ensemble","IND_2","11","irrigation_sw_diversion",0.0455486807241433
"rcp26","ensemble","IND_2","12","irrigation_sw_diversion",0.0290007152099744
"rcp26","ensemble","IND_2","2","irrigation_sw_diversion",0.0808651916316318
"rcp26","ensemble","IND_2","3","irrigation_sw_diversion",0.124905718963609
"rcp26","ensemble","IND_2","4","irrigation_sw_diversion",0.166600938366374
"rcp26","ensemble","IND_2","5","irrigation_sw_diversion",0.136313303523905
"rcp26","ensemble","IND_2","6","irrigation_sw_diversion",0.0618529226082855
"rcp26","ensemble","IND_2","7","irrigation_sw_diversion",0.0194778577396892
"rcp26","ensemble","IND_2","8","irrigation_sw_diversion",0.0581244489201351
"rcp26","ensemble","IND_2","9","irrigation_sw_diversion",0.145921828012749
"rcp26","ensemble","IND_3","1","irrigation_sw_diversion",2.26515751892187
"rcp26","ensemble","IND_3","10","irrigation_sw_diversion",2.53632019482069
"rcp26","ensemble","IND_3","11","irrigation_sw_diversion",1.58485287896492
"rcp26","ensemble","IND_3","12","irrigation_sw_diversion",1.29677371988599
"rcp26","ensemble","IND_3","2","irrigation_sw_diversion",4.62234851788172
"rcp26","ensemble","IND_3","3","irrigation_sw_diversion",6.26525854659212
"rcp26","ensemble","IND_3","4","irrigation_sw_diversion",6.76475379788739
"rcp26","ensemble","IND_3","5","irrigation_sw_diversion",5.54772439265983
"rcp26","ensemble","IND_3","6","irrigation_sw_diversion",7.30458753760605
"rcp26","ensemble","IND_3","7","irrigation_sw_diversion",6.64770531277408
"rcp26","ensemble","IND_3","8","irrigation_sw_diversion",6.35769442555383
"rcp26","ensemble","IND_3","9","irrigation_sw_diversion",5.1825027734393
"rcp26","ensemble","IND_4","1","irrigation_sw_diversion",55.0976116808511
"rcp26","ensemble","IND_4","10","irrigation_sw_diversion",35.0995165070709
"rcp26","ensemble","IND_4","11","irrigation_sw_diversion",30.3952276432284
"rcp26","ensemble","IND_4","12","irrigation_sw_diversion",26.6039482904367
"rcp26","ensemble","IND_4","2","irrigation_sw_diversion",99.948730367099
"rcp26","ensemble","IND_4","3","irrigation_sw_diversion",144.265502747638
"rcp26","ensemble","IND_4","4","irrigation_sw_diversion",146.062812087628
"rcp26","ensemble","IND_4","5","irrigation_sw_diversion",113.176554196587
"rcp26","ensemble","IND_4","6","irrigation_sw_diversion",89.0426658688402
"rcp26","ensemble","IND_4","7","irrigation_sw_diversion",82.8076233953862
"rcp26","ensemble","IND_4","8","irrigation_sw_diversion",75.7039343305459
"rcp26","ensemble","IND_4","9","irrigation_sw_diversion",56.4242915131007
"rcp26","ensemble","IND_5","1","irrigation_sw_diversion",0
"rcp26","ensemble","IND_5","10","irrigation_sw_diversion",0
"rcp26","ensemble","IND_5","11","irrigation_sw_diversion",0
"rcp26","ensemble","IND_5","12","irrigation_sw_diversion",0
"rcp26","ensemble","IND_5","2","irrigation_sw_diversion",0
"rcp26","ensemble","IND_5","3","irrigation_sw_diversion",0
"rcp26","ensemble","IND_5","4","irrigation_sw_diversion",0
"rcp26","ensemble","IND_5","5","irrigation_sw_diversion",0
"rcp26","ensemble","IND_5","6","irrigation_sw_diversion",0
"rcp26","ensemble","IND_5","7","irrigation_sw_diversion",0
"rcp26","ensemble","IND_5","8","irrigation_sw_diversion",0
"rcp26","ensemble","IND_5","9","irrigation_sw_diversion",0
"rcp26","ensemble","IND_6","1","irrigation_sw_diversion",0
"rcp26","ensemble","IND_6","10","irrigation_sw_diversion",0
"rcp26","ensemble","IND_6","11","irrigation_sw_diversion",0
"rcp26","ensemble","IND_6","12","irrigation_sw_diversion",0
"rcp26","ensemble","IND_6","2","irrigation_sw_diversion",0
"rcp26","ensemble","IND_6","3","irrigation_sw_diversion",0
"rcp26","ensemble","IND_6","4","irrigation_sw_diversion",0
"rcp26","ensemble","IND_6","5","irrigation_sw_diversion",0
"rcp26","ensemble","IND_6","6","irrigation_sw_diversion",0
"rcp26","ensemble","IND_6","7","irrigation_sw_diversion",0
"rcp26","ensemble","IND_6","8","irrigation_sw_diversion",0
"rcp26","ensemble","IND_6","9","irrigation_sw_diversion",0
"rcp26","ensemble","PAK_1","1","irrigation_sw_diversion",3.89178882102058
"rcp26","ensemble","PAK_1","10","irrigation_sw_diversion",3.2164753856764
"rcp26","ensemble","PAK_1","11","irrigation_sw_diversion",2.25242976872147
"rcp26","ensemble","PAK_1","12","irrigation_sw_diversion",1.60466012743248
"rcp26","ensemble","PAK_1","2","irrigation_sw_diversion",6.60124745788622
"rcp26","ensemble","PAK_1","3","irrigation_sw_diversion",9.89291858625654
"rcp26","ensemble","PAK_1","4","irrigation_sw_diversion",10.7231535206679
"rcp26","ensemble","PAK_1","5","irrigation_sw_diversion",10.4441807843629
"rcp26","ensemble","PAK_1","6","irrigation_sw_diversion",10.2848233266856
"rcp26","ensemble","PAK_1","7","irrigation_sw_diversion",10.9809441033181
"rcp26","ensemble","PAK_1","8","irrigation_sw_diversion",10.2433678252693
"rcp26","ensemble","PAK_1","9","irrigation_sw_diversion",6.62686635787332
"rcp26","ensemble","PAK_10","1","irrigation_sw_diversion",32.654161203645
"rcp26","ensemble","PAK_10","10","irrigation_sw_diversion",24.715040587803
"rcp26","ensemble","PAK_10","11","irrigation_sw_diversion",18.3448248869377
"rcp26","ensemble","PAK_10","12","irrigation_sw_diversion",14.4651006445832
"rcp26","ensemble","PAK_10","2","irrigation_sw_diversion",61.2958879203983
"rcp26","ensemble","PAK_10","3","irrigation_sw_diversion",72.9517372169255
"rcp26","ensemble","PAK_10","4","irrigation_sw_diversion",64.8568849054521
"rcp26","ensemble","PAK_10","5","irrigation_sw_diversion",56.6995242023994
"rcp26","ensemble","PAK_10","6","irrigation_sw_diversion",63.3267511809063
"rcp26","ensemble","PAK_10","7","irrigation_sw_diversion",84.8530568742097
"rcp26","ensemble","PAK_10","8","irrigation_sw_diversion",85.4017613406445
"rcp26","ensemble","PAK_10","9","irrigation_sw_diversion",55.7311035252747
"rcp26","ensemble","PAK_11","1","irrigation_sw_diversion",0
"rcp26","ensemble","PAK_11","10","irrigation_sw_diversion",0
"rcp26","ensemble","PAK_11","11","irrigation_sw_diversion",0
"rcp26","ensemble","PAK_11","12","irrigation_sw_diversion",0
"rcp26","ensemble","PAK_11","2","irrigation_sw_diversion",0
"rcp26","ensemble","PAK_11","3","irrigation_sw_diversion",0
"rcp26","ensemble","PAK_11","4","irrigation_sw_diversion",0
"rcp26","ensemble","PAK_11","5","irrigation_sw_diversion",0
"rcp26","ensemble","PAK_11","6","irrigation_sw_diversion",0
"rcp26","ensemble","PAK_11","7","irrigation_sw_diversion",0
"rcp26","ensemble","PAK_11","8","irrigation_sw_diversion",0
"rcp26","ensemble","PAK_11","9","irrigation_sw_diversion",0
"rcp26","ensemble","PAK_12","1","irrigation_sw_diversion",12.0608439460957
"rcp26","ensemble","PAK_12","10","irrigation_sw_diversion",11.4555550523851
"rcp26","ensemble","PAK_12","11","irrigation_sw_diversion",7.67457802538833
"rcp26","ensemble","PAK_12","12","irrigation_sw_diversion",5.67004103415952
"rcp26","ensemble","PAK_12","2","irrigation_sw_diversion",18.6292106321959
"rcp26","ensemble","PAK_12","3","irrigation_sw_diversion",24.9234709157709
"rcp26","ensemble","PAK_12","4","irrigation_sw_diversion",24.5453697185921
"rcp26","ensemble","PAK_12","5","irrigation_sw_diversion",24.9635272854704
"rcp26","ensemble","PAK_12","6","irrigation_sw_diversion",27.9684291695237
"rcp26","ensemble","PAK_12","7","irrigation_sw_diversion",33.1823437918456
"rcp26","ensemble","PAK_12","8","irrigation_sw_diversion",31.9388830171288
"rcp26","ensemble","PAK_12","9","irrigation_sw_diversion",21.5243437615535
"rcp26","ensemble","PAK_2","1","irrigation_sw_diversion",5.78954900737969
"rcp26","ensemble","PAK_2","10","irrigation_sw_diversion",5.91187233198472
"rcp26","ensemble","PAK_2","11","irrigation_sw_diversion",3.45642305677899
"rcp26","ensemble","PAK_2","12","irrigation_sw_diversion",2.4261654734174
"rcp26","ensemble","PAK_2","2","irrigation_sw_diversion",10.3225508149087
"rcp26","ensemble","PAK_2","3","irrigation_sw_diversion",15.0875418458677
"rcp26","ensemble","PAK_2","4","irrigation_sw_diversion",15.7587109871733
"rcp26","ensemble","PAK_2","5","irrigation_sw_diversion",15.0112413260792
"rcp26","ensemble","PAK_2","6","irrigation_sw_diversion",18.8636898558731
"rcp26","ensemble","PAK_2","7","irrigation_sw_diversion",20.7191283463607
"rcp26","ensemble","PAK_2","8","irrigation_sw_diversion",19.3630373176645
"rcp26","ensemble","PAK_2","9","irrigation_sw_diversion",12.7991731439281
"rcp26","ensemble","PAK_3","1","irrigation_sw_diversion",12.8458488846272
"rcp26","ensemble","PAK_3","10","irrigation_sw_diversion",11.7329324992984
"rcp26","ensemble","PAK_3","11","irrigation_sw_diversion",7.09006632057368
"rcp26","ensemble","PAK_3","12","irrigation_sw_diversion",5.48299424084445
"rcp26","ensemble","PAK_3","2","irrigation_sw_diversion",22.6019840525555
"rcp26","ensemble","PAK_3","3","irrigation_sw_diversion",29.7256848679737
"rcp26","ensemble","PAK_3","4","irrigation_sw_diversion",27.9574331395542
"rcp26","ensemble","PAK_3","5","irrigation_sw_diversion",24.4493970557633
"rcp26","ensemble","PAK_3","6","irrigation_sw_diversion",29.3956833445617
"rcp26","ensemble","PAK_3","7","irrigation_sw_diversion",39.330865592029
"rcp26","ensemble","PAK_3","8","irrigation_sw_diversion",40.3680802975848
"rcp26","ensemble","PAK_3","9","irrigation_sw_diversion",26.2793100949978
"rcp26","ensemble","PAK_4","1","irrigation_sw_diversion",46.424708860803
"rcp26","ensemble","PAK_4","10","irrigation_sw_diversion",28.7031622587807
"rcp26","ensemble","PAK_4","11","irrigation_sw_diversion",23.316867914227
"rcp26","ensemble","PAK_4","12","irrigation_sw_diversion",23.3009985162931
"rcp26","ensemble","PAK_4","2","irrigation_sw_diversion",65.1081012468926
"rcp26","ensemble","PAK_4","3","irrigation_sw_diversion",80.4826354567962
"rcp26","ensemble","PAK_4","4","irrigation_sw_diversion",74.2368626681328
"rcp26","ensemble","PAK_4","5","irrigation_sw_diversion",61.5707083180328
"rcp26","ensemble","PAK_4","6","irrigation_sw_diversion",73.4900354877039
"rcp26","ensemble","PAK_4","7","irrigation_sw_diversion",93.9234748885563
"rcp26","ensemble","PAK_4","8","irrigation_sw_diversion",88.6674409578865
"rcp26","ensemble","PAK_4","9","irrigation_sw_diversion",60.3970027435736
"rcp26","ensemble","PAK_5","1","irrigation_sw_diversion",23.1098368491974
"rcp26","ensemble","PAK_5","10","irrigation_sw_diversion",17.3714862162144
"rcp26","ensemble","PAK_5","11","irrigation_sw_diversion",13.6616957473523
"rcp26","ensemble","PAK_5","12","irrigation_sw_diversion",11.6394157328727
"rcp26","ensemble","PAK_5","2","irrigation_sw_diversion",37.3810211782491
"rcp26","ensemble","PAK_5","3","irrigation_sw_diversion",43.0408017921427
"rcp26","ensemble","PAK_5","4","irrigation_sw_diversion",42.5438550898906
"rcp26","ensemble","PAK_5","5","irrigation_sw_diversion",38.8338050142395
"rcp26","ensemble","PAK_5","6","irrigation_sw_diversion",41.3421953893034
"rcp26","ensemble","PAK_5","7","irrigation_sw_diversion",47.2620897975728
"rcp26","ensemble","PAK_5","8","irrigation_sw_diversion",45.659801450357
"rcp26","ensemble","PAK_5","9","irrigation_sw_diversion",33.4090015324981
"rcp26","ensemble","PAK_6","1","irrigation_sw_diversion",31.9259191137828
"rcp26","ensemble","PAK_6","10","irrigation_sw_diversion",16.6657853305325
"rcp26","ensemble","PAK_6","11","irrigation_sw_diversion",16.5068514771432
"rcp26","ensemble","PAK_6","12","irrigation_sw_diversion",15.8244652727193
"rcp26","ensemble","PAK_6","2","irrigation_sw_diversion",49.3484532933113
"rcp26","ensemble","PAK_6","3","irrigation_sw_diversion",57.3357110720709
"rcp26","ensemble","PAK_6","4","irrigation_sw_diversion",52.9353997201209
"rcp26","ensemble","PAK_6","5","irrigation_sw_diversion",44.4926811170503
"rcp26","ensemble","PAK_6","6","irrigation_sw_diversion",41.5720579678893
"rcp26","ensemble","PAK_6","7","irrigation_sw_diversion",46.9810793569605
"rcp26","ensemble","PAK_6","8","irrigation_sw_diversion",43.6039456346238
"rcp26","ensemble","PAK_6","9","irrigation_sw_diversion",30.8641692907948
"rcp26","ensemble","PAK_7","1","irrigation_sw_diversion",0.606170178172902
"rcp26","ensemble","PAK_7","10","irrigation_sw_diversion",1.54504884510623
"rcp26","ensemble","PAK_7","11","irrigation_sw_diversion",0.694106918758968
"rcp26","ensemble","PAK_7","12","irrigation_sw_diversion",0.371525978191021
"rcp26","ensemble","PAK_7","2","irrigation_sw_diversion",0.807130543956363
"rcp26","ensemble","PAK_7","3","irrigation_sw_diversion",1.24376023255798
"rcp26","ensemble","PAK_7","4","irrigation_sw_diversion",1.71724012347025
"rcp26","ensemble","PAK_7","5","irrigation_sw_diversion",2.45605147063758
"rcp26","ensemble","PAK_7","6","irrigation_sw_diversion",2.9347222067406
"rcp26","ensemble","PAK_7","7","irrigation_sw_diversion",3.29835284690258
"rcp26","ensemble","PAK_7","8","irrigation_sw_diversion",3.45485407235428
"rcp26","ensemble","PAK_7","9","irrigation_sw_diversion",2.74552301924552
"rcp26","ensemble","PAK_8","1","irrigation_sw_diversion",0.055758956299894
"rcp26","ensemble","PAK_8","10","irrigation_sw_diversion",0.225305239177693
"rcp26","ensemble","PAK_8","11","irrigation_sw_diversion",0.107197885644286
"rcp26","ensemble","PAK_8","12","irrigation_sw_diversion",0.0492323320728997
"rcp26","ensemble","PAK_8","2","irrigation_sw_diversion",0.0711843306815579
"rcp26","ensemble","PAK_8","3","irrigation_sw_diversion",0.127044492908931
"rcp26","ensemble","PAK_8","4","irrigation_sw_diversion",0.286484837210938
"rcp26","ensemble","PAK_8","5","irrigation_sw_diversion",0.419684388810004
"rcp26","ensemble","PAK_8","6","irrigation_sw_diversion",0.551181704101585
"rcp26","ensemble","PAK_8","7","irrigation_sw_diversion",0.514307008903787
"rcp26","ensemble","PAK_8","8","irrigation_sw_diversion",0.529761681899437
"rcp26","ensemble","PAK_8","9","irrigation_sw_diversion",0.403809280065885
"rcp26","ensemble","PAK_9","1","irrigation_sw_diversion",7.67673127561398
"rcp26","ensemble","PAK_9","10","irrigation_sw_diversion",12.5604553729058
"rcp26","ensemble","PAK_9","11","irrigation_sw_diversion",5.90120308013412
"rcp26","ensemble","PAK_9","12","irrigation_sw_diversion",3.35296613957885
"rcp26","ensemble","PAK_9","2","irrigation_sw_diversion",14.0527692324879
"rcp26","ensemble","PAK_9","3","irrigation_sw_diversion",20.3810008784313
"rcp26","ensemble","PAK_9","4","irrigation_sw_diversion",20.7278648245511
"rcp26","ensemble","PAK_9","5","irrigation_sw_diversion",21.9004517856912
"rcp26","ensemble","PAK_9","6","irrigation_sw_diversion",36.8556369053191
"rcp26","ensemble","PAK_9","7","irrigation_sw_diversion",44.6447362495304
"rcp26","ensemble","PAK_9","8","irrigation_sw_diversion",42.5050334781696
"rcp26","ensemble","PAK_9","9","irrigation_sw_diversion",27.9610406795125
"rcp26","gfdl-esm2m","AFG_1","1","irrigation_sw_diversion",1.2581632735432
"rcp26","gfdl-esm2m","AFG_1","10","irrigation_sw_diversion",1.02495292841375
"rcp26","gfdl-esm2m","AFG_1","11","irrigation_sw_diversion",0.766652976210534
"rcp26","gfdl-esm2m","AFG_1","12","irrigation_sw_diversion",0.733724789936322
"rcp26","gfdl-esm2m","AFG_1","2","irrigation_sw_diversion",1.84564067720638
"rcp26","gfdl-esm2m","AFG_1","3","irrigation_sw_diversion",2.34116379764256
"rcp26","gfdl-esm2m","AFG_1","4","irrigation_sw_diversion",2.69204801349683
"rcp26","gfdl-esm2m","AFG_1","5","irrigation_sw_diversion",2.62376352941195
"rcp26","gfdl-esm2m","AFG_1","6","irrigation_sw_diversion",2.10671540442946
"rcp26","gfdl-esm2m","AFG_1","7","irrigation_sw_diversion",2.71060311056109
"rcp26","gfdl-esm2m","AFG_1","8","irrigation_sw_diversion",3.06441638500826
"rcp26","gfdl-esm2m","AFG_1","9","irrigation_sw_diversion",2.21041143791365
"rcp26","gfdl-esm2m","AFG_2","1","irrigation_sw_diversion",2.36951531487168
"rcp26","gfdl-esm2m","AFG_2","10","irrigation_sw_diversion",4.39167343152628
"rcp26","gfdl-esm2m","AFG_2","11","irrigation_sw_diversion",2.34220322439816
"rcp26","gfdl-esm2m","AFG_2","12","irrigation_sw_diversion",2.04660370518352
"rcp26","gfdl-esm2m","AFG_2","2","irrigation_sw_diversion",3.14417096006762
"rcp26","gfdl-esm2m","AFG_2","3","irrigation_sw_diversion",5.11127370267809
"rcp26","gfdl-esm2m","AFG_2","4","irrigation_sw_diversion",7.64274052497549
"rcp26","gfdl-esm2m","AFG_2","5","irrigation_sw_diversion",11.1592844025548
"rcp26","gfdl-esm2m","AFG_2","6","irrigation_sw_diversion",11.29186093282
"rcp26","gfdl-esm2m","AFG_2","7","irrigation_sw_diversion",14.9590558991053
"rcp26","gfdl-esm2m","AFG_2","8","irrigation_sw_diversion",15.3820667375347
"rcp26","gfdl-esm2m","AFG_2","9","irrigation_sw_diversion",11.110214899283
"rcp26","gfdl-esm2m","CHN_1","1","irrigation_sw_diversion",0
"rcp26","gfdl-esm2m","CHN_1","11","irrigation_sw_diversion",0
"rcp26","gfdl-esm2m","CHN_1","12","irrigation_sw_diversion",0
"rcp26","gfdl-esm2m","CHN_1","3","irrigation_sw_diversion",0
"rcp26","gfdl-esm2m","CHN_1","4","irrigation_sw_diversion",0
"rcp26","gfdl-esm2m","CHN_1","5","irrigation_sw_diversion",0
"rcp26","gfdl-esm2m","IND_1","1","irrigation_sw_diversion",0
"rcp26","gfdl-esm2m","IND_1","10","irrigation_sw_diversion",0
"rcp26","gfdl-esm2m","IND_1","11","irrigation_sw_diversion",0
"rcp26","gfdl-esm2m","IND_1","12","irrigation_sw_diversion",0
"rcp26","gfdl-esm2m","IND_1","2","irrigation_sw_diversion",0
"rcp26","gfdl-esm2m","IND_1","3","irrigation_sw_diversion",0
"rcp26","gfdl-esm2m","IND_1","4","irrigation_sw_diversion",0
"rcp26","gfdl-esm2m","IND_1","5","irrigation_sw_diversion",0
"rcp26","gfdl-esm2m","IND_1","6","irrigation_sw_diversion",0
"rcp26","gfdl-esm2m","IND_1","7","irrigation_sw_diversion",0
"rcp26","gfdl-esm2m","IND_1","8","irrigation_sw_diversion",0
"rcp26","gfdl-esm2m","IND_1","9","irrigation_sw_diversion",0
"rcp26","gfdl-esm2m","IND_2","1","irrigation_sw_diversion",0.0309494397132089
"rcp26","gfdl-esm2m","IND_2","10","irrigation_sw_diversion",0.100457254468389
"rcp26","gfdl-esm2m","IND_2","11","irrigation_sw_diversion",0.046109120692778
"rcp26","gfdl-esm2m","IND_2","12","irrigation_sw_diversion",0.0123022498717673
"rcp26","gfdl-esm2m","IND_2","2","irrigation_sw_diversion",0.0731307529840118
"rcp26","gfdl-esm2m","IND_2","3","irrigation_sw_diversion",0.0996166810391622
"rcp26","gfdl-esm2m","IND_2","4","irrigation_sw_diversion",0.126557406475197
"rcp26","gfdl-esm2m","IND_2","5","irrigation_sw_diversion",0.126413955542981
"rcp26","gfdl-esm2m","IND_2","6","irrigation_sw_diversion",0.0610261687550927
"rcp26","gfdl-esm2m","IND_2","7","irrigation_sw_diversion",0.0370149366844793
"rcp26","gfdl-esm2m","IND_2","8","irrigation_sw_diversion",0.0757536976552864
"rcp26","gfdl-esm2m","IND_2","9","irrigation_sw_diversion",0.152513343387077
"rcp26","gfdl-esm2m","IND_3","1","irrigation_sw_diversion",2.00221173248789
"rcp26","gfdl-esm2m","IND_3","10","irrigation_sw_diversion",2.69526538202265
"rcp26","gfdl-esm2m","IND_3","11","irrigation_sw_diversion",1.54190879863696
"rcp26","gfdl-esm2m","IND_3","12","irrigation_sw_diversion",0.750632926375495
"rcp26","gfdl-esm2m","IND_3","2","irrigation_sw_diversion",4.03078158413499
"rcp26","gfdl-esm2m","IND_3","3","irrigation_sw_diversion",5.33248106219763
"rcp26","gfdl-esm2m","IND_3","4","irrigation_sw_diversion",5.53554964721799
"rcp26","gfdl-esm2m","IND_3","5","irrigation_sw_diversion",5.21386555479674
"rcp26","gfdl-esm2m","IND_3","6","irrigation_sw_diversion",7.59015088597433
"rcp26","gfdl-esm2m","IND_3","7","irrigation_sw_diversion",8.63881169485016
"rcp26","gfdl-esm2m","IND_3","8","irrigation_sw_diversion",7.62270846689389
"rcp26","gfdl-esm2m","IND_3","9","irrigation_sw_diversion",5.33722932886873
"rcp26","gfdl-esm2m","IND_4","1","irrigation_sw_diversion",53.5949485720799
"rcp26","gfdl-esm2m","IND_4","10","irrigation_sw_diversion",35.2349290872613
"rcp26","gfdl-esm2m","IND_4","11","irrigation_sw_diversion",30.5158565607955
"rcp26","gfdl-esm2m","IND_4","12","irrigation_sw_diversion",20.5736737747889
"rcp26","gfdl-esm2m","IND_4","2","irrigation_sw_diversion",94.8341878450002
"rcp26","gfdl-esm2m","IND_4","3","irrigation_sw_diversion",139.077750446568
"rcp26","gfdl-esm2m","IND_4","4","irrigation_sw_diversion",132.648270729937
"rcp26","gfdl-esm2m","IND_4","5","irrigation_sw_diversion",114.218863781229
"rcp26","gfdl-esm2m","IND_4","6","irrigation_sw_diversion",88.7654419729376
"rcp26","gfdl-esm2m","IND_4","7","irrigation_sw_diversion",100.984323348842
"rcp26","gfdl-esm2m","IND_4","8","irrigation_sw_diversion",86.4680726337599
"rcp26","gfdl-esm2m","IND_4","9","irrigation_sw_diversion",56.7912013572077
"rcp26","gfdl-esm2m","IND_5","1","irrigation_sw_diversion",0
"rcp26","gfdl-esm2m","IND_5","10","irrigation_sw_diversion",0
"rcp26","gfdl-esm2m","IND_5","11","irrigation_sw_diversion",0
"rcp26","gfdl-esm2m","IND_5","12","irrigation_sw_diversion",0
"rcp26","gfdl-esm2m","IND_5","2","irrigation_sw_diversion",0
"rcp26","gfdl-esm2m","IND_5","3","irrigation_sw_diversion",0
"rcp26","gfdl-esm2m","IND_5","4","irrigation_sw_diversion",0
"rcp26","gfdl-esm2m","IND_5","5","irrigation_sw_diversion",0
"rcp26","gfdl-esm2m","IND_5","6","irrigation_sw_diversion",0
"rcp26","gfdl-esm2m","IND_5","7","irrigation_sw_diversion",0
"rcp26","gfdl-esm2m","IND_5","8","irrigation_sw_diversion",0
"rcp26","gfdl-esm2m","IND_5","9","irrigation_sw_diversion",0
"rcp26","gfdl-esm2m","IND_6","1","irrigation_sw_diversion",0
"rcp26","gfdl-esm2m","IND_6","10","irrigation_sw_diversion",0
"rcp26","gfdl-esm2m","IND_6","11","irrigation_sw_diversion",0
"rcp26","gfdl-esm2m","IND_6","12","irrigation_sw_diversion",0
"rcp26","gfdl-esm2m","IND_6","2","irrigation_sw_diversion",0
"rcp26","gfdl-esm2m","IND_6","3","irrigation_sw_diversion",0
"rcp26","gfdl-esm2m","IND_6","4","irrigation_sw_diversion",0
"rcp26","gfdl-esm2m","IND_6","5","irrigation_sw_diversion",0
"rcp26","gfdl-esm2m","IND_6","6","irrigation_sw_diversion",0
"rcp26","gfdl-esm2m","IND_6","7","irrigation_sw_diversion",0
"rcp26","gfdl-esm2m","IND_6","8","irrigation_sw_diversion",0
"rcp26","gfdl-esm2m","IND_6","9","irrigation_sw_diversion",0
"rcp26","gfdl-esm2m","PAK_1","1","irrigation_sw_diversion",3.41073434747438
"rcp26","gfdl-esm2m","PAK_1","10","irrigation_sw_diversion",3.51993010222809
"rcp26","gfdl-esm2m","PAK_1","11","irrigation_sw_diversion",2.33092074747729
"rcp26","gfdl-esm2m","PAK_1","12","irrigation_sw_diversion",0.942211172100871
"rcp26","gfdl-esm2m","PAK_1","2","irrigation_sw_diversion",6.30278103480959
"rcp26","gfdl-esm2m","PAK_1","3","irrigation_sw_diversion",8.76757752010121
"rcp26","gfdl-esm2m","PAK_1","4","irrigation_sw_diversion",9.31077935424844
"rcp26","gfdl-esm2m","PAK_1","5","irrigation_sw_diversion",10.0087396766791
"rcp26","gfdl-esm2m","PAK_1","6","irrigation_sw_diversion",10.4409519212112
"rcp26","gfdl-esm2m","PAK_1","7","irrigation_sw_diversion",13.1276117636075
"rcp26","gfdl-esm2m","PAK_1","8","irrigation_sw_diversion",12.0887052943009
"rcp26","gfdl-esm2m","PAK_1","9","irrigation_sw_diversion",7.36270743951801
"rcp26","gfdl-esm2m","PAK_10","1","irrigation_sw_diversion",28.9581923906156
"rcp26","gfdl-esm2m","PAK_10","10","irrigation_sw_diversion",26.3721497344242
"rcp26","gfdl-esm2m","PAK_10","11","irrigation_sw_diversion",18.0303896020161
"rcp26","gfdl-esm2m","PAK_10","12","irrigation_sw_diversion",12.0510198038724
"rcp26","gfdl-esm2m","PAK_10","2","irrigation_sw_diversion",53.1523216240344
"rcp26","gfdl-esm2m","PAK_10","3","irrigation_sw_diversion",70.5454395981743
"rcp26","gfdl-esm2m","PAK_10","4","irrigation_sw_diversion",66.0198372531778
"rcp26","gfdl-esm2m","PAK_10","5","irrigation_sw_diversion",60.8118387247596
"rcp26","gfdl-esm2m","PAK_10","6","irrigation_sw_diversion",67.8247167733734
"rcp26","gfdl-esm2m","PAK_10","7","irrigation_sw_diversion",97.87846473641
"rcp26","gfdl-esm2m","PAK_10","8","irrigation_sw_diversion",94.1555569704431
"rcp26","gfdl-esm2m","PAK_10","9","irrigation_sw_diversion",57.2630166819361
"rcp26","gfdl-esm2m","PAK_11","1","irrigation_sw_diversion",0
"rcp26","gfdl-esm2m","PAK_11","10","irrigation_sw_diversion",0
"rcp26","gfdl-esm2m","PAK_11","11","irrigation_sw_diversion",0
"rcp26","gfdl-esm2m","PAK_11","12","irrigation_sw_diversion",0
"rcp26","gfdl-esm2m","PAK_11","2","irrigation_sw_diversion",0
"rcp26","gfdl-esm2m","PAK_11","3","irrigation_sw_diversion",0
"rcp26","gfdl-esm2m","PAK_11","4","irrigation_sw_diversion",0
"rcp26","gfdl-esm2m","PAK_11","5","irrigation_sw_diversion",0
"rcp26","gfdl-esm2m","PAK_11","6","irrigation_sw_diversion",0
"rcp26","gfdl-esm2m","PAK_11","7","irrigation_sw_diversion",0
"rcp26","gfdl-esm2m","PAK_11","8","irrigation_sw_diversion",0
"rcp26","gfdl-esm2m","PAK_11","9","irrigation_sw_diversion",0
"rcp26","gfdl-esm2m","PAK_12","1","irrigation_sw_diversion",11.114546454258
"rcp26","gfdl-esm2m","PAK_12","10","irrigation_sw_diversion",12.9188988030108
"rcp26","gfdl-esm2m","PAK_12","11","irrigation_sw_diversion",8.03538117586855
"rcp26","gfdl-esm2m","PAK_12","12","irrigation_sw_diversion",5.23790451062256
"rcp26","gfdl-esm2m","PAK_12","2","irrigation_sw_diversion",17.7765447211091
"rcp26","gfdl-esm2m","PAK_12","3","irrigation_sw_diversion",21.7518414139227
"rcp26","gfdl-esm2m","PAK_12","4","irrigation_sw_diversion",21.8729334721341
"rcp26","gfdl-esm2m","PAK_12","5","irrigation_sw_diversion",24.9020156106296
"rcp26","gfdl-esm2m","PAK_12","6","irrigation_sw_diversion",29.0359537927191
"rcp26","gfdl-esm2m","PAK_12","7","irrigation_sw_diversion",37.722115678049
"rcp26","gfdl-esm2m","PAK_12","8","irrigation_sw_diversion",37.843359923799
"rcp26","gfdl-esm2m","PAK_12","9","irrigation_sw_diversion",24.4061550686146
"rcp26","gfdl-esm2m","PAK_2","1","irrigation_sw_diversion",5.46131340781815
"rcp26","gfdl-esm2m","PAK_2","10","irrigation_sw_diversion",6.54867321985834
"rcp26","gfdl-esm2m","PAK_2","11","irrigation_sw_diversion",3.6159408582901
"rcp26","gfdl-esm2m","PAK_2","12","irrigation_sw_diversion",1.63609850593605
"rcp26","gfdl-esm2m","PAK_2","2","irrigation_sw_diversion",9.9690940142342
"rcp26","gfdl-esm2m","PAK_2","3","irrigation_sw_diversion",14.1110399172788
"rcp26","gfdl-esm2m","PAK_2","4","irrigation_sw_diversion",14.6668376697261
"rcp26","gfdl-esm2m","PAK_2","5","irrigation_sw_diversion",15.0654441258713
"rcp26","gfdl-esm2m","PAK_2","6","irrigation_sw_diversion",19.3750393261618
"rcp26","gfdl-esm2m","PAK_2","7","irrigation_sw_diversion",26.0302208796329
"rcp26","gfdl-esm2m","PAK_2","8","irrigation_sw_diversion",23.4171260081855
"rcp26","gfdl-esm2m","PAK_2","9","irrigation_sw_diversion",14.2678333575267
"rcp26","gfdl-esm2m","PAK_3","1","irrigation_sw_diversion",12.7994206792145
"rcp26","gfdl-esm2m","PAK_3","10","irrigation_sw_diversion",13.5267715065646
"rcp26","gfdl-esm2m","PAK_3","11","irrigation_sw_diversion",7.85892240467358
"rcp26","gfdl-esm2m","PAK_3","12","irrigation_sw_diversion",5.20938296981674
"rcp26","gfdl-esm2m","PAK_3","2","irrigation_sw_diversion",22.7584953375852
"rcp26","gfdl-esm2m","PAK_3","3","irrigation_sw_diversion",29.102954123426
"rcp26","gfdl-esm2m","PAK_3","4","irrigation_sw_diversion",26.9338019698443
"rcp26","gfdl-esm2m","PAK_3","5","irrigation_sw_diversion",25.1890462512538
"rcp26","gfdl-esm2m","PAK_3","6","irrigation_sw_diversion",31.1338871423732
"rcp26","gfdl-esm2m","PAK_3","7","irrigation_sw_diversion",44.8452263357023
"rcp26","gfdl-esm2m","PAK_3","8","irrigation_sw_diversion",46.311545543139
"rcp26","gfdl-esm2m","PAK_3","9","irrigation_sw_diversion",28.9449445230749
"rcp26","gfdl-esm2m","PAK_4","1","irrigation_sw_diversion",47.1987861646493
"rcp26","gfdl-esm2m","PAK_4","10","irrigation_sw_diversion",28.0254420881235
"rcp26","gfdl-esm2m","PAK_4","11","irrigation_sw_diversion",22.2503662942323
"rcp26","gfdl-esm2m","PAK_4","12","irrigation_sw_diversion",21.1397747457516
"rcp26","gfdl-esm2m","PAK_4","2","irrigation_sw_diversion",67.6168348117502
"rcp26","gfdl-esm2m","PAK_4","3","irrigation_sw_diversion",80.1420267150916
"rcp26","gfdl-esm2m","PAK_4","4","irrigation_sw_diversion",72.2985621834015
"rcp26","gfdl-esm2m","PAK_4","5","irrigation_sw_diversion",60.0799149189621
"rcp26","gfdl-esm2m","PAK_4","6","irrigation_sw_diversion",72.3465545495273
"rcp26","gfdl-esm2m","PAK_4","7","irrigation_sw_diversion",95.7224362123779
"rcp26","gfdl-esm2m","PAK_4","8","irrigation_sw_diversion",91.5622478682705
"rcp26","gfdl-esm2m","PAK_4","9","irrigation_sw_diversion",61.379718354662
"rcp26","gfdl-esm2m","PAK_5","1","irrigation_sw_diversion",21.2823607599178
"rcp26","gfdl-esm2m","PAK_5","10","irrigation_sw_diversion",18.5885551215707
"rcp26","gfdl-esm2m","PAK_5","11","irrigation_sw_diversion",13.5620147679506
"rcp26","gfdl-esm2m","PAK_5","12","irrigation_sw_diversion",10.4383817373646
"rcp26","gfdl-esm2m","PAK_5","2","irrigation_sw_diversion",35.6724474763634
"rcp26","gfdl-esm2m","PAK_5","3","irrigation_sw_diversion",37.5537133516317
"rcp26","gfdl-esm2m","PAK_5","4","irrigation_sw_diversion",38.5208901365278
"rcp26","gfdl-esm2m","PAK_5","5","irrigation_sw_diversion",36.9931011074314
"rcp26","gfdl-esm2m","PAK_5","6","irrigation_sw_diversion",43.495045329576
"rcp26","gfdl-esm2m","PAK_5","7","irrigation_sw_diversion",52.2539780867249
"rcp26","gfdl-esm2m","PAK_5","8","irrigation_sw_diversion",51.2977908940792
"rcp26","gfdl-esm2m","PAK_5","9","irrigation_sw_diversion",35.4331339670887
"rcp26","gfdl-esm2m","PAK_6","1","irrigation_sw_diversion",31.2054428046224
"rcp26","gfdl-esm2m","PAK_6","10","irrigation_sw_diversion",17.4843019017141
"rcp26","gfdl-esm2m","PAK_6","11","irrigation_sw_diversion",16.2397459716297
"rcp26","gfdl-esm2m","PAK_6","12","irrigation_sw_diversion",14.714997574644
"rcp26","gfdl-esm2m","PAK_6","2","irrigation_sw_diversion",49.2388607892159
"rcp26","gfdl-esm2m","PAK_6","3","irrigation_sw_diversion",51.7519125932194
"rcp26","gfdl-esm2m","PAK_6","4","irrigation_sw_diversion",49.4878359844585
"rcp26","gfdl-esm2m","PAK_6","5","irrigation_sw_diversion",43.4278063120158
"rcp26","gfdl-esm2m","PAK_6","6","irrigation_sw_diversion",43.1334586723958
"rcp26","gfdl-esm2m","PAK_6","7","irrigation_sw_diversion",50.7833563348232
"rcp26","gfdl-esm2m","PAK_6","8","irrigation_sw_diversion",48.2182287168387
"rcp26","gfdl-esm2m","PAK_6","9","irrigation_sw_diversion",32.3380495131446
"rcp26","gfdl-esm2m","PAK_7","1","irrigation_sw_diversion",0.439553594554882
"rcp26","gfdl-esm2m","PAK_7","10","irrigation_sw_diversion",1.65955097169532
"rcp26","gfdl-esm2m","PAK_7","11","irrigation_sw_diversion",0.693214426962743
"rcp26","gfdl-esm2m","PAK_7","12","irrigation_sw_diversion",0.326225250652121
"rcp26","gfdl-esm2m","PAK_7","2","irrigation_sw_diversion",0.697449991110659
"rcp26","gfdl-esm2m","PAK_7","3","irrigation_sw_diversion",0.857924106628479
"rcp26","gfdl-esm2m","PAK_7","4","irrigation_sw_diversion",1.38370919558659
"rcp26","gfdl-esm2m","PAK_7","5","irrigation_sw_diversion",2.45910539882107
"rcp26","gfdl-esm2m","PAK_7","6","irrigation_sw_diversion",2.96217738994652
"rcp26","gfdl-esm2m","PAK_7","7","irrigation_sw_diversion",3.55273484100343
"rcp26","gfdl-esm2m","PAK_7","8","irrigation_sw_diversion",3.76091021259791
"rcp26","gfdl-esm2m","PAK_7","9","irrigation_sw_diversion",3.14966140358877
"rcp26","gfdl-esm2m","PAK_8","1","irrigation_sw_diversion",0.0426146432367737
"rcp26","gfdl-esm2m","PAK_8","10","irrigation_sw_diversion",0.231468635021665
"rcp26","gfdl-esm2m","PAK_8","11","irrigation_sw_diversion",0.10785491333851
"rcp26","gfdl-esm2m","PAK_8","12","irrigation_sw_diversion",0.033764527693607
"rcp26","gfdl-esm2m","PAK_8","2","irrigation_sw_diversion",0.0716243016891805
"rcp26","gfdl-esm2m","PAK_8","3","irrigation_sw_diversion",0.0957035958211492
"rcp26","gfdl-esm2m","PAK_8","4","irrigation_sw_diversion",0.248673647196647
"rcp26","gfdl-esm2m","PAK_8","5","irrigation_sw_diversion",0.416640122822488
"rcp26","gfdl-esm2m","PAK_8","6","irrigation_sw_diversion",0.547251119672944
"rcp26","gfdl-esm2m","PAK_8","7","irrigation_sw_diversion",0.560421086050134
"rcp26","gfdl-esm2m","PAK_8","8","irrigation_sw_diversion",0.539936714300756
"rcp26","gfdl-esm2m","PAK_8","9","irrigation_sw_diversion",0.443574462504749
"rcp26","gfdl-esm2m","PAK_9","1","irrigation_sw_diversion",7.57625074490226
"rcp26","gfdl-esm2m","PAK_9","10","irrigation_sw_diversion",14.1330831061752
"rcp26","gfdl-esm2m","PAK_9","11","irrigation_sw_diversion",6.33305438043551
"rcp26","gfdl-esm2m","PAK_9","12","irrigation_sw_diversion",2.75622602563163
"rcp26","gfdl-esm2m","PAK_9","2","irrigation_sw_diversion",13.8671536434078
"rcp26","gfdl-esm2m","PAK_9","3","irrigation_sw_diversion",20.0735665376466
"rcp26","gfdl-esm2m","PAK_9","4","irrigation_sw_diversion",20.1241660430219
"rcp26","gfdl-esm2m","PAK_9","5","irrigation_sw_diversion",22.9164606686619
"rcp26","gfdl-esm2m","PAK_9","6","irrigation_sw_diversion",38.7780869232515
"rcp26","gfdl-esm2m","PAK_9","7","irrigation_sw_diversion",57.3384887472958
"rcp26","gfdl-esm2m","PAK_9","8","irrigation_sw_diversion",51.3403748036714
"rcp26","gfdl-esm2m","PAK_9","9","irrigation_sw_diversion",31.5230221414429
"rcp26","hadgem2-es","AFG_1","1","irrigation_sw_diversion",1.51367234907428
"rcp26","hadgem2-es","AFG_1","10","irrigation_sw_diversion",0.911262287115569
"rcp26","hadgem2-es","AFG_1","11","irrigation_sw_diversion",0.782892734892029
"rcp26","hadgem2-es","AFG_1","12","irrigation_sw_diversion",0.79027727985627
"rcp26","hadgem2-es","AFG_1","2","irrigation_sw_diversion",1.98694230368648
"rcp26","hadgem2-es","AFG_1","3","irrigation_sw_diversion",3.27568621126851
"rcp26","hadgem2-es","AFG_1","4","irrigation_sw_diversion",3.00535434264403
"rcp26","hadgem2-es","AFG_1","5","irrigation_sw_diversion",2.45095367805762
"rcp26","hadgem2-es","AFG_1","6","irrigation_sw_diversion",1.91579153195439
"rcp26","hadgem2-es","AFG_1","7","irrigation_sw_diversion",2.41463580413603
"rcp26","hadgem2-es","AFG_1","8","irrigation_sw_diversion",2.64770852997353
"rcp26","hadgem2-es","AFG_1","9","irrigation_sw_diversion",1.93625725907152
"rcp26","hadgem2-es","AFG_2","1","irrigation_sw_diversion",3.12193674870215
"rcp26","hadgem2-es","AFG_2","10","irrigation_sw_diversion",4.12577741057502
"rcp26","hadgem2-es","AFG_2","11","irrigation_sw_diversion",2.35989123078923
"rcp26","hadgem2-es","AFG_2","12","irrigation_sw_diversion",2.05133425079775
"rcp26","hadgem2-es","AFG_2","2","irrigation_sw_diversion",3.38855790590673
"rcp26","hadgem2-es","AFG_2","3","irrigation_sw_diversion",7.82767407430613
"rcp26","hadgem2-es","AFG_2","4","irrigation_sw_diversion",8.75420738286117
"rcp26","hadgem2-es","AFG_2","5","irrigation_sw_diversion",9.56983685213192
"rcp26","hadgem2-es","AFG_2","6","irrigation_sw_diversion",10.6966978284224
"rcp26","hadgem2-es","AFG_2","7","irrigation_sw_diversion",14.1727705218184
"rcp26","hadgem2-es","AFG_2","8","irrigation_sw_diversion",14.9020422579624
"rcp26","hadgem2-es","AFG_2","9","irrigation_sw_diversion",9.98449976968599
"rcp26","hadgem2-es","CHN_1","11","irrigation_sw_diversion",0
"rcp26","hadgem2-es","CHN_1","12","irrigation_sw_diversion",0
"rcp26","hadgem2-es","CHN_1","3","irrigation_sw_diversion",0
"rcp26","hadgem2-es","CHN_1","4","irrigation_sw_diversion",0
"rcp26","hadgem2-es","CHN_1","5","irrigation_sw_diversion",0
"rcp26","hadgem2-es","IND_1","1","irrigation_sw_diversion",0
"rcp26","hadgem2-es","IND_1","10","irrigation_sw_diversion",0
"rcp26","hadgem2-es","IND_1","11","irrigation_sw_diversion",0
"rcp26","hadgem2-es","IND_1","12","irrigation_sw_diversion",0
"rcp26","hadgem2-es","IND_1","2","irrigation_sw_diversion",0
"rcp26","hadgem2-es","IND_1","3","irrigation_sw_diversion",0
"rcp26","hadgem2-es","IND_1","4","irrigation_sw_diversion",0
"rcp26","hadgem2-es","IND_1","5","irrigation_sw_diversion",0
"rcp26","hadgem2-es","IND_1","6","irrigation_sw_diversion",0
"rcp26","hadgem2-es","IND_1","7","irrigation_sw_diversion",0
"rcp26","hadgem2-es","IND_1","8","irrigation_sw_diversion",0
"rcp26","hadgem2-es","IND_1","9","irrigation_sw_diversion",0
"rcp26","hadgem2-es","IND_2","1","irrigation_sw_diversion",0.0279461169917377
"rcp26","hadgem2-es","IND_2","10","irrigation_sw_diversion",0.094104909122964
"rcp26","hadgem2-es","IND_2","11","irrigation_sw_diversion",0.0514620619528324
"rcp26","hadgem2-es","IND_2","12","irrigation_sw_diversion",0.0412902623368407
"rcp26","hadgem2-es","IND_2","2","irrigation_sw_diversion",0.0707825109987101
"rcp26","hadgem2-es","IND_2","3","irrigation_sw_diversion",0.145389410532109
"rcp26","hadgem2-es","IND_2","4","irrigation_sw_diversion",0.171401821674668
"rcp26","hadgem2-es","IND_2","5","irrigation_sw_diversion",0.13774195186221
"rcp26","hadgem2-es","IND_2","6","irrigation_sw_diversion",0.0632503922200321
"rcp26","hadgem2-es","IND_2","7","irrigation_sw_diversion",0.0122680022355926
"rcp26","hadgem2-es","IND_2","8","irrigation_sw_diversion",0.0548440842349712
"rcp26","hadgem2-es","IND_2","9","irrigation_sw_diversion",0.14939693676412
"rcp26","hadgem2-es","IND_3","1","irrigation_sw_diversion",1.8204687767747
"rcp26","hadgem2-es","IND_3","10","irrigation_sw_diversion",2.46599449346263
"rcp26","hadgem2-es","IND_3","11","irrigation_sw_diversion",1.73303887046871
"rcp26","hadgem2-es","IND_3","12","irrigation_sw_diversion",1.63458958959335
"rcp26","hadgem2-es","IND_3","2","irrigation_sw_diversion",4.83167821231956
"rcp26","hadgem2-es","IND_3","3","irrigation_sw_diversion",7.50392676706034
"rcp26","hadgem2-es","IND_3","4","irrigation_sw_diversion",7.40821606137599
"rcp26","hadgem2-es","IND_3","5","irrigation_sw_diversion",5.74023750890535
"rcp26","hadgem2-es","IND_3","6","irrigation_sw_diversion",6.67064226366099
"rcp26","hadgem2-es","IND_3","7","irrigation_sw_diversion",4.86053519202072
"rcp26","hadgem2-es","IND_3","8","irrigation_sw_diversion",6.53923274075774
"rcp26","hadgem2-es","IND_3","9","irrigation_sw_diversion",5.19279608830467
"rcp26","hadgem2-es","IND_4","1","irrigation_sw_diversion",47.0013187715896
"rcp26","hadgem2-es","IND_4","10","irrigation_sw_diversion",37.4943614763827
"rcp26","hadgem2-es","IND_4","11","irrigation_sw_diversion",28.7036720031533
"rcp26","hadgem2-es","IND_4","12","irrigation_sw_diversion",27.4437789810504
"rcp26","hadgem2-es","IND_4","2","irrigation_sw_diversion",96.7491774202231
"rcp26","hadgem2-es","IND_4","3","irrigation_sw_diversion",142.444522451604
"rcp26","hadgem2-es","IND_4","4","irrigation_sw_diversion",137.804132516722
"rcp26","hadgem2-es","IND_4","5","irrigation_sw_diversion",104.354532042527
"rcp26","hadgem2-es","IND_4","6","irrigation_sw_diversion",93.469850422333
"rcp26","hadgem2-es","IND_4","7","irrigation_sw_diversion",81.3672044527488
"rcp26","hadgem2-es","IND_4","8","irrigation_sw_diversion",96.0969322384758
"rcp26","hadgem2-es","IND_4","9","irrigation_sw_diversion",61.3707003462818
"rcp26","hadgem2-es","IND_5","1","irrigation_sw_diversion",0
"rcp26","hadgem2-es","IND_5","10","irrigation_sw_diversion",0
"rcp26","hadgem2-es","IND_5","11","irrigation_sw_diversion",0
"rcp26","hadgem2-es","IND_5","12","irrigation_sw_diversion",0
"rcp26","hadgem2-es","IND_5","2","irrigation_sw_diversion",0
"rcp26","hadgem2-es","IND_5","3","irrigation_sw_diversion",0
"rcp26","hadgem2-es","IND_5","4","irrigation_sw_diversion",0
"rcp26","hadgem2-es","IND_5","5","irrigation_sw_diversion",0
"rcp26","hadgem2-es","IND_5","6","irrigation_sw_diversion",0
"rcp26","hadgem2-es","IND_5","7","irrigation_sw_diversion",0
"rcp26","hadgem2-es","IND_5","8","irrigation_sw_diversion",0
"rcp26","hadgem2-es","IND_5","9","irrigation_sw_diversion",0
"rcp26","hadgem2-es","IND_6","1","irrigation_sw_diversion",0
"rcp26","hadgem2-es","IND_6","10","irrigation_sw_diversion",0
"rcp26","hadgem2-es","IND_6","11","irrigation_sw_diversion",0
"rcp26","hadgem2-es","IND_6","12","irrigation_sw_diversion",0
"rcp26","hadgem2-es","IND_6","2","irrigation_sw_diversion",0
"rcp26","hadgem2-es","IND_6","3","irrigation_sw_diversion",0
"rcp26","hadgem2-es","IND_6","4","irrigation_sw_diversion",0
"rcp26","hadgem2-es","IND_6","5","irrigation_sw_diversion",0
"rcp26","hadgem2-es","IND_6","6","irrigation_sw_diversion",0
"rcp26","hadgem2-es","IND_6","7","irrigation_sw_diversion",0
"rcp26","hadgem2-es","IND_6","8","irrigation_sw_diversion",0
"rcp26","hadgem2-es","IND_6","9","irrigation_sw_diversion",0
"rcp26","hadgem2-es","PAK_1","1","irrigation_sw_diversion",3.38915082385162
"rcp26","hadgem2-es","PAK_1","10","irrigation_sw_diversion",3.05737371132485
"rcp26","hadgem2-es","PAK_1","11","irrigation_sw_diversion",2.1862746651103
"rcp26","hadgem2-es","PAK_1","12","irrigation_sw_diversion",1.9117593077999
"rcp26","hadgem2-es","PAK_1","2","irrigation_sw_diversion",6.09239117834034
"rcp26","hadgem2-es","PAK_1","3","irrigation_sw_diversion",10.040310421281
"rcp26","hadgem2-es","PAK_1","4","irrigation_sw_diversion",10.4027514473898
"rcp26","hadgem2-es","PAK_1","5","irrigation_sw_diversion",9.93949441225246
"rcp26","hadgem2-es","PAK_1","6","irrigation_sw_diversion",9.83301236595115
"rcp26","hadgem2-es","PAK_1","7","irrigation_sw_diversion",8.72142759002889
"rcp26","hadgem2-es","PAK_1","8","irrigation_sw_diversion",9.41406072269618
"rcp26","hadgem2-es","PAK_1","9","irrigation_sw_diversion",6.51173131855702
"rcp26","hadgem2-es","PAK_10","1","irrigation_sw_diversion",32.6972035129458
"rcp26","hadgem2-es","PAK_10","10","irrigation_sw_diversion",25.5263725517491
"rcp26","hadgem2-es","PAK_10","11","irrigation_sw_diversion",17.4731201307159
"rcp26","hadgem2-es","PAK_10","12","irrigation_sw_diversion",13.6211261145145
"rcp26","hadgem2-es","PAK_10","2","irrigation_sw_diversion",64.118859974089
"rcp26","hadgem2-es","PAK_10","3","irrigation_sw_diversion",77.6554893602787
"rcp26","hadgem2-es","PAK_10","4","irrigation_sw_diversion",62.5107264074412
"rcp26","hadgem2-es","PAK_10","5","irrigation_sw_diversion",50.8576395048435
"rcp26","hadgem2-es","PAK_10","6","irrigation_sw_diversion",53.2655516682973
"rcp26","hadgem2-es","PAK_10","7","irrigation_sw_diversion",78.8213932255642
"rcp26","hadgem2-es","PAK_10","8","irrigation_sw_diversion",95.4359182939596
"rcp26","hadgem2-es","PAK_10","9","irrigation_sw_diversion",63.4048065319021
"rcp26","hadgem2-es","PAK_11","1","irrigation_sw_diversion",0
"rcp26","hadgem2-es","PAK_11","10","irrigation_sw_diversion",0
"rcp26","hadgem2-es","PAK_11","11","irrigation_sw_diversion",0
"rcp26","hadgem2-es","PAK_11","12","irrigation_sw_diversion",0
"rcp26","hadgem2-es","PAK_11","2","irrigation_sw_diversion",0
"rcp26","hadgem2-es","PAK_11","3","irrigation_sw_diversion",0
"rcp26","hadgem2-es","PAK_11","4","irrigation_sw_diversion",0
"rcp26","hadgem2-es","PAK_11","5","irrigation_sw_diversion",0
"rcp26","hadgem2-es","PAK_11","6","irrigation_sw_diversion",0
"rcp26","hadgem2-es","PAK_11","7","irrigation_sw_diversion",0
"rcp26","hadgem2-es","PAK_11","8","irrigation_sw_diversion",0
"rcp26","hadgem2-es","PAK_11","9","irrigation_sw_diversion",0
"rcp26","hadgem2-es","PAK_12","1","irrigation_sw_diversion",11.9390395499439
"rcp26","hadgem2-es","PAK_12","10","irrigation_sw_diversion",10.4630426027099
"rcp26","hadgem2-es","PAK_12","11","irrigation_sw_diversion",7.2837507622544
"rcp26","hadgem2-es","PAK_12","12","irrigation_sw_diversion",5.7483400865199
"rcp26","hadgem2-es","PAK_12","2","irrigation_sw_diversion",18.119841421182
"rcp26","hadgem2-es","PAK_12","3","irrigation_sw_diversion",25.3371465623509
"rcp26","hadgem2-es","PAK_12","4","irrigation_sw_diversion",23.2673575443762
"rcp26","hadgem2-es","PAK_12","5","irrigation_sw_diversion",22.5843374516407
"rcp26","hadgem2-es","PAK_12","6","irrigation_sw_diversion",25.6559221561509
"rcp26","hadgem2-es","PAK_12","7","irrigation_sw_diversion",29.4284038075603
"rcp26","hadgem2-es","PAK_12","8","irrigation_sw_diversion",28.9092270703838
"rcp26","hadgem2-es","PAK_12","9","irrigation_sw_diversion",20.5264713539907
"rcp26","hadgem2-es","PAK_2","1","irrigation_sw_diversion",4.88402739508299
"rcp26","hadgem2-es","PAK_2","10","irrigation_sw_diversion",5.41706843640457
"rcp26","hadgem2-es","PAK_2","11","irrigation_sw_diversion",3.12340487862332
"rcp26","hadgem2-es","PAK_2","12","irrigation_sw_diversion",2.29610037762967
"rcp26","hadgem2-es","PAK_2","2","irrigation_sw_diversion",9.44291294278074
"rcp26","hadgem2-es","PAK_2","3","irrigation_sw_diversion",14.1802537470824
"rcp26","hadgem2-es","PAK_2","4","irrigation_sw_diversion",14.4583327322823
"rcp26","hadgem2-es","PAK_2","5","irrigation_sw_diversion",13.4557567834093
"rcp26","hadgem2-es","PAK_2","6","irrigation_sw_diversion",17.538860714208
"rcp26","hadgem2-es","PAK_2","7","irrigation_sw_diversion",16.3400148788653
"rcp26","hadgem2-es","PAK_2","8","irrigation_sw_diversion",18.4858606497042
"rcp26","hadgem2-es","PAK_2","9","irrigation_sw_diversion",12.5004528072477
"rcp26","hadgem2-es","PAK_3","1","irrigation_sw_diversion",11.4116574827524
"rcp26","hadgem2-es","PAK_3","10","irrigation_sw_diversion",9.85844537391804
"rcp26","hadgem2-es","PAK_3","11","irrigation_sw_diversion",5.94968669240813
"rcp26","hadgem2-es","PAK_3","12","irrigation_sw_diversion",4.7935451381753
"rcp26","hadgem2-es","PAK_3","2","irrigation_sw_diversion",21.09184858059
"rcp26","hadgem2-es","PAK_3","3","irrigation_sw_diversion",27.3614254476384
"rcp26","hadgem2-es","PAK_3","4","irrigation_sw_diversion",24.6843199932175
"rcp26","hadgem2-es","PAK_3","5","irrigation_sw_diversion",20.0382140680546
"rcp26","hadgem2-es","PAK_3","6","irrigation_sw_diversion",25.0186678649116
"rcp26","hadgem2-es","PAK_3","7","irrigation_sw_diversion",34.4118454657044
"rcp26","hadgem2-es","PAK_3","8","irrigation_sw_diversion",37.7799195507627
"rcp26","hadgem2-es","PAK_3","9","irrigation_sw_diversion",24.5821456286366
"rcp26","hadgem2-es","PAK_4","1","irrigation_sw_diversion",46.0759393158963
"rcp26","hadgem2-es","PAK_4","10","irrigation_sw_diversion",28.908042369995
"rcp26","hadgem2-es","PAK_4","11","irrigation_sw_diversion",23.6933167530488
"rcp26","hadgem2-es","PAK_4","12","irrigation_sw_diversion",23.4688001127016
"rcp26","hadgem2-es","PAK_4","2","irrigation_sw_diversion",67.8088834803607
"rcp26","hadgem2-es","PAK_4","3","irrigation_sw_diversion",83.955173686769
"rcp26","hadgem2-es","PAK_4","4","irrigation_sw_diversion",72.2655993602098
"rcp26","hadgem2-es","PAK_4","5","irrigation_sw_diversion",59.5826797756154
"rcp26","hadgem2-es","PAK_4","6","irrigation_sw_diversion",73.0658179468984
"rcp26","hadgem2-es","PAK_4","7","irrigation_sw_diversion",92.0959016343204
"rcp26","hadgem2-es","PAK_4","8","irrigation_sw_diversion",87.310961580721
"rcp26","hadgem2-es","PAK_4","9","irrigation_sw_diversion",61.6267898094108
"rcp26","hadgem2-es","PAK_5","1","irrigation_sw_diversion",24.2160313731261
"rcp26","hadgem2-es","PAK_5","10","irrigation_sw_diversion",16.4512033992398
"rcp26","hadgem2-es","PAK_5","11","irrigation_sw_diversion",13.4819793333062
"rcp26","hadgem2-es","PAK_5","12","irrigation_sw_diversion",11.7391477599149
"rcp26","hadgem2-es","PAK_5","2","irrigation_sw_diversion",39.2063190898601
"rcp26","hadgem2-es","PAK_5","3","irrigation_sw_diversion",47.487000076939
"rcp26","hadgem2-es","PAK_5","4","irrigation_sw_diversion",43.2564073871683
"rcp26","hadgem2-es","PAK_5","5","irrigation_sw_diversion",38.7652989482833
"rcp26","hadgem2-es","PAK_5","6","irrigation_sw_diversion",39.7579354094866
"rcp26","hadgem2-es","PAK_5","7","irrigation_sw_diversion",44.8911598393056
"rcp26","hadgem2-es","PAK_5","8","irrigation_sw_diversion",43.5789555601248
"rcp26","hadgem2-es","PAK_5","9","irrigation_sw_diversion",32.5382021370981
"rcp26","hadgem2-es","PAK_6","1","irrigation_sw_diversion",32.3059975638552
"rcp26","hadgem2-es","PAK_6","10","irrigation_sw_diversion",16.4479679756244
"rcp26","hadgem2-es","PAK_6","11","irrigation_sw_diversion",16.1129818334705
"rcp26","hadgem2-es","PAK_6","12","irrigation_sw_diversion",15.7832442572137
"rcp26","hadgem2-es","PAK_6","2","irrigation_sw_diversion",49.8216152908932
"rcp26","hadgem2-es","PAK_6","3","irrigation_sw_diversion",61.3718069763381
"rcp26","hadgem2-es","PAK_6","4","irrigation_sw_diversion",52.968736494202
"rcp26","hadgem2-es","PAK_6","5","irrigation_sw_diversion",43.9973270620783
"rcp26","hadgem2-es","PAK_6","6","irrigation_sw_diversion",40.6132311465795
"rcp26","hadgem2-es","PAK_6","7","irrigation_sw_diversion",45.6192082719516
"rcp26","hadgem2-es","PAK_6","8","irrigation_sw_diversion",42.5582664057338
"rcp26","hadgem2-es","PAK_6","9","irrigation_sw_diversion",30.4458717817287
"rcp26","hadgem2-es","PAK_7","1","irrigation_sw_diversion",0.634250496746039
"rcp26","hadgem2-es","PAK_7","10","irrigation_sw_diversion",1.51655305383415
"rcp26","hadgem2-es","PAK_7","11","irrigation_sw_diversion",0.783607560400058
"rcp26","hadgem2-es","PAK_7","12","irrigation_sw_diversion",0.466156081311147
"rcp26","hadgem2-es","PAK_7","2","irrigation_sw_diversion",0.811109407054309
"rcp26","hadgem2-es","PAK_7","3","irrigation_sw_diversion",1.49101628631618
"rcp26","hadgem2-es","PAK_7","4","irrigation_sw_diversion",1.75717538613122
"rcp26","hadgem2-es","PAK_7","5","irrigation_sw_diversion",2.36199275467153
"rcp26","hadgem2-es","PAK_7","6","irrigation_sw_diversion",2.80304220211958
"rcp26","hadgem2-es","PAK_7","7","irrigation_sw_diversion",2.92925028168861
"rcp26","hadgem2-es","PAK_7","8","irrigation_sw_diversion",3.24197454965867
"rcp26","hadgem2-es","PAK_7","9","irrigation_sw_diversion",2.67666286254392
"rcp26","hadgem2-es","PAK_8","1","irrigation_sw_diversion",0.0582685685432463
"rcp26","hadgem2-es","PAK_8","10","irrigation_sw_diversion",0.224945051443167
"rcp26","hadgem2-es","PAK_8","11","irrigation_sw_diversion",0.116279195017201
"rcp26","hadgem2-es","PAK_8","12","irrigation_sw_diversion",0.0722002214948572
"rcp26","hadgem2-es","PAK_8","2","irrigation_sw_diversion",0.0652196337996472
"rcp26","hadgem2-es","PAK_8","3","irrigation_sw_diversion",0.148116129918398
"rcp26","hadgem2-es","PAK_8","4","irrigation_sw_diversion",0.287409026128473
"rcp26","hadgem2-es","PAK_8","5","irrigation_sw_diversion",0.414963085303529
"rcp26","hadgem2-es","PAK_8","6","irrigation_sw_diversion",0.548766671722199
"rcp26","hadgem2-es","PAK_8","7","irrigation_sw_diversion",0.414671188777169
"rcp26","hadgem2-es","PAK_8","8","irrigation_sw_diversion",0.47021776338572
"rcp26","hadgem2-es","PAK_8","9","irrigation_sw_diversion",0.397978260296754
"rcp26","hadgem2-es","PAK_9","1","irrigation_sw_diversion",6.32637435916764
"rcp26","hadgem2-es","PAK_9","10","irrigation_sw_diversion",10.9195063019075
"rcp26","hadgem2-es","PAK_9","11","irrigation_sw_diversion",5.05937417530917
"rcp26","hadgem2-es","PAK_9","12","irrigation_sw_diversion",2.88875182400685
"rcp26","hadgem2-es","PAK_9","2","irrigation_sw_diversion",12.656113804287
"rcp26","hadgem2-es","PAK_9","3","irrigation_sw_diversion",18.3611212805048
"rcp26","hadgem2-es","PAK_9","4","irrigation_sw_diversion",17.9558850724554
"rcp26","hadgem2-es","PAK_9","5","irrigation_sw_diversion",18.4854065666139
"rcp26","hadgem2-es","PAK_9","6","irrigation_sw_diversion",32.574227414576
"rcp26","hadgem2-es","PAK_9","7","irrigation_sw_diversion",36.3763987341641
"rcp26","hadgem2-es","PAK_9","8","irrigation_sw_diversion",41.9208748811811
"rcp26","hadgem2-es","PAK_9","9","irrigation_sw_diversion",26.6877468733882
"rcp26","ipsl-cm5a-lr","AFG_1","1","irrigation_sw_diversion",1.42554967523232
"rcp26","ipsl-cm5a-lr","AFG_1","10","irrigation_sw_diversion",0.938989709970937
"rcp26","ipsl-cm5a-lr","AFG_1","11","irrigation_sw_diversion",0.689516172851065
"rcp26","ipsl-cm5a-lr","AFG_1","12","irrigation_sw_diversion",0.708919354362753
"rcp26","ipsl-cm5a-lr","AFG_1","2","irrigation_sw_diversion",2.29706923553246
"rcp26","ipsl-cm5a-lr","AFG_1","3","irrigation_sw_diversion",3.4659519033852
"rcp26","ipsl-cm5a-lr","AFG_1","4","irrigation_sw_diversion",3.41871320058045
"rcp26","ipsl-cm5a-lr","AFG_1","5","irrigation_sw_diversion",2.74027915445098
"rcp26","ipsl-cm5a-lr","AFG_1","6","irrigation_sw_diversion",2.09318987720311
"rcp26","ipsl-cm5a-lr","AFG_1","7","irrigation_sw_diversion",2.51309651971426
"rcp26","ipsl-cm5a-lr","AFG_1","8","irrigation_sw_diversion",2.54299510621503
"rcp26","ipsl-cm5a-lr","AFG_1","9","irrigation_sw_diversion",1.87553058606705
"rcp26","ipsl-cm5a-lr","AFG_2","1","irrigation_sw_diversion",2.93239354723508
"rcp26","ipsl-cm5a-lr","AFG_2","10","irrigation_sw_diversion",4.14760406291135
"rcp26","ipsl-cm5a-lr","AFG_2","11","irrigation_sw_diversion",2.02422925356425
"rcp26","ipsl-cm5a-lr","AFG_2","12","irrigation_sw_diversion",1.65765492044534
"rcp26","ipsl-cm5a-lr","AFG_2","2","irrigation_sw_diversion",4.29358435856177
"rcp26","ipsl-cm5a-lr","AFG_2","3","irrigation_sw_diversion",7.32259791941746
"rcp26","ipsl-cm5a-lr","AFG_2","4","irrigation_sw_diversion",8.5614655005999
"rcp26","ipsl-cm5a-lr","AFG_2","5","irrigation_sw_diversion",9.60236223485187
"rcp26","ipsl-cm5a-lr","AFG_2","6","irrigation_sw_diversion",11.3799169372407
"rcp26","ipsl-cm5a-lr","AFG_2","7","irrigation_sw_diversion",14.6559919638522
"rcp26","ipsl-cm5a-lr","AFG_2","8","irrigation_sw_diversion",14.656685769521
"rcp26","ipsl-cm5a-lr","AFG_2","9","irrigation_sw_diversion",9.80761091920508
"rcp26","ipsl-cm5a-lr","CHN_1","1","irrigation_sw_diversion",0
"rcp26","ipsl-cm5a-lr","CHN_1","11","irrigation_sw_diversion",0
"rcp26","ipsl-cm5a-lr","CHN_1","12","irrigation_sw_diversion",0
"rcp26","ipsl-cm5a-lr","CHN_1","3","irrigation_sw_diversion",0
"rcp26","ipsl-cm5a-lr","CHN_1","4","irrigation_sw_diversion",0
"rcp26","ipsl-cm5a-lr","CHN_1","5","irrigation_sw_diversion",0
"rcp26","ipsl-cm5a-lr","IND_1","1","irrigation_sw_diversion",0
"rcp26","ipsl-cm5a-lr","IND_1","10","irrigation_sw_diversion",0
"rcp26","ipsl-cm5a-lr","IND_1","11","irrigation_sw_diversion",0
"rcp26","ipsl-cm5a-lr","IND_1","12","irrigation_sw_diversion",0
"rcp26","ipsl-cm5a-lr","IND_1","2","irrigation_sw_diversion",0
"rcp26","ipsl-cm5a-lr","IND_1","3","irrigation_sw_diversion",0
"rcp26","ipsl-cm5a-lr","IND_1","4","irrigation_sw_diversion",0
"rcp26","ipsl-cm5a-lr","IND_1","5","irrigation_sw_diversion",0
"rcp26","ipsl-cm5a-lr","IND_1","6","irrigation_sw_diversion",0
"rcp26","ipsl-cm5a-lr","IND_1","7","irrigation_sw_diversion",0
"rcp26","ipsl-cm5a-lr","IND_1","8","irrigation_sw_diversion",0
"rcp26","ipsl-cm5a-lr","IND_1","9","irrigation_sw_diversion",0
"rcp26","ipsl-cm5a-lr","IND_2","1","irrigation_sw_diversion",0.0746327584570265
"rcp26","ipsl-cm5a-lr","IND_2","10","irrigation_sw_diversion",0.0944449170160866
"rcp26","ipsl-cm5a-lr","IND_2","11","irrigation_sw_diversion",0.0433743802904527
"rcp26","ipsl-cm5a-lr","IND_2","12","irrigation_sw_diversion",0.0301375023532559
"rcp26","ipsl-cm5a-lr","IND_2","2","irrigation_sw_diversion",0.123979811523556
"rcp26","ipsl-cm5a-lr","IND_2","3","irrigation_sw_diversion",0.155621820688894
"rcp26","ipsl-cm5a-lr","IND_2","4","irrigation_sw_diversion",0.192139837409739
"rcp26","ipsl-cm5a-lr","IND_2","5","irrigation_sw_diversion",0.150294031112992
"rcp26","ipsl-cm5a-lr","IND_2","6","irrigation_sw_diversion",0.0696089762105702
"rcp26","ipsl-cm5a-lr","IND_2","7","irrigation_sw_diversion",0.0571615134020925
"rcp26","ipsl-cm5a-lr","IND_2","8","irrigation_sw_diversion",0.0614036134003007
"rcp26","ipsl-cm5a-lr","IND_2","9","irrigation_sw_diversion",0.138284886704821
"rcp26","ipsl-cm5a-lr","IND_3","1","irrigation_sw_diversion",2.30566413183784
"rcp26","ipsl-cm5a-lr","IND_3","10","irrigation_sw_diversion",2.5979063493816
"rcp26","ipsl-cm5a-lr","IND_3","11","irrigation_sw_diversion",1.2884127837391
"rcp26","ipsl-cm5a-lr","IND_3","12","irrigation_sw_diversion",1.06558870721098
"rcp26","ipsl-cm5a-lr","IND_3","2","irrigation_sw_diversion",4.2685379822899
"rcp26","ipsl-cm5a-lr","IND_3","3","irrigation_sw_diversion",5.67264903974769
"rcp26","ipsl-cm5a-lr","IND_3","4","irrigation_sw_diversion",6.27766329187291
"rcp26","ipsl-cm5a-lr","IND_3","5","irrigation_sw_diversion",5.1465717963168
"rcp26","ipsl-cm5a-lr","IND_3","6","irrigation_sw_diversion",7.85149182741493
"rcp26","ipsl-cm5a-lr","IND_3","7","irrigation_sw_diversion",8.7804038201735
"rcp26","ipsl-cm5a-lr","IND_3","8","irrigation_sw_diversion",6.09559786114817
"rcp26","ipsl-cm5a-lr","IND_3","9","irrigation_sw_diversion",4.97667973699649
"rcp26","ipsl-cm5a-lr","IND_4","1","irrigation_sw_diversion",57.4333916465651
"rcp26","ipsl-cm5a-lr","IND_4","10","irrigation_sw_diversion",32.3571217219319
"rcp26","ipsl-cm5a-lr","IND_4","11","irrigation_sw_diversion",29.9501625858664
"rcp26","ipsl-cm5a-lr","IND_4","12","irrigation_sw_diversion",27.9655761144939
"rcp26","ipsl-cm5a-lr","IND_4","2","irrigation_sw_diversion",109.050944701775
"rcp26","ipsl-cm5a-lr","IND_4","3","irrigation_sw_diversion",154.239946565318
"rcp26","ipsl-cm5a-lr","IND_4","4","irrigation_sw_diversion",159.597240923453
"rcp26","ipsl-cm5a-lr","IND_4","5","irrigation_sw_diversion",117.871115360003
"rcp26","ipsl-cm5a-lr","IND_4","6","irrigation_sw_diversion",82.8019995123295
"rcp26","ipsl-cm5a-lr","IND_4","7","irrigation_sw_diversion",82.3044351397749
"rcp26","ipsl-cm5a-lr","IND_4","8","irrigation_sw_diversion",55.9118704177916
"rcp26","ipsl-cm5a-lr","IND_4","9","irrigation_sw_diversion",45.9071360341775
"rcp26","ipsl-cm5a-lr","IND_5","1","irrigation_sw_diversion",0
"rcp26","ipsl-cm5a-lr","IND_5","10","irrigation_sw_diversion",0
"rcp26","ipsl-cm5a-lr","IND_5","11","irrigation_sw_diversion",0
"rcp26","ipsl-cm5a-lr","IND_5","12","irrigation_sw_diversion",0
"rcp26","ipsl-cm5a-lr","IND_5","2","irrigation_sw_diversion",0
"rcp26","ipsl-cm5a-lr","IND_5","3","irrigation_sw_diversion",0
"rcp26","ipsl-cm5a-lr","IND_5","4","irrigation_sw_diversion",0
"rcp26","ipsl-cm5a-lr","IND_5","5","irrigation_sw_diversion",0
"rcp26","ipsl-cm5a-lr","IND_5","6","irrigation_sw_diversion",0
"rcp26","ipsl-cm5a-lr","IND_5","7","irrigation_sw_diversion",0
"rcp26","ipsl-cm5a-lr","IND_5","8","irrigation_sw_diversion",0
"rcp26","ipsl-cm5a-lr","IND_5","9","irrigation_sw_diversion",0
"rcp26","ipsl-cm5a-lr","IND_6","1","irrigation_sw_diversion",0
"rcp26","ipsl-cm5a-lr","IND_6","10","irrigation_sw_diversion",0
"rcp26","ipsl-cm5a-lr","IND_6","11","irrigation_sw_diversion",0
"rcp26","ipsl-cm5a-lr","IND_6","12","irrigation_sw_diversion",0
"rcp26","ipsl-cm5a-lr","IND_6","2","irrigation_sw_diversion",0
"rcp26","ipsl-cm5a-lr","IND_6","3","irrigation_sw_diversion",0
"rcp26","ipsl-cm5a-lr","IND_6","4","irrigation_sw_diversion",0
"rcp26","ipsl-cm5a-lr","IND_6","5","irrigation_sw_diversion",0
"rcp26","ipsl-cm5a-lr","IND_6","6","irrigation_sw_diversion",0
"rcp26","ipsl-cm5a-lr","IND_6","7","irrigation_sw_diversion",0
"rcp26","ipsl-cm5a-lr","IND_6","8","irrigation_sw_diversion",0
"rcp26","ipsl-cm5a-lr","IND_6","9","irrigation_sw_diversion",0
"rcp26","ipsl-cm5a-lr","PAK_1","1","irrigation_sw_diversion",4.43056968633149
"rcp26","ipsl-cm5a-lr","PAK_1","10","irrigation_sw_diversion",3.24903806038606
"rcp26","ipsl-cm5a-lr","PAK_1","11","irrigation_sw_diversion",2.29699616305882
"rcp26","ipsl-cm5a-lr","PAK_1","12","irrigation_sw_diversion",1.79732019640617
"rcp26","ipsl-cm5a-lr","PAK_1","2","irrigation_sw_diversion",7.62034171134725
"rcp26","ipsl-cm5a-lr","PAK_1","3","irrigation_sw_diversion",11.2862629311856
"rcp26","ipsl-cm5a-lr","PAK_1","4","irrigation_sw_diversion",11.9095370283032
"rcp26","ipsl-cm5a-lr","PAK_1","5","irrigation_sw_diversion",11.3098482049043
"rcp26","ipsl-cm5a-lr","PAK_1","6","irrigation_sw_diversion",10.7843281054756
"rcp26","ipsl-cm5a-lr","PAK_1","7","irrigation_sw_diversion",12.2464399556
"rcp26","ipsl-cm5a-lr","PAK_1","8","irrigation_sw_diversion",9.37991108715304
"rcp26","ipsl-cm5a-lr","PAK_1","9","irrigation_sw_diversion",6.42950785654429
"rcp26","ipsl-cm5a-lr","PAK_10","1","irrigation_sw_diversion",30.8718666251335
"rcp26","ipsl-cm5a-lr","PAK_10","10","irrigation_sw_diversion",23.4697389622919
"rcp26","ipsl-cm5a-lr","PAK_10","11","irrigation_sw_diversion",16.8400512261384
"rcp26","ipsl-cm5a-lr","PAK_10","12","irrigation_sw_diversion",15.1091610739983
"rcp26","ipsl-cm5a-lr","PAK_10","2","irrigation_sw_diversion",57.7918629462631
"rcp26","ipsl-cm5a-lr","PAK_10","3","irrigation_sw_diversion",78.2271268343643
"rcp26","ipsl-cm5a-lr","PAK_10","4","irrigation_sw_diversion",73.4191915359893
"rcp26","ipsl-cm5a-lr","PAK_10","5","irrigation_sw_diversion",61.8366295480422
"rcp26","ipsl-cm5a-lr","PAK_10","6","irrigation_sw_diversion",69.0648758303151
"rcp26","ipsl-cm5a-lr","PAK_10","7","irrigation_sw_diversion",84.5216131762452
"rcp26","ipsl-cm5a-lr","PAK_10","8","irrigation_sw_diversion",72.9519095246108
"rcp26","ipsl-cm5a-lr","PAK_10","9","irrigation_sw_diversion",51.1166167516931
"rcp26","ipsl-cm5a-lr","PAK_11","1","irrigation_sw_diversion",0
"rcp26","ipsl-cm5a-lr","PAK_11","10","irrigation_sw_diversion",0
"rcp26","ipsl-cm5a-lr","PAK_11","11","irrigation_sw_diversion",0
"rcp26","ipsl-cm5a-lr","PAK_11","12","irrigation_sw_diversion",0
"rcp26","ipsl-cm5a-lr","PAK_11","2","irrigation_sw_diversion",0
"rcp26","ipsl-cm5a-lr","PAK_11","3","irrigation_sw_diversion",0
"rcp26","ipsl-cm5a-lr","PAK_11","4","irrigation_sw_diversion",0
"rcp26","ipsl-cm5a-lr","PAK_11","5","irrigation_sw_diversion",0
"rcp26","ipsl-cm5a-lr","PAK_11","6","irrigation_sw_diversion",0
"rcp26","ipsl-cm5a-lr","PAK_11","7","irrigation_sw_diversion",0
"rcp26","ipsl-cm5a-lr","PAK_11","8","irrigation_sw_diversion",0
"rcp26","ipsl-cm5a-lr","PAK_11","9","irrigation_sw_diversion",0
"rcp26","ipsl-cm5a-lr","PAK_12","1","irrigation_sw_diversion",11.9025625686561
"rcp26","ipsl-cm5a-lr","PAK_12","10","irrigation_sw_diversion",11.5352389093448
"rcp26","ipsl-cm5a-lr","PAK_12","11","irrigation_sw_diversion",7.45351257986062
"rcp26","ipsl-cm5a-lr","PAK_12","12","irrigation_sw_diversion",5.69769833695867
"rcp26","ipsl-cm5a-lr","PAK_12","2","irrigation_sw_diversion",19.7769812109104
"rcp26","ipsl-cm5a-lr","PAK_12","3","irrigation_sw_diversion",27.5544282637059
"rcp26","ipsl-cm5a-lr","PAK_12","4","irrigation_sw_diversion",27.6104825669657
"rcp26","ipsl-cm5a-lr","PAK_12","5","irrigation_sw_diversion",26.7105732627864
"rcp26","ipsl-cm5a-lr","PAK_12","6","irrigation_sw_diversion",29.0857481738227
"rcp26","ipsl-cm5a-lr","PAK_12","7","irrigation_sw_diversion",33.7515422746116
"rcp26","ipsl-cm5a-lr","PAK_12","8","irrigation_sw_diversion",29.4136835623245
"rcp26","ipsl-cm5a-lr","PAK_12","9","irrigation_sw_diversion",20.8643681452659
"rcp26","ipsl-cm5a-lr","PAK_2","1","irrigation_sw_diversion",6.24449410038697
"rcp26","ipsl-cm5a-lr","PAK_2","10","irrigation_sw_diversion",6.00193546901162
"rcp26","ipsl-cm5a-lr","PAK_2","11","irrigation_sw_diversion",3.49405350522358
"rcp26","ipsl-cm5a-lr","PAK_2","12","irrigation_sw_diversion",2.8296259697939
"rcp26","ipsl-cm5a-lr","PAK_2","2","irrigation_sw_diversion",11.3867321221654
"rcp26","ipsl-cm5a-lr","PAK_2","3","irrigation_sw_diversion",16.8757372227146
"rcp26","ipsl-cm5a-lr","PAK_2","4","irrigation_sw_diversion",17.5626422599422
"rcp26","ipsl-cm5a-lr","PAK_2","5","irrigation_sw_diversion",16.1422161352555
"rcp26","ipsl-cm5a-lr","PAK_2","6","irrigation_sw_diversion",19.970566501351
"rcp26","ipsl-cm5a-lr","PAK_2","7","irrigation_sw_diversion",22.8486064598996
"rcp26","ipsl-cm5a-lr","PAK_2","8","irrigation_sw_diversion",17.0892176371196
"rcp26","ipsl-cm5a-lr","PAK_2","9","irrigation_sw_diversion",12.0673939914097
"rcp26","ipsl-cm5a-lr","PAK_3","1","irrigation_sw_diversion",12.710701717839
"rcp26","ipsl-cm5a-lr","PAK_3","10","irrigation_sw_diversion",12.0761978279662
"rcp26","ipsl-cm5a-lr","PAK_3","11","irrigation_sw_diversion",7.06589214474335
"rcp26","ipsl-cm5a-lr","PAK_3","12","irrigation_sw_diversion",5.89530425284125
"rcp26","ipsl-cm5a-lr","PAK_3","2","irrigation_sw_diversion",23.3177072137493
"rcp26","ipsl-cm5a-lr","PAK_3","3","irrigation_sw_diversion",32.5992628106578
"rcp26","ipsl-cm5a-lr","PAK_3","4","irrigation_sw_diversion",31.5338199365841
"rcp26","ipsl-cm5a-lr","PAK_3","5","irrigation_sw_diversion",26.8649732985954
"rcp26","ipsl-cm5a-lr","PAK_3","6","irrigation_sw_diversion",31.6604663593473
"rcp26","ipsl-cm5a-lr","PAK_3","7","irrigation_sw_diversion",40.1593610058798
"rcp26","ipsl-cm5a-lr","PAK_3","8","irrigation_sw_diversion",37.1198494083756
"rcp26","ipsl-cm5a-lr","PAK_3","9","irrigation_sw_diversion",25.5698328484514
"rcp26","ipsl-cm5a-lr","PAK_4","1","irrigation_sw_diversion",44.6191789425418
"rcp26","ipsl-cm5a-lr","PAK_4","10","irrigation_sw_diversion",28.0918700620884
"rcp26","ipsl-cm5a-lr","PAK_4","11","irrigation_sw_diversion",22.9752188244411
"rcp26","ipsl-cm5a-lr","PAK_4","12","irrigation_sw_diversion",24.557261091741
"rcp26","ipsl-cm5a-lr","PAK_4","2","irrigation_sw_diversion",62.219708500816
"rcp26","ipsl-cm5a-lr","PAK_4","3","irrigation_sw_diversion",81.3962345503567
"rcp26","ipsl-cm5a-lr","PAK_4","4","irrigation_sw_diversion",75.6754806371078
"rcp26","ipsl-cm5a-lr","PAK_4","5","irrigation_sw_diversion",63.405444031016
"rcp26","ipsl-cm5a-lr","PAK_4","6","irrigation_sw_diversion",77.2330755077061
"rcp26","ipsl-cm5a-lr","PAK_4","7","irrigation_sw_diversion",98.920782330857
"rcp26","ipsl-cm5a-lr","PAK_4","8","irrigation_sw_diversion",84.2331909582246
"rcp26","ipsl-cm5a-lr","PAK_4","9","irrigation_sw_diversion",56.0302999407183
"rcp26","ipsl-cm5a-lr","PAK_5","1","irrigation_sw_diversion",21.867148615723
"rcp26","ipsl-cm5a-lr","PAK_5","10","irrigation_sw_diversion",17.0972169935363
"rcp26","ipsl-cm5a-lr","PAK_5","11","irrigation_sw_diversion",13.325898601485
"rcp26","ipsl-cm5a-lr","PAK_5","12","irrigation_sw_diversion",12.054824518001
"rcp26","ipsl-cm5a-lr","PAK_5","2","irrigation_sw_diversion",36.1498815949112
"rcp26","ipsl-cm5a-lr","PAK_5","3","irrigation_sw_diversion",44.2332680864666
"rcp26","ipsl-cm5a-lr","PAK_5","4","irrigation_sw_diversion",44.5129947243042
"rcp26","ipsl-cm5a-lr","PAK_5","5","irrigation_sw_diversion",39.9011116282041
"rcp26","ipsl-cm5a-lr","PAK_5","6","irrigation_sw_diversion",43.245280127033
"rcp26","ipsl-cm5a-lr","PAK_5","7","irrigation_sw_diversion",47.5617112035122
"rcp26","ipsl-cm5a-lr","PAK_5","8","irrigation_sw_diversion",42.7305163353588
"rcp26","ipsl-cm5a-lr","PAK_5","9","irrigation_sw_diversion",32.5421253715229
"rcp26","ipsl-cm5a-lr","PAK_6","1","irrigation_sw_diversion",29.9445165938651
"rcp26","ipsl-cm5a-lr","PAK_6","10","irrigation_sw_diversion",16.2131185981754
"rcp26","ipsl-cm5a-lr","PAK_6","11","irrigation_sw_diversion",16.5905211224687
"rcp26","ipsl-cm5a-lr","PAK_6","12","irrigation_sw_diversion",16.3397106424658
"rcp26","ipsl-cm5a-lr","PAK_6","2","irrigation_sw_diversion",48.3024021544846
"rcp26","ipsl-cm5a-lr","PAK_6","3","irrigation_sw_diversion",60.042732984728
"rcp26","ipsl-cm5a-lr","PAK_6","4","irrigation_sw_diversion",55.4375402195007
"rcp26","ipsl-cm5a-lr","PAK_6","5","irrigation_sw_diversion",45.5614111163422
"rcp26","ipsl-cm5a-lr","PAK_6","6","irrigation_sw_diversion",42.6607746911501
"rcp26","ipsl-cm5a-lr","PAK_6","7","irrigation_sw_diversion",46.980890199493
"rcp26","ipsl-cm5a-lr","PAK_6","8","irrigation_sw_diversion",40.3745870731316
"rcp26","ipsl-cm5a-lr","PAK_6","9","irrigation_sw_diversion",29.5843304982558
"rcp26","ipsl-cm5a-lr","PAK_7","1","irrigation_sw_diversion",0.678780807448205
"rcp26","ipsl-cm5a-lr","PAK_7","10","irrigation_sw_diversion",1.52304409089598
"rcp26","ipsl-cm5a-lr","PAK_7","11","irrigation_sw_diversion",0.598866574735502
"rcp26","ipsl-cm5a-lr","PAK_7","12","irrigation_sw_diversion",0.328427380104987
"rcp26","ipsl-cm5a-lr","PAK_7","2","irrigation_sw_diversion",1.05174729923148
"rcp26","ipsl-cm5a-lr","PAK_7","3","irrigation_sw_diversion",1.55400281129299
"rcp26","ipsl-cm5a-lr","PAK_7","4","irrigation_sw_diversion",1.87372546953627
"rcp26","ipsl-cm5a-lr","PAK_7","5","irrigation_sw_diversion",2.56934883817805
"rcp26","ipsl-cm5a-lr","PAK_7","6","irrigation_sw_diversion",3.03311561636137
"rcp26","ipsl-cm5a-lr","PAK_7","7","irrigation_sw_diversion",3.48739638501939
"rcp26","ipsl-cm5a-lr","PAK_7","8","irrigation_sw_diversion",3.42148410997727
"rcp26","ipsl-cm5a-lr","PAK_7","9","irrigation_sw_diversion",2.60671421600271
"rcp26","ipsl-cm5a-lr","PAK_8","1","irrigation_sw_diversion",0.0675511577243721
"rcp26","ipsl-cm5a-lr","PAK_8","10","irrigation_sw_diversion",0.227222575500287
"rcp26","ipsl-cm5a-lr","PAK_8","11","irrigation_sw_diversion",0.105017462010556
"rcp26","ipsl-cm5a-lr","PAK_8","12","irrigation_sw_diversion",0.0492509866964344
"rcp26","ipsl-cm5a-lr","PAK_8","2","irrigation_sw_diversion",0.0971656374979273
"rcp26","ipsl-cm5a-lr","PAK_8","3","irrigation_sw_diversion",0.164937111902765
"rcp26","ipsl-cm5a-lr","PAK_8","4","irrigation_sw_diversion",0.303344798616109
"rcp26","ipsl-cm5a-lr","PAK_8","5","irrigation_sw_diversion",0.438089293732815
"rcp26","ipsl-cm5a-lr","PAK_8","6","irrigation_sw_diversion",0.569013659556849
"rcp26","ipsl-cm5a-lr","PAK_8","7","irrigation_sw_diversion",0.602931003501411
"rcp26","ipsl-cm5a-lr","PAK_8","8","irrigation_sw_diversion",0.561266873583374
"rcp26","ipsl-cm5a-lr","PAK_8","9","irrigation_sw_diversion",0.396478897931048
"rcp26","ipsl-cm5a-lr","PAK_9","1","irrigation_sw_diversion",7.92251743218333
"rcp26","ipsl-cm5a-lr","PAK_9","10","irrigation_sw_diversion",12.8024410051842
"rcp26","ipsl-cm5a-lr","PAK_9","11","irrigation_sw_diversion",5.92186485295704
"rcp26","ipsl-cm5a-lr","PAK_9","12","irrigation_sw_diversion",3.82676774998758
"rcp26","ipsl-cm5a-lr","PAK_9","2","irrigation_sw_diversion",15.1343388374353
"rcp26","ipsl-cm5a-lr","PAK_9","3","irrigation_sw_diversion",22.3260440747992
"rcp26","ipsl-cm5a-lr","PAK_9","4","irrigation_sw_diversion",23.1963389530541
"rcp26","ipsl-cm5a-lr","PAK_9","5","irrigation_sw_diversion",23.3516623774635
"rcp26","ipsl-cm5a-lr","PAK_9","6","irrigation_sw_diversion",39.3240234468166
"rcp26","ipsl-cm5a-lr","PAK_9","7","irrigation_sw_diversion",47.9673023360975
"rcp26","ipsl-cm5a-lr","PAK_9","8","irrigation_sw_diversion",36.0481022443103
"rcp26","ipsl-cm5a-lr","PAK_9","9","irrigation_sw_diversion",25.6895070443434
"rcp26","miroc5","AFG_1","1","irrigation_sw_diversion",1.5168281100862
"rcp26","miroc5","AFG_1","10","irrigation_sw_diversion",0.919112452122334
"rcp26","miroc5","AFG_1","11","irrigation_sw_diversion",0.79200030334894
"rcp26","miroc5","AFG_1","12","irrigation_sw_diversion",0.765125328776979
"rcp26","miroc5","AFG_1","2","irrigation_sw_diversion",2.0911981364928
"rcp26","miroc5","AFG_1","3","irrigation_sw_diversion",3.0798218530817
"rcp26","miroc5","AFG_1","4","irrigation_sw_diversion",3.21962901269595
"rcp26","miroc5","AFG_1","5","irrigation_sw_diversion",2.6476536696258
"rcp26","miroc5","AFG_1","6","irrigation_sw_diversion",2.07079886937996
"rcp26","miroc5","AFG_1","7","irrigation_sw_diversion",2.49045111333274
"rcp26","miroc5","AFG_1","8","irrigation_sw_diversion",2.69968570596024
"rcp26","miroc5","AFG_1","9","irrigation_sw_diversion",1.88343424596693
"rcp26","miroc5","AFG_2","1","irrigation_sw_diversion",3.09836256581758
"rcp26","miroc5","AFG_2","10","irrigation_sw_diversion",4.11183038141428
"rcp26","miroc5","AFG_2","11","irrigation_sw_diversion",2.31474760330107
"rcp26","miroc5","AFG_2","12","irrigation_sw_diversion",1.80901686904182
"rcp26","miroc5","AFG_2","2","irrigation_sw_diversion",3.37696476911205
"rcp26","miroc5","AFG_2","3","irrigation_sw_diversion",7.0248085140198
"rcp26","miroc5","AFG_2","4","irrigation_sw_diversion",9.41515719157364
"rcp26","miroc5","AFG_2","5","irrigation_sw_diversion",9.90813371905601
"rcp26","miroc5","AFG_2","6","irrigation_sw_diversion",11.2661354458954
"rcp26","miroc5","AFG_2","7","irrigation_sw_diversion",14.3900066211166
"rcp26","miroc5","AFG_2","8","irrigation_sw_diversion",14.7076468522454
"rcp26","miroc5","AFG_2","9","irrigation_sw_diversion",9.5556950453663
"rcp26","miroc5","CHN_1","1","irrigation_sw_diversion",0
"rcp26","miroc5","CHN_1","11","irrigation_sw_diversion",0
"rcp26","miroc5","CHN_1","12","irrigation_sw_diversion",0
"rcp26","miroc5","CHN_1","4","irrigation_sw_diversion",0
"rcp26","miroc5","CHN_1","5","irrigation_sw_diversion",0
"rcp26","miroc5","IND_1","1","irrigation_sw_diversion",0
"rcp26","miroc5","IND_1","10","irrigation_sw_diversion",0
"rcp26","miroc5","IND_1","11","irrigation_sw_diversion",0
"rcp26","miroc5","IND_1","12","irrigation_sw_diversion",0
"rcp26","miroc5","IND_1","2","irrigation_sw_diversion",0
"rcp26","miroc5","IND_1","3","irrigation_sw_diversion",0
"rcp26","miroc5","IND_1","4","irrigation_sw_diversion",0
"rcp26","miroc5","IND_1","5","irrigation_sw_diversion",0
"rcp26","miroc5","IND_1","6","irrigation_sw_diversion",0
"rcp26","miroc5","IND_1","7","irrigation_sw_diversion",0
"rcp26","miroc5","IND_1","8","irrigation_sw_diversion",0
"rcp26","miroc5","IND_1","9","irrigation_sw_diversion",0
"rcp26","miroc5","IND_2","1","irrigation_sw_diversion",0.0476090419178779
"rcp26","miroc5","IND_2","10","irrigation_sw_diversion",0.0903137721604287
"rcp26","miroc5","IND_2","11","irrigation_sw_diversion",0.0413026740434046
"rcp26","miroc5","IND_2","12","irrigation_sw_diversion",0.033695110612479
"rcp26","miroc5","IND_2","2","irrigation_sw_diversion",0.0614279000292672
"rcp26","miroc5","IND_2","3","irrigation_sw_diversion",0.102113693100538
"rcp26","miroc5","IND_2","4","irrigation_sw_diversion",0.176553750927334
"rcp26","miroc5","IND_2","5","irrigation_sw_diversion",0.130803275072301
"rcp26","miroc5","IND_2","6","irrigation_sw_diversion",0.0535261537147349
"rcp26","miroc5","IND_2","7","irrigation_sw_diversion",0.00971164736440577
"rcp26","miroc5","IND_2","8","irrigation_sw_diversion",0.0425686239068104
"rcp26","miroc5","IND_2","9","irrigation_sw_diversion",0.143492144743643
"rcp26","miroc5","IND_3","1","irrigation_sw_diversion",2.18062970718388
"rcp26","miroc5","IND_3","10","irrigation_sw_diversion",2.9211915156903
"rcp26","miroc5","IND_3","11","irrigation_sw_diversion",1.75352309850384
"rcp26","miroc5","IND_3","12","irrigation_sw_diversion",1.48213968588996
"rcp26","miroc5","IND_3","2","irrigation_sw_diversion",3.65700810271314
"rcp26","miroc5","IND_3","3","irrigation_sw_diversion",5.19148779944628
"rcp26","miroc5","IND_3","4","irrigation_sw_diversion",7.28389295732907
"rcp26","miroc5","IND_3","5","irrigation_sw_diversion",6.45381685881359
"rcp26","miroc5","IND_3","6","irrigation_sw_diversion",8.54017444858637
"rcp26","miroc5","IND_3","7","irrigation_sw_diversion",5.18244286433067
"rcp26","miroc5","IND_3","8","irrigation_sw_diversion",5.84983684591281
"rcp26","miroc5","IND_3","9","irrigation_sw_diversion",5.87034933270797
"rcp26","miroc5","IND_4","1","irrigation_sw_diversion",62.928662407677
"rcp26","miroc5","IND_4","10","irrigation_sw_diversion",35.4698317673599
"rcp26","miroc5","IND_4","11","irrigation_sw_diversion",32.4112197310957
"rcp26","miroc5","IND_4","12","irrigation_sw_diversion",30.5585269748753
"rcp26","miroc5","IND_4","2","irrigation_sw_diversion",99.2696168411549
"rcp26","miroc5","IND_4","3","irrigation_sw_diversion",141.588168180074
"rcp26","miroc5","IND_4","4","irrigation_sw_diversion",154.429272756072
"rcp26","miroc5","IND_4","5","irrigation_sw_diversion",116.261705258286
"rcp26","miroc5","IND_4","6","irrigation_sw_diversion",89.99677226528
"rcp26","miroc5","IND_4","7","irrigation_sw_diversion",62.5105163021392
"rcp26","miroc5","IND_4","8","irrigation_sw_diversion",67.4975346960213
"rcp26","miroc5","IND_4","9","irrigation_sw_diversion",62.1926420653825
"rcp26","miroc5","IND_5","1","irrigation_sw_diversion",0
"rcp26","miroc5","IND_5","10","irrigation_sw_diversion",0
"rcp26","miroc5","IND_5","11","irrigation_sw_diversion",0
"rcp26","miroc5","IND_5","12","irrigation_sw_diversion",0
"rcp26","miroc5","IND_5","2","irrigation_sw_diversion",0
"rcp26","miroc5","IND_5","3","irrigation_sw_diversion",0
"rcp26","miroc5","IND_5","4","irrigation_sw_diversion",0
"rcp26","miroc5","IND_5","5","irrigation_sw_diversion",0
"rcp26","miroc5","IND_5","6","irrigation_sw_diversion",0
"rcp26","miroc5","IND_5","7","irrigation_sw_diversion",0
"rcp26","miroc5","IND_5","8","irrigation_sw_diversion",0
"rcp26","miroc5","IND_5","9","irrigation_sw_diversion",0
"rcp26","miroc5","IND_6","1","irrigation_sw_diversion",0
"rcp26","miroc5","IND_6","10","irrigation_sw_diversion",0
"rcp26","miroc5","IND_6","11","irrigation_sw_diversion",0
"rcp26","miroc5","IND_6","12","irrigation_sw_diversion",0
"rcp26","miroc5","IND_6","2","irrigation_sw_diversion",0
"rcp26","miroc5","IND_6","3","irrigation_sw_diversion",0
"rcp26","miroc5","IND_6","4","irrigation_sw_diversion",0
"rcp26","miroc5","IND_6","5","irrigation_sw_diversion",0
"rcp26","miroc5","IND_6","6","irrigation_sw_diversion",0
"rcp26","miroc5","IND_6","7","irrigation_sw_diversion",0
"rcp26","miroc5","IND_6","8","irrigation_sw_diversion",0
"rcp26","miroc5","IND_6","9","irrigation_sw_diversion",0
"rcp26","miroc5","PAK_1","1","irrigation_sw_diversion",4.41655808082213
"rcp26","miroc5","PAK_1","10","irrigation_sw_diversion",3.03955965947982
"rcp26","miroc5","PAK_1","11","irrigation_sw_diversion",2.19656868337176
"rcp26","miroc5","PAK_1","12","irrigation_sw_diversion",1.80045277118884
"rcp26","miroc5","PAK_1","2","irrigation_sw_diversion",6.41105390885383
"rcp26","miroc5","PAK_1","3","irrigation_sw_diversion",9.55945535063749
"rcp26","miroc5","PAK_1","4","irrigation_sw_diversion",11.2824754527985
"rcp26","miroc5","PAK_1","5","irrigation_sw_diversion",10.5186408831684
"rcp26","miroc5","PAK_1","6","irrigation_sw_diversion",10.0810009143067
"rcp26","miroc5","PAK_1","7","irrigation_sw_diversion",9.92324393625233
"rcp26","miroc5","PAK_1","8","irrigation_sw_diversion",10.0907942751853
"rcp26","miroc5","PAK_1","9","irrigation_sw_diversion",6.20351873630528
"rcp26","miroc5","PAK_10","1","irrigation_sw_diversion",37.0124445825414
"rcp26","miroc5","PAK_10","10","irrigation_sw_diversion",23.1997997095139
"rcp26","miroc5","PAK_10","11","irrigation_sw_diversion",19.2545926114825
"rcp26","miroc5","PAK_10","12","irrigation_sw_diversion",16.0555594694158
"rcp26","miroc5","PAK_10","2","irrigation_sw_diversion",63.7676156853432
"rcp26","miroc5","PAK_10","3","irrigation_sw_diversion",73.7979471425656
"rcp26","miroc5","PAK_10","4","irrigation_sw_diversion",68.2299257611049
"rcp26","miroc5","PAK_10","5","irrigation_sw_diversion",59.6306718468648
"rcp26","miroc5","PAK_10","6","irrigation_sw_diversion",63.0876033342861
"rcp26","miroc5","PAK_10","7","irrigation_sw_diversion",78.015029914989
"rcp26","miroc5","PAK_10","8","irrigation_sw_diversion",81.0449875426451
"rcp26","miroc5","PAK_10","9","irrigation_sw_diversion",52.4639034681443
"rcp26","miroc5","PAK_11","1","irrigation_sw_diversion",0
"rcp26","miroc5","PAK_11","10","irrigation_sw_diversion",0
"rcp26","miroc5","PAK_11","11","irrigation_sw_diversion",0
"rcp26","miroc5","PAK_11","12","irrigation_sw_diversion",0
"rcp26","miroc5","PAK_11","2","irrigation_sw_diversion",0
"rcp26","miroc5","PAK_11","3","irrigation_sw_diversion",0
"rcp26","miroc5","PAK_11","4","irrigation_sw_diversion",0
"rcp26","miroc5","PAK_11","5","irrigation_sw_diversion",0
"rcp26","miroc5","PAK_11","6","irrigation_sw_diversion",0
"rcp26","miroc5","PAK_11","7","irrigation_sw_diversion",0
"rcp26","miroc5","PAK_11","8","irrigation_sw_diversion",0
"rcp26","miroc5","PAK_11","9","irrigation_sw_diversion",0
"rcp26","miroc5","PAK_12","1","irrigation_sw_diversion",13.2872320803738
"rcp26","miroc5","PAK_12","10","irrigation_sw_diversion",10.9050399289623
"rcp26","miroc5","PAK_12","11","irrigation_sw_diversion",7.92664990957562
"rcp26","miroc5","PAK_12","12","irrigation_sw_diversion",5.99814182580232
"rcp26","miroc5","PAK_12","2","irrigation_sw_diversion",18.8504401031704
"rcp26","miroc5","PAK_12","3","irrigation_sw_diversion",25.0542627355491
"rcp26","miroc5","PAK_12","4","irrigation_sw_diversion",25.4307053130607
"rcp26","miroc5","PAK_12","5","irrigation_sw_diversion",25.6571828192553
"rcp26","miroc5","PAK_12","6","irrigation_sw_diversion",28.0960924745554
"rcp26","miroc5","PAK_12","7","irrigation_sw_diversion",31.9145144477303
"rcp26","miroc5","PAK_12","8","irrigation_sw_diversion",31.5892613884186
"rcp26","miroc5","PAK_12","9","irrigation_sw_diversion",20.3003805094706
"rcp26","miroc5","PAK_2","1","irrigation_sw_diversion",6.56836113656499
"rcp26","miroc5","PAK_2","10","irrigation_sw_diversion",5.67981217000592
"rcp26","miroc5","PAK_2","11","irrigation_sw_diversion",3.59229300021906
"rcp26","miroc5","PAK_2","12","irrigation_sw_diversion",2.94283704297238
"rcp26","miroc5","PAK_2","2","irrigation_sw_diversion",10.4914641487909
"rcp26","miroc5","PAK_2","3","irrigation_sw_diversion",15.1831364018794
"rcp26","miroc5","PAK_2","4","irrigation_sw_diversion",16.3470311955974
"rcp26","miroc5","PAK_2","5","irrigation_sw_diversion",15.3815484447161
"rcp26","miroc5","PAK_2","6","irrigation_sw_diversion",18.5702929345678
"rcp26","miroc5","PAK_2","7","irrigation_sw_diversion",17.7989202273191
"rcp26","miroc5","PAK_2","8","irrigation_sw_diversion",18.4599450932675
"rcp26","miroc5","PAK_2","9","irrigation_sw_diversion",12.3610124549197
"rcp26","miroc5","PAK_3","1","irrigation_sw_diversion",14.4616157347237
"rcp26","miroc5","PAK_3","10","irrigation_sw_diversion",11.4703153375927
"rcp26","miroc5","PAK_3","11","irrigation_sw_diversion",7.48576406425519
"rcp26","miroc5","PAK_3","12","irrigation_sw_diversion",6.03374464589003
"rcp26","miroc5","PAK_3","2","irrigation_sw_diversion",23.2398849170952
"rcp26","miroc5","PAK_3","3","irrigation_sw_diversion",29.8390971930908
"rcp26","miroc5","PAK_3","4","irrigation_sw_diversion",28.677790870881
"rcp26","miroc5","PAK_3","5","irrigation_sw_diversion",25.7053546332005
"rcp26","miroc5","PAK_3","6","irrigation_sw_diversion",29.7697120122289
"rcp26","miroc5","PAK_3","7","irrigation_sw_diversion",37.9081268387707
"rcp26","miroc5","PAK_3","8","irrigation_sw_diversion",40.2610067132334
"rcp26","miroc5","PAK_3","9","irrigation_sw_diversion",26.0203172747491
"rcp26","miroc5","PAK_4","1","irrigation_sw_diversion",47.8049313730498
"rcp26","miroc5","PAK_4","10","irrigation_sw_diversion",29.8089849058175
"rcp26","miroc5","PAK_4","11","irrigation_sw_diversion",24.3874772553557
"rcp26","miroc5","PAK_4","12","irrigation_sw_diversion",24.071465018284
"rcp26","miroc5","PAK_4","2","irrigation_sw_diversion",62.7751379780266
"rcp26","miroc5","PAK_4","3","irrigation_sw_diversion",76.4079189623941
"rcp26","miroc5","PAK_4","4","irrigation_sw_diversion",76.7744549255646
"rcp26","miroc5","PAK_4","5","irrigation_sw_diversion",63.25444629072
"rcp26","miroc5","PAK_4","6","irrigation_sw_diversion",71.2523735550896
"rcp26","miroc5","PAK_4","7","irrigation_sw_diversion",88.8154416837484
"rcp26","miroc5","PAK_4","8","irrigation_sw_diversion",91.5869228623261
"rcp26","miroc5","PAK_4","9","irrigation_sw_diversion",62.5710142280731
"rcp26","miroc5","PAK_5","1","irrigation_sw_diversion",25.0841987299286
"rcp26","miroc5","PAK_5","10","irrigation_sw_diversion",17.3489693620807
"rcp26","miroc5","PAK_5","11","irrigation_sw_diversion",14.2565782933474
"rcp26","miroc5","PAK_5","12","irrigation_sw_diversion",12.3428986316178
"rcp26","miroc5","PAK_5","2","irrigation_sw_diversion",38.3614525325643
"rcp26","miroc5","PAK_5","3","irrigation_sw_diversion",43.0629651482422
"rcp26","miroc5","PAK_5","4","irrigation_sw_diversion",43.8730405892219
"rcp26","miroc5","PAK_5","5","irrigation_sw_diversion",39.6259819524853
"rcp26","miroc5","PAK_5","6","irrigation_sw_diversion",38.8705205495737
"rcp26","miroc5","PAK_5","7","irrigation_sw_diversion",44.3418873826173
"rcp26","miroc5","PAK_5","8","irrigation_sw_diversion",45.0319429420611
"rcp26","miroc5","PAK_5","9","irrigation_sw_diversion",33.1225448565564
"rcp26","miroc5","PAK_6","1","irrigation_sw_diversion",34.2241352576577
"rcp26","miroc5","PAK_6","10","irrigation_sw_diversion",16.5179591380769
"rcp26","miroc5","PAK_6","11","irrigation_sw_diversion",17.0794898608759
"rcp26","miroc5","PAK_6","12","irrigation_sw_diversion",16.4770788141091
"rcp26","miroc5","PAK_6","2","irrigation_sw_diversion",49.938007521
"rcp26","miroc5","PAK_6","3","irrigation_sw_diversion",56.2536905770877
"rcp26","miroc5","PAK_6","4","irrigation_sw_diversion",53.8850361910353
"rcp26","miroc5","PAK_6","5","irrigation_sw_diversion",44.9651725298282
"rcp26","miroc5","PAK_6","6","irrigation_sw_diversion",39.8807965937548
"rcp26","miroc5","PAK_6","7","irrigation_sw_diversion",44.5408627830719
"rcp26","miroc5","PAK_6","8","irrigation_sw_diversion",43.2647004830624
"rcp26","miroc5","PAK_6","9","irrigation_sw_diversion",31.0884254231142
"rcp26","miroc5","PAK_7","1","irrigation_sw_diversion",0.67820442050365
"rcp26","miroc5","PAK_7","10","irrigation_sw_diversion",1.48104726511083
"rcp26","miroc5","PAK_7","11","irrigation_sw_diversion",0.701316778355866
"rcp26","miroc5","PAK_7","12","irrigation_sw_diversion",0.365295206176066
"rcp26","miroc5","PAK_7","2","irrigation_sw_diversion",0.694996196057031
"rcp26","miroc5","PAK_7","3","irrigation_sw_diversion",1.10684738609775
"rcp26","miroc5","PAK_7","4","irrigation_sw_diversion",1.85435044772021
"rcp26","miroc5","PAK_7","5","irrigation_sw_diversion",2.43375890484481
"rcp26","miroc5","PAK_7","6","irrigation_sw_diversion",2.94055362247372
"rcp26","miroc5","PAK_7","7","irrigation_sw_diversion",3.24398551191907
"rcp26","miroc5","PAK_7","8","irrigation_sw_diversion",3.39504742194265
"rcp26","miroc5","PAK_7","9","irrigation_sw_diversion",2.54905358637438
"rcp26","miroc5","PAK_8","1","irrigation_sw_diversion",0.0556923398504843
"rcp26","miroc5","PAK_8","10","irrigation_sw_diversion",0.217584690460815
"rcp26","miroc5","PAK_8","11","irrigation_sw_diversion",0.099639971800759
"rcp26","miroc5","PAK_8","12","irrigation_sw_diversion",0.0417273813158844
"rcp26","miroc5","PAK_8","2","irrigation_sw_diversion",0.054700759902795
"rcp26","miroc5","PAK_8","3","irrigation_sw_diversion",0.105235317502347
"rcp26","miroc5","PAK_8","4","irrigation_sw_diversion",0.307059032671616
"rcp26","miroc5","PAK_8","5","irrigation_sw_diversion",0.409045055775638
"rcp26","miroc5","PAK_8","6","irrigation_sw_diversion",0.53969536968832
"rcp26","miroc5","PAK_8","7","irrigation_sw_diversion",0.493662527067112
"rcp26","miroc5","PAK_8","8","irrigation_sw_diversion",0.547625379394824
"rcp26","miroc5","PAK_8","9","irrigation_sw_diversion",0.377205494934267
"rcp26","miroc5","PAK_9","1","irrigation_sw_diversion",8.88178262789305
"rcp26","miroc5","PAK_9","10","irrigation_sw_diversion",12.3867910169427
"rcp26","miroc5","PAK_9","11","irrigation_sw_diversion",6.29051886641584
"rcp26","miroc5","PAK_9","12","irrigation_sw_diversion",3.94011889288621
"rcp26","miroc5","PAK_9","2","irrigation_sw_diversion",14.5534706991764
"rcp26","miroc5","PAK_9","3","irrigation_sw_diversion",20.7632716380705
"rcp26","miroc5","PAK_9","4","irrigation_sw_diversion",21.6350693799683
"rcp26","miroc5","PAK_9","5","irrigation_sw_diversion",22.8482775299734
"rcp26","miroc5","PAK_9","6","irrigation_sw_diversion",36.7462097448683
"rcp26","miroc5","PAK_9","7","irrigation_sw_diversion",37.4295864701012
"rcp26","miroc5","PAK_9","8","irrigation_sw_diversion",40.7107812687783
"rcp26","miroc5","PAK_9","9","irrigation_sw_diversion",27.9438863406579
"rcp60","ensemble","AFG_1","1","irrigation_sw_diversion",1.4108101516925
"rcp60","ensemble","AFG_1","10","irrigation_sw_diversion",0.943060687611826
"rcp60","ensemble","AFG_1","11","irrigation_sw_diversion",0.773652373549411
"rcp60","ensemble","AFG_1","12","irrigation_sw_diversion",0.769960807255422
"rcp60","ensemble","AFG_1","2","irrigation_sw_diversion",2.09202553070943
"rcp60","ensemble","AFG_1","3","irrigation_sw_diversion",3.002788579813
"rcp60","ensemble","AFG_1","4","irrigation_sw_diversion",3.03260979721166
"rcp60","ensemble","AFG_1","5","irrigation_sw_diversion",2.62055839526784
"rcp60","ensemble","AFG_1","6","irrigation_sw_diversion",2.00839652524057
"rcp60","ensemble","AFG_1","7","irrigation_sw_diversion",2.51954422585442
"rcp60","ensemble","AFG_1","8","irrigation_sw_diversion",2.65931052904434
"rcp60","ensemble","AFG_1","9","irrigation_sw_diversion",1.96143435898974
"rcp60","ensemble","AFG_2","1","irrigation_sw_diversion",2.98165886217101
"rcp60","ensemble","AFG_2","10","irrigation_sw_diversion",4.08717893723436
"rcp60","ensemble","AFG_2","11","irrigation_sw_diversion",2.31348632916708
"rcp60","ensemble","AFG_2","12","irrigation_sw_diversion",1.92553886271368
"rcp60","ensemble","AFG_2","2","irrigation_sw_diversion",3.75706995524711
"rcp60","ensemble","AFG_2","3","irrigation_sw_diversion",7.25516194444851
"rcp60","ensemble","AFG_2","4","irrigation_sw_diversion",8.8240962833495
"rcp60","ensemble","AFG_2","5","irrigation_sw_diversion",10.2563130901108
"rcp60","ensemble","AFG_2","6","irrigation_sw_diversion",10.709880077737
"rcp60","ensemble","AFG_2","7","irrigation_sw_diversion",14.3834634565917
"rcp60","ensemble","AFG_2","8","irrigation_sw_diversion",14.5582320375093
"rcp60","ensemble","AFG_2","9","irrigation_sw_diversion",9.93850803181957
"rcp60","ensemble","CHN_1","11","irrigation_sw_diversion",0
"rcp60","ensemble","CHN_1","12","irrigation_sw_diversion",0
"rcp60","ensemble","CHN_1","3","irrigation_sw_diversion",0
"rcp60","ensemble","CHN_1","4","irrigation_sw_diversion",0
"rcp60","ensemble","CHN_1","5","irrigation_sw_diversion",0
"rcp60","ensemble","IND_1","1","irrigation_sw_diversion",0
"rcp60","ensemble","IND_1","10","irrigation_sw_diversion",0
"rcp60","ensemble","IND_1","11","irrigation_sw_diversion",0
"rcp60","ensemble","IND_1","12","irrigation_sw_diversion",0
"rcp60","ensemble","IND_1","2","irrigation_sw_diversion",0
"rcp60","ensemble","IND_1","3","irrigation_sw_diversion",0
"rcp60","ensemble","IND_1","4","irrigation_sw_diversion",0
"rcp60","ensemble","IND_1","5","irrigation_sw_diversion",0
"rcp60","ensemble","IND_1","6","irrigation_sw_diversion",0
"rcp60","ensemble","IND_1","7","irrigation_sw_diversion",0
"rcp60","ensemble","IND_1","8","irrigation_sw_diversion",0
"rcp60","ensemble","IND_1","9","irrigation_sw_diversion",0
"rcp60","ensemble","IND_2","1","irrigation_sw_diversion",0.0406888370871319
"rcp60","ensemble","IND_2","10","irrigation_sw_diversion",0.0961944096568048
"rcp60","ensemble","IND_2","11","irrigation_sw_diversion",0.0467254625577258
"rcp60","ensemble","IND_2","12","irrigation_sw_diversion",0.0250855920544542
"rcp60","ensemble","IND_2","2","irrigation_sw_diversion",0.0872318017617581
"rcp60","ensemble","IND_2","3","irrigation_sw_diversion",0.131860550036827
"rcp60","ensemble","IND_2","4","irrigation_sw_diversion",0.162244928298131
"rcp60","ensemble","IND_2","5","irrigation_sw_diversion",0.134786473539578
"rcp60","ensemble","IND_2","6","irrigation_sw_diversion",0.0553370035888714
"rcp60","ensemble","IND_2","7","irrigation_sw_diversion",0.0157897178063989
"rcp60","ensemble","IND_2","8","irrigation_sw_diversion",0.0624799880572114
"rcp60","ensemble","IND_2","9","irrigation_sw_diversion",0.143746998431399
"rcp60","ensemble","IND_3","1","irrigation_sw_diversion",2.17341230870702
"rcp60","ensemble","IND_3","10","irrigation_sw_diversion",2.56203627975551
"rcp60","ensemble","IND_3","11","irrigation_sw_diversion",1.6316643992346
"rcp60","ensemble","IND_3","12","irrigation_sw_diversion",1.26395145811185
"rcp60","ensemble","IND_3","2","irrigation_sw_diversion",4.78660536420118
"rcp60","ensemble","IND_3","3","irrigation_sw_diversion",6.6736408090693
"rcp60","ensemble","IND_3","4","irrigation_sw_diversion",6.72353010591886
"rcp60","ensemble","IND_3","5","irrigation_sw_diversion",5.65575056821984
"rcp60","ensemble","IND_3","6","irrigation_sw_diversion",7.09122104834505
"rcp60","ensemble","IND_3","7","irrigation_sw_diversion",6.09562271766417
"rcp60","ensemble","IND_3","8","irrigation_sw_diversion",6.53100829779967
"rcp60","ensemble","IND_3","9","irrigation_sw_diversion",5.19689377211167
"rcp60","ensemble","IND_4","1","irrigation_sw_diversion",54.8164829477113
"rcp60","ensemble","IND_4","10","irrigation_sw_diversion",34.9249305665898
"rcp60","ensemble","IND_4","11","irrigation_sw_diversion",31.1291235001426
"rcp60","ensemble","IND_4","12","irrigation_sw_diversion",27.4274205086182
"rcp60","ensemble","IND_4","2","irrigation_sw_diversion",101.985443516818
"rcp60","ensemble","IND_4","3","irrigation_sw_diversion",152.431979138744
"rcp60","ensemble","IND_4","4","irrigation_sw_diversion",147.440636478793
"rcp60","ensemble","IND_4","5","irrigation_sw_diversion",118.396649079625
"rcp60","ensemble","IND_4","6","irrigation_sw_diversion",85.1499266352956
"rcp60","ensemble","IND_4","7","irrigation_sw_diversion",71.5963386728641
"rcp60","ensemble","IND_4","8","irrigation_sw_diversion",74.3342270137435
"rcp60","ensemble","IND_4","9","irrigation_sw_diversion",55.0919302201363
"rcp60","ensemble","IND_5","1","irrigation_sw_diversion",0
"rcp60","ensemble","IND_5","10","irrigation_sw_diversion",0
"rcp60","ensemble","IND_5","11","irrigation_sw_diversion",0
"rcp60","ensemble","IND_5","12","irrigation_sw_diversion",0
"rcp60","ensemble","IND_5","2","irrigation_sw_diversion",0
"rcp60","ensemble","IND_5","3","irrigation_sw_diversion",0
"rcp60","ensemble","IND_5","4","irrigation_sw_diversion",0
"rcp60","ensemble","IND_5","5","irrigation_sw_diversion",0
"rcp60","ensemble","IND_5","6","irrigation_sw_diversion",0
"rcp60","ensemble","IND_5","7","irrigation_sw_diversion",0
"rcp60","ensemble","IND_5","8","irrigation_sw_diversion",0
"rcp60","ensemble","IND_5","9","irrigation_sw_diversion",0
"rcp60","ensemble","IND_6","1","irrigation_sw_diversion",0
"rcp60","ensemble","IND_6","10","irrigation_sw_diversion",0
"rcp60","ensemble","IND_6","11","irrigation_sw_diversion",0
"rcp60","ensemble","IND_6","12","irrigation_sw_diversion",0
"rcp60","ensemble","IND_6","2","irrigation_sw_diversion",0
"rcp60","ensemble","IND_6","3","irrigation_sw_diversion",0
"rcp60","ensemble","IND_6","4","irrigation_sw_diversion",0
"rcp60","ensemble","IND_6","5","irrigation_sw_diversion",0
"rcp60","ensemble","IND_6","6","irrigation_sw_diversion",0
"rcp60","ensemble","IND_6","7","irrigation_sw_diversion",0
"rcp60","ensemble","IND_6","8","irrigation_sw_diversion",0
"rcp60","ensemble","IND_6","9","irrigation_sw_diversion",0
"rcp60","ensemble","PAK_1","1","irrigation_sw_diversion",4.1161097237275
"rcp60","ensemble","PAK_1","10","irrigation_sw_diversion",3.33587465287547
"rcp60","ensemble","PAK_1","11","irrigation_sw_diversion",2.32907755665558
"rcp60","ensemble","PAK_1","12","irrigation_sw_diversion",1.69983999870976
"rcp60","ensemble","PAK_1","2","irrigation_sw_diversion",7.2704380705126
"rcp60","ensemble","PAK_1","3","irrigation_sw_diversion",10.528573379907
"rcp60","ensemble","PAK_1","4","irrigation_sw_diversion",10.7977247898543
"rcp60","ensemble","PAK_1","5","irrigation_sw_diversion",10.7532618104844
"rcp60","ensemble","PAK_1","6","irrigation_sw_diversion",10.312162221887
"rcp60","ensemble","PAK_1","7","irrigation_sw_diversion",10.5457937276159
"rcp60","ensemble","PAK_1","8","irrigation_sw_diversion",10.036348921735
"rcp60","ensemble","PAK_1","9","irrigation_sw_diversion",6.76110257015861
"rcp60","ensemble","PAK_10","1","irrigation_sw_diversion",29.9566388159816
"rcp60","ensemble","PAK_10","10","irrigation_sw_diversion",24.8035026312404
"rcp60","ensemble","PAK_10","11","irrigation_sw_diversion",16.9781393151329
"rcp60","ensemble","PAK_10","12","irrigation_sw_diversion",13.3864453491804
"rcp60","ensemble","PAK_10","2","irrigation_sw_diversion",53.577544539259
"rcp60","ensemble","PAK_10","3","irrigation_sw_diversion",74.8750205257164
"rcp60","ensemble","PAK_10","4","irrigation_sw_diversion",69.7566813712962
"rcp60","ensemble","PAK_10","5","irrigation_sw_diversion",62.3713865796433
"rcp60","ensemble","PAK_10","6","irrigation_sw_diversion",68.7951518147827
"rcp60","ensemble","PAK_10","7","irrigation_sw_diversion",87.2174806742116
"rcp60","ensemble","PAK_10","8","irrigation_sw_diversion",83.0771972223333
"rcp60","ensemble","PAK_10","9","irrigation_sw_diversion",53.677322116483
"rcp60","ensemble","PAK_11","1","irrigation_sw_diversion",0
"rcp60","ensemble","PAK_11","10","irrigation_sw_diversion",0
"rcp60","ensemble","PAK_11","11","irrigation_sw_diversion",0
"rcp60","ensemble","PAK_11","12","irrigation_sw_diversion",0
"rcp60","ensemble","PAK_11","2","irrigation_sw_diversion",0
"rcp60","ensemble","PAK_11","3","irrigation_sw_diversion",0
"rcp60","ensemble","PAK_11","4","irrigation_sw_diversion",0
"rcp60","ensemble","PAK_11","5","irrigation_sw_diversion",0
"rcp60","ensemble","PAK_11","6","irrigation_sw_diversion",0
"rcp60","ensemble","PAK_11","7","irrigation_sw_diversion",0
"rcp60","ensemble","PAK_11","8","irrigation_sw_diversion",0
"rcp60","ensemble","PAK_11","9","irrigation_sw_diversion",0
"rcp60","ensemble","PAK_12","1","irrigation_sw_diversion",12.2674821482359
"rcp60","ensemble","PAK_12","10","irrigation_sw_diversion",11.7520724138164
"rcp60","ensemble","PAK_12","11","irrigation_sw_diversion",7.92900619971555
"rcp60","ensemble","PAK_12","12","irrigation_sw_diversion",6.05465654721375
"rcp60","ensemble","PAK_12","2","irrigation_sw_diversion",19.4521457019125
"rcp60","ensemble","PAK_12","3","irrigation_sw_diversion",25.4272389717627
"rcp60","ensemble","PAK_12","4","irrigation_sw_diversion",24.409826023178
"rcp60","ensemble","PAK_12","5","irrigation_sw_diversion",25.4800137083002
"rcp60","ensemble","PAK_12","6","irrigation_sw_diversion",27.9543569667791
"rcp60","ensemble","PAK_12","7","irrigation_sw_diversion",32.6528911083546
"rcp60","ensemble","PAK_12","8","irrigation_sw_diversion",31.3663338995624
"rcp60","ensemble","PAK_12","9","irrigation_sw_diversion",21.9569600584546
"rcp60","ensemble","PAK_2","1","irrigation_sw_diversion",6.07238181546409
"rcp60","ensemble","PAK_2","10","irrigation_sw_diversion",6.19096894926322
"rcp60","ensemble","PAK_2","11","irrigation_sw_diversion",3.62700880568554
"rcp60","ensemble","PAK_2","12","irrigation_sw_diversion",2.6592779350751
"rcp60","ensemble","PAK_2","2","irrigation_sw_diversion",11.3075689329133
"rcp60","ensemble","PAK_2","3","irrigation_sw_diversion",16.2869533267058
"rcp60","ensemble","PAK_2","4","irrigation_sw_diversion",16.2112401993638
"rcp60","ensemble","PAK_2","5","irrigation_sw_diversion",15.8538338667391
"rcp60","ensemble","PAK_2","6","irrigation_sw_diversion",19.3052784528618
"rcp60","ensemble","PAK_2","7","irrigation_sw_diversion",20.1133457190326
"rcp60","ensemble","PAK_2","8","irrigation_sw_diversion",19.1441629177837
"rcp60","ensemble","PAK_2","9","irrigation_sw_diversion",12.9858118723588
"rcp60","ensemble","PAK_3","1","irrigation_sw_diversion",13.6909280498304
"rcp60","ensemble","PAK_3","10","irrigation_sw_diversion",12.7260961186529
"rcp60","ensemble","PAK_3","11","irrigation_sw_diversion",7.51921078239893
"rcp60","ensemble","PAK_3","12","irrigation_sw_diversion",6.05270403587498
"rcp60","ensemble","PAK_3","2","irrigation_sw_diversion",23.9770817748213
"rcp60","ensemble","PAK_3","3","irrigation_sw_diversion",31.5052053840526
"rcp60","ensemble","PAK_3","4","irrigation_sw_diversion",28.9187018195316
"rcp60","ensemble","PAK_3","5","irrigation_sw_diversion",26.4250567495571
"rcp60","ensemble","PAK_3","6","irrigation_sw_diversion",31.1581466871468
"rcp60","ensemble","PAK_3","7","irrigation_sw_diversion",40.2952567680689
"rcp60","ensemble","PAK_3","8","irrigation_sw_diversion",40.3417273279359
"rcp60","ensemble","PAK_3","9","irrigation_sw_diversion",27.2932121659833
"rcp60","ensemble","PAK_4","1","irrigation_sw_diversion",46.2465174639292
"rcp60","ensemble","PAK_4","10","irrigation_sw_diversion",29.2685872585333
"rcp60","ensemble","PAK_4","11","irrigation_sw_diversion",22.4378611744084
"rcp60","ensemble","PAK_4","12","irrigation_sw_diversion",23.1210944527991
"rcp60","ensemble","PAK_4","2","irrigation_sw_diversion",64.8082872730678
"rcp60","ensemble","PAK_4","3","irrigation_sw_diversion",79.7603391421193
"rcp60","ensemble","PAK_4","4","irrigation_sw_diversion",75.0868385963137
"rcp60","ensemble","PAK_4","5","irrigation_sw_diversion",61.4294462297151
"rcp60","ensemble","PAK_4","6","irrigation_sw_diversion",73.7897913793548
"rcp60","ensemble","PAK_4","7","irrigation_sw_diversion",94.1831866796361
"rcp60","ensemble","PAK_4","8","irrigation_sw_diversion",88.0322403440952
"rcp60","ensemble","PAK_4","9","irrigation_sw_diversion",61.4722123149949
"rcp60","ensemble","PAK_5","1","irrigation_sw_diversion",22.6522495805907
"rcp60","ensemble","PAK_5","10","irrigation_sw_diversion",18.1549923927024
"rcp60","ensemble","PAK_5","11","irrigation_sw_diversion",13.7072334959129
"rcp60","ensemble","PAK_5","12","irrigation_sw_diversion",11.9136969702594
"rcp60","ensemble","PAK_5","2","irrigation_sw_diversion",36.909462249735
"rcp60","ensemble","PAK_5","3","irrigation_sw_diversion",42.5483316256229
"rcp60","ensemble","PAK_5","4","irrigation_sw_diversion",42.2632849418835
"rcp60","ensemble","PAK_5","5","irrigation_sw_diversion",39.2328138063066
"rcp60","ensemble","PAK_5","6","irrigation_sw_diversion",42.0489304719382
"rcp60","ensemble","PAK_5","7","irrigation_sw_diversion",46.9609028100363
"rcp60","ensemble","PAK_5","8","irrigation_sw_diversion",45.0340179887281
"rcp60","ensemble","PAK_5","9","irrigation_sw_diversion",33.811659916884
"rcp60","ensemble","PAK_6","1","irrigation_sw_diversion",31.6082442754556
"rcp60","ensemble","PAK_6","10","irrigation_sw_diversion",17.1636329226619
"rcp60","ensemble","PAK_6","11","irrigation_sw_diversion",16.6687762643109
"rcp60","ensemble","PAK_6","12","irrigation_sw_diversion",16.2277624930688
"rcp60","ensemble","PAK_6","2","irrigation_sw_diversion",49.2302479363848
"rcp60","ensemble","PAK_6","3","irrigation_sw_diversion",57.2850240131326
"rcp60","ensemble","PAK_6","4","irrigation_sw_diversion",52.8029374683863
"rcp60","ensemble","PAK_6","5","irrigation_sw_diversion",44.9728200693981
"rcp60","ensemble","PAK_6","6","irrigation_sw_diversion",41.3375435118735
"rcp60","ensemble","PAK_6","7","irrigation_sw_diversion",46.8158508646468
"rcp60","ensemble","PAK_6","8","irrigation_sw_diversion",42.8025475506235
"rcp60","ensemble","PAK_6","9","irrigation_sw_diversion",31.1317077435533
"rcp60","ensemble","PAK_7","1","irrigation_sw_diversion",0.612315646839145
"rcp60","ensemble","PAK_7","10","irrigation_sw_diversion",1.5214421465057
"rcp60","ensemble","PAK_7","11","irrigation_sw_diversion",0.693223587537485
"rcp60","ensemble","PAK_7","12","irrigation_sw_diversion",0.366446084434182
"rcp60","ensemble","PAK_7","2","irrigation_sw_diversion",0.856895311067964
"rcp60","ensemble","PAK_7","3","irrigation_sw_diversion",1.23537854913103
"rcp60","ensemble","PAK_7","4","irrigation_sw_diversion",1.64114734463938
"rcp60","ensemble","PAK_7","5","irrigation_sw_diversion",2.40600449436003
"rcp60","ensemble","PAK_7","6","irrigation_sw_diversion",2.83651045486313
"rcp60","ensemble","PAK_7","7","irrigation_sw_diversion",3.17993315795301
"rcp60","ensemble","PAK_7","8","irrigation_sw_diversion",3.38748265923412
"rcp60","ensemble","PAK_7","9","irrigation_sw_diversion",2.7391252738835
"rcp60","ensemble","PAK_8","1","irrigation_sw_diversion",0.0565262552996746
"rcp60","ensemble","PAK_8","10","irrigation_sw_diversion",0.22674108761398
"rcp60","ensemble","PAK_8","11","irrigation_sw_diversion",0.10820081992869
"rcp60","ensemble","PAK_8","12","irrigation_sw_diversion",0.0479073520446078
"rcp60","ensemble","PAK_8","2","irrigation_sw_diversion",0.0808902497560551
"rcp60","ensemble","PAK_8","3","irrigation_sw_diversion",0.131681606550562
"rcp60","ensemble","PAK_8","4","irrigation_sw_diversion",0.278319341354962
"rcp60","ensemble","PAK_8","5","irrigation_sw_diversion",0.414069386120694
"rcp60","ensemble","PAK_8","6","irrigation_sw_diversion",0.533852861110875
"rcp60","ensemble","PAK_8","7","irrigation_sw_diversion",0.496461576162127
"rcp60","ensemble","PAK_8","8","irrigation_sw_diversion",0.52516848188664
"rcp60","ensemble","PAK_8","9","irrigation_sw_diversion",0.401813921461094
"rcp60","ensemble","PAK_9","1","irrigation_sw_diversion",8.09408218754692
"rcp60","ensemble","PAK_9","10","irrigation_sw_diversion",13.3158333936741
"rcp60","ensemble","PAK_9","11","irrigation_sw_diversion",6.28865939841814
"rcp60","ensemble","PAK_9","12","irrigation_sw_diversion",3.65727571822102
"rcp60","ensemble","PAK_9","2","irrigation_sw_diversion",15.2081424037585
"rcp60","ensemble","PAK_9","3","irrigation_sw_diversion",22.3975882487694
"rcp60","ensemble","PAK_9","4","irrigation_sw_diversion",21.800155286166
"rcp60","ensemble","PAK_9","5","irrigation_sw_diversion",23.8259351248532
"rcp60","ensemble","PAK_9","6","irrigation_sw_diversion",38.5950238391088
"rcp60","ensemble","PAK_9","7","irrigation_sw_diversion",44.3029555258989
"rcp60","ensemble","PAK_9","8","irrigation_sw_diversion",42.7918868192929
"rcp60","ensemble","PAK_9","9","irrigation_sw_diversion",28.5050542332567
"rcp60","gfdl-esm2m","AFG_1","1","irrigation_sw_diversion",1.33316781566802
"rcp60","gfdl-esm2m","AFG_1","10","irrigation_sw_diversion",0.941375704178661
"rcp60","gfdl-esm2m","AFG_1","11","irrigation_sw_diversion",0.807878613012576
"rcp60","gfdl-esm2m","AFG_1","12","irrigation_sw_diversion",0.71971874971418
"rcp60","gfdl-esm2m","AFG_1","2","irrigation_sw_diversion",1.85907562039201
"rcp60","gfdl-esm2m","AFG_1","3","irrigation_sw_diversion",2.45901522495752
"rcp60","gfdl-esm2m","AFG_1","4","irrigation_sw_diversion",2.93224226556619
"rcp60","gfdl-esm2m","AFG_1","5","irrigation_sw_diversion",2.60326291199311
"rcp60","gfdl-esm2m","AFG_1","6","irrigation_sw_diversion",1.9380696592575
"rcp60","gfdl-esm2m","AFG_1","7","irrigation_sw_diversion",2.51579785769411
"rcp60","gfdl-esm2m","AFG_1","8","irrigation_sw_diversion",2.89095967048634
"rcp60","gfdl-esm2m","AFG_1","9","irrigation_sw_diversion",2.19026420715773
"rcp60","gfdl-esm2m","AFG_2","1","irrigation_sw_diversion",2.78159410920806
"rcp60","gfdl-esm2m","AFG_2","10","irrigation_sw_diversion",3.94377391502171
"rcp60","gfdl-esm2m","AFG_2","11","irrigation_sw_diversion",2.45367257385586
"rcp60","gfdl-esm2m","AFG_2","12","irrigation_sw_diversion",1.89856576424591
"rcp60","gfdl-esm2m","AFG_2","2","irrigation_sw_diversion",3.1716198151904
"rcp60","gfdl-esm2m","AFG_2","3","irrigation_sw_diversion",6.04961360809035
"rcp60","gfdl-esm2m","AFG_2","4","irrigation_sw_diversion",9.0101767130137
"rcp60","gfdl-esm2m","AFG_2","5","irrigation_sw_diversion",11.0978592362275
"rcp60","gfdl-esm2m","AFG_2","6","irrigation_sw_diversion",10.3395789374833
"rcp60","gfdl-esm2m","AFG_2","7","irrigation_sw_diversion",14.3686792518045
"rcp60","gfdl-esm2m","AFG_2","8","irrigation_sw_diversion",14.9176283309941
"rcp60","gfdl-esm2m","AFG_2","9","irrigation_sw_diversion",10.9317900361334
"rcp60","gfdl-esm2m","CHN_1","1","irrigation_sw_diversion",0
"rcp60","gfdl-esm2m","CHN_1","11","irrigation_sw_diversion",0
"rcp60","gfdl-esm2m","CHN_1","12","irrigation_sw_diversion",0
"rcp60","gfdl-esm2m","CHN_1","3","irrigation_sw_diversion",0
"rcp60","gfdl-esm2m","CHN_1","4","irrigation_sw_diversion",0
"rcp60","gfdl-esm2m","CHN_1","5","irrigation_sw_diversion",0
"rcp60","gfdl-esm2m","IND_1","1","irrigation_sw_diversion",0
"rcp60","gfdl-esm2m","IND_1","10","irrigation_sw_diversion",0
"rcp60","gfdl-esm2m","IND_1","11","irrigation_sw_diversion",0
"rcp60","gfdl-esm2m","IND_1","12","irrigation_sw_diversion",0
"rcp60","gfdl-esm2m","IND_1","2","irrigation_sw_diversion",0
"rcp60","gfdl-esm2m","IND_1","3","irrigation_sw_diversion",0
"rcp60","gfdl-esm2m","IND_1","4","irrigation_sw_diversion",0
"rcp60","gfdl-esm2m","IND_1","5","irrigation_sw_diversion",0
"rcp60","gfdl-esm2m","IND_1","6","irrigation_sw_diversion",0
"rcp60","gfdl-esm2m","IND_1","7","irrigation_sw_diversion",0
"rcp60","gfdl-esm2m","IND_1","8","irrigation_sw_diversion",0
"rcp60","gfdl-esm2m","IND_1","9","irrigation_sw_diversion",0
"rcp60","gfdl-esm2m","IND_2","1","irrigation_sw_diversion",0.041967457727788
"rcp60","gfdl-esm2m","IND_2","10","irrigation_sw_diversion",0.0975221387340807
"rcp60","gfdl-esm2m","IND_2","11","irrigation_sw_diversion",0.0479862082265964
"rcp60","gfdl-esm2m","IND_2","12","irrigation_sw_diversion",0.0155150133502664
"rcp60","gfdl-esm2m","IND_2","2","irrigation_sw_diversion",0.093609763555007
"rcp60","gfdl-esm2m","IND_2","3","irrigation_sw_diversion",0.112578871208657
"rcp60","gfdl-esm2m","IND_2","4","irrigation_sw_diversion",0.152256543647783
"rcp60","gfdl-esm2m","IND_2","5","irrigation_sw_diversion",0.123129674238987
"rcp60","gfdl-esm2m","IND_2","6","irrigation_sw_diversion",0.0376517429690274
"rcp60","gfdl-esm2m","IND_2","7","irrigation_sw_diversion",0.0121588384395697
"rcp60","gfdl-esm2m","IND_2","8","irrigation_sw_diversion",0.0733650554791376
"rcp60","gfdl-esm2m","IND_2","9","irrigation_sw_diversion",0.151258534856945
"rcp60","gfdl-esm2m","IND_3","1","irrigation_sw_diversion",2.40076277043498
"rcp60","gfdl-esm2m","IND_3","10","irrigation_sw_diversion",2.5063410635058
"rcp60","gfdl-esm2m","IND_3","11","irrigation_sw_diversion",1.63792743851343
"rcp60","gfdl-esm2m","IND_3","12","irrigation_sw_diversion",1.14093655587161
"rcp60","gfdl-esm2m","IND_3","2","irrigation_sw_diversion",5.43479117001779
"rcp60","gfdl-esm2m","IND_3","3","irrigation_sw_diversion",6.6087751638259
"rcp60","gfdl-esm2m","IND_3","4","irrigation_sw_diversion",7.07819163597317
"rcp60","gfdl-esm2m","IND_3","5","irrigation_sw_diversion",5.75107264804466
"rcp60","gfdl-esm2m","IND_3","6","irrigation_sw_diversion",6.01530162461469
"rcp60","gfdl-esm2m","IND_3","7","irrigation_sw_diversion",5.5926950201947
"rcp60","gfdl-esm2m","IND_3","8","irrigation_sw_diversion",6.9049303286044
"rcp60","gfdl-esm2m","IND_3","9","irrigation_sw_diversion",5.35848772622022
"rcp60","gfdl-esm2m","IND_4","1","irrigation_sw_diversion",55.9852026684357
"rcp60","gfdl-esm2m","IND_4","10","irrigation_sw_diversion",34.5983308047153
"rcp60","gfdl-esm2m","IND_4","11","irrigation_sw_diversion",28.958399392454
"rcp60","gfdl-esm2m","IND_4","12","irrigation_sw_diversion",25.4696703093598
"rcp60","gfdl-esm2m","IND_4","2","irrigation_sw_diversion",110.12585774817
"rcp60","gfdl-esm2m","IND_4","3","irrigation_sw_diversion",141.914395514285
"rcp60","gfdl-esm2m","IND_4","4","irrigation_sw_diversion",143.479206504532
"rcp60","gfdl-esm2m","IND_4","5","irrigation_sw_diversion",111.974487438782
"rcp60","gfdl-esm2m","IND_4","6","irrigation_sw_diversion",79.5002165948541
"rcp60","gfdl-esm2m","IND_4","7","irrigation_sw_diversion",72.9459440024335
"rcp60","gfdl-esm2m","IND_4","8","irrigation_sw_diversion",88.6926679028034
"rcp60","gfdl-esm2m","IND_4","9","irrigation_sw_diversion",61.7016479899168
"rcp60","gfdl-esm2m","IND_5","1","irrigation_sw_diversion",0
"rcp60","gfdl-esm2m","IND_5","10","irrigation_sw_diversion",0
"rcp60","gfdl-esm2m","IND_5","11","irrigation_sw_diversion",0
"rcp60","gfdl-esm2m","IND_5","12","irrigation_sw_diversion",0
"rcp60","gfdl-esm2m","IND_5","2","irrigation_sw_diversion",0
"rcp60","gfdl-esm2m","IND_5","3","irrigation_sw_diversion",0
"rcp60","gfdl-esm2m","IND_5","4","irrigation_sw_diversion",0
"rcp60","gfdl-esm2m","IND_5","5","irrigation_sw_diversion",0
"rcp60","gfdl-esm2m","IND_5","6","irrigation_sw_diversion",0
"rcp60","gfdl-esm2m","IND_5","7","irrigation_sw_diversion",0
"rcp60","gfdl-esm2m","IND_5","8","irrigation_sw_diversion",0
"rcp60","gfdl-esm2m","IND_5","9","irrigation_sw_diversion",0
"rcp60","gfdl-esm2m","IND_6","1","irrigation_sw_diversion",0
"rcp60","gfdl-esm2m","IND_6","10","irrigation_sw_diversion",0
"rcp60","gfdl-esm2m","IND_6","11","irrigation_sw_diversion",0
"rcp60","gfdl-esm2m","IND_6","12","irrigation_sw_diversion",0
"rcp60","gfdl-esm2m","IND_6","2","irrigation_sw_diversion",0
"rcp60","gfdl-esm2m","IND_6","3","irrigation_sw_diversion",0
"rcp60","gfdl-esm2m","IND_6","4","irrigation_sw_diversion",0
"rcp60","gfdl-esm2m","IND_6","5","irrigation_sw_diversion",0
"rcp60","gfdl-esm2m","IND_6","6","irrigation_sw_diversion",0
"rcp60","gfdl-esm2m","IND_6","7","irrigation_sw_diversion",0
"rcp60","gfdl-esm2m","IND_6","8","irrigation_sw_diversion",0
"rcp60","gfdl-esm2m","IND_6","9","irrigation_sw_diversion",0
"rcp60","gfdl-esm2m","PAK_1","1","irrigation_sw_diversion",4.05821852151674
"rcp60","gfdl-esm2m","PAK_1","10","irrigation_sw_diversion",3.30556758539721
"rcp60","gfdl-esm2m","PAK_1","11","irrigation_sw_diversion",2.25040821457442
"rcp60","gfdl-esm2m","PAK_1","12","irrigation_sw_diversion",1.21124209559587
"rcp60","gfdl-esm2m","PAK_1","2","irrigation_sw_diversion",7.47444624698005
"rcp60","gfdl-esm2m","PAK_1","3","irrigation_sw_diversion",9.81879746302999
"rcp60","gfdl-esm2m","PAK_1","4","irrigation_sw_diversion",10.6534969221379
"rcp60","gfdl-esm2m","PAK_1","5","irrigation_sw_diversion",10.3727546722421
"rcp60","gfdl-esm2m","PAK_1","6","irrigation_sw_diversion",8.89785694070897
"rcp60","gfdl-esm2m","PAK_1","7","irrigation_sw_diversion",9.80543580679083
"rcp60","gfdl-esm2m","PAK_1","8","irrigation_sw_diversion",10.934444394535
"rcp60","gfdl-esm2m","PAK_1","9","irrigation_sw_diversion",7.17913743664391
"rcp60","gfdl-esm2m","PAK_10","1","irrigation_sw_diversion",31.3561733995638
"rcp60","gfdl-esm2m","PAK_10","10","irrigation_sw_diversion",24.3509069209039
"rcp60","gfdl-esm2m","PAK_10","11","irrigation_sw_diversion",16.9211600777625
"rcp60","gfdl-esm2m","PAK_10","12","irrigation_sw_diversion",13.3194844439512
"rcp60","gfdl-esm2m","PAK_10","2","irrigation_sw_diversion",57.1049536058144
"rcp60","gfdl-esm2m","PAK_10","3","irrigation_sw_diversion",73.3072550270698
"rcp60","gfdl-esm2m","PAK_10","4","irrigation_sw_diversion",68.9348839029448
"rcp60","gfdl-esm2m","PAK_10","5","irrigation_sw_diversion",61.401204222502
"rcp60","gfdl-esm2m","PAK_10","6","irrigation_sw_diversion",63.1622840420771
"rcp60","gfdl-esm2m","PAK_10","7","irrigation_sw_diversion",83.6903599670091
"rcp60","gfdl-esm2m","PAK_10","8","irrigation_sw_diversion",87.0720019329833
"rcp60","gfdl-esm2m","PAK_10","9","irrigation_sw_diversion",54.3038711974966
"rcp60","gfdl-esm2m","PAK_11","1","irrigation_sw_diversion",0
"rcp60","gfdl-esm2m","PAK_11","10","irrigation_sw_diversion",0
"rcp60","gfdl-esm2m","PAK_11","11","irrigation_sw_diversion",0
"rcp60","gfdl-esm2m","PAK_11","12","irrigation_sw_diversion",0
"rcp60","gfdl-esm2m","PAK_11","2","irrigation_sw_diversion",0
"rcp60","gfdl-esm2m","PAK_11","3","irrigation_sw_diversion",0
"rcp60","gfdl-esm2m","PAK_11","4","irrigation_sw_diversion",0
"rcp60","gfdl-esm2m","PAK_11","5","irrigation_sw_diversion",0
"rcp60","gfdl-esm2m","PAK_11","6","irrigation_sw_diversion",0
"rcp60","gfdl-esm2m","PAK_11","7","irrigation_sw_diversion",0
"rcp60","gfdl-esm2m","PAK_11","8","irrigation_sw_diversion",0
"rcp60","gfdl-esm2m","PAK_11","9","irrigation_sw_diversion",0
"rcp60","gfdl-esm2m","PAK_12","1","irrigation_sw_diversion",11.9712726418577
"rcp60","gfdl-esm2m","PAK_12","10","irrigation_sw_diversion",11.998347206931
"rcp60","gfdl-esm2m","PAK_12","11","irrigation_sw_diversion",8.06805820533724
"rcp60","gfdl-esm2m","PAK_12","12","irrigation_sw_diversion",5.62902541768621
"rcp60","gfdl-esm2m","PAK_12","2","irrigation_sw_diversion",18.9584550762717
"rcp60","gfdl-esm2m","PAK_12","3","irrigation_sw_diversion",23.2943758286231
"rcp60","gfdl-esm2m","PAK_12","4","irrigation_sw_diversion",23.3880830606498
"rcp60","gfdl-esm2m","PAK_12","5","irrigation_sw_diversion",25.0768498221603
"rcp60","gfdl-esm2m","PAK_12","6","irrigation_sw_diversion",25.5494492001516
"rcp60","gfdl-esm2m","PAK_12","7","irrigation_sw_diversion",30.0982043346184
"rcp60","gfdl-esm2m","PAK_12","8","irrigation_sw_diversion",34.3377754581297
"rcp60","gfdl-esm2m","PAK_12","9","irrigation_sw_diversion",24.4435438526815
"rcp60","gfdl-esm2m","PAK_2","1","irrigation_sw_diversion",5.91917932693551
"rcp60","gfdl-esm2m","PAK_2","10","irrigation_sw_diversion",6.06495127698864
"rcp60","gfdl-esm2m","PAK_2","11","irrigation_sw_diversion",3.41105324674804
"rcp60","gfdl-esm2m","PAK_2","12","irrigation_sw_diversion",2.11208040328262
"rcp60","gfdl-esm2m","PAK_2","2","irrigation_sw_diversion",11.4224685703009
"rcp60","gfdl-esm2m","PAK_2","3","irrigation_sw_diversion",15.144426901864
"rcp60","gfdl-esm2m","PAK_2","4","irrigation_sw_diversion",15.8192435387805
"rcp60","gfdl-esm2m","PAK_2","5","irrigation_sw_diversion",15.5905647830612
"rcp60","gfdl-esm2m","PAK_2","6","irrigation_sw_diversion",16.7082842280943
"rcp60","gfdl-esm2m","PAK_2","7","irrigation_sw_diversion",19.4269668451781
"rcp60","gfdl-esm2m","PAK_2","8","irrigation_sw_diversion",21.3481570282444
"rcp60","gfdl-esm2m","PAK_2","9","irrigation_sw_diversion",13.4958496404323
"rcp60","gfdl-esm2m","PAK_3","1","irrigation_sw_diversion",13.593808126464
"rcp60","gfdl-esm2m","PAK_3","10","irrigation_sw_diversion",12.7618341859933
"rcp60","gfdl-esm2m","PAK_3","11","irrigation_sw_diversion",7.26698988091791
"rcp60","gfdl-esm2m","PAK_3","12","irrigation_sw_diversion",5.64675080432361
"rcp60","gfdl-esm2m","PAK_3","2","irrigation_sw_diversion",23.4664169289982
"rcp60","gfdl-esm2m","PAK_3","3","irrigation_sw_diversion",30.1614059357969
"rcp60","gfdl-esm2m","PAK_3","4","irrigation_sw_diversion",28.1716880265559
"rcp60","gfdl-esm2m","PAK_3","5","irrigation_sw_diversion",26.1779394990535
"rcp60","gfdl-esm2m","PAK_3","6","irrigation_sw_diversion",28.3493564100367
"rcp60","gfdl-esm2m","PAK_3","7","irrigation_sw_diversion",36.6450183672558
"rcp60","gfdl-esm2m","PAK_3","8","irrigation_sw_diversion",42.5450337862715
"rcp60","gfdl-esm2m","PAK_3","9","irrigation_sw_diversion",28.820210116661
"rcp60","gfdl-esm2m","PAK_4","1","irrigation_sw_diversion",47.2561148423224
"rcp60","gfdl-esm2m","PAK_4","10","irrigation_sw_diversion",28.672039288347
"rcp60","gfdl-esm2m","PAK_4","11","irrigation_sw_diversion",20.9484235897758
"rcp60","gfdl-esm2m","PAK_4","12","irrigation_sw_diversion",20.5040596616114
"rcp60","gfdl-esm2m","PAK_4","2","irrigation_sw_diversion",66.7834767794993
"rcp60","gfdl-esm2m","PAK_4","3","irrigation_sw_diversion",79.4918036097028
"rcp60","gfdl-esm2m","PAK_4","4","irrigation_sw_diversion",75.7384507984989
"rcp60","gfdl-esm2m","PAK_4","5","irrigation_sw_diversion",60.1705222538051
"rcp60","gfdl-esm2m","PAK_4","6","irrigation_sw_diversion",73.836119884277
"rcp60","gfdl-esm2m","PAK_4","7","irrigation_sw_diversion",90.8187519293565
"rcp60","gfdl-esm2m","PAK_4","8","irrigation_sw_diversion",91.2096780785293
"rcp60","gfdl-esm2m","PAK_4","9","irrigation_sw_diversion",64.4692556239081
"rcp60","gfdl-esm2m","PAK_5","1","irrigation_sw_diversion",22.4834944475807
"rcp60","gfdl-esm2m","PAK_5","10","irrigation_sw_diversion",18.3079776730332
"rcp60","gfdl-esm2m","PAK_5","11","irrigation_sw_diversion",13.2074805176687
"rcp60","gfdl-esm2m","PAK_5","12","irrigation_sw_diversion",11.218862611085
"rcp60","gfdl-esm2m","PAK_5","2","irrigation_sw_diversion",36.9199844001213
"rcp60","gfdl-esm2m","PAK_5","3","irrigation_sw_diversion",39.8717465649327
"rcp60","gfdl-esm2m","PAK_5","4","irrigation_sw_diversion",41.4872951415498
"rcp60","gfdl-esm2m","PAK_5","5","irrigation_sw_diversion",38.8476785722232
"rcp60","gfdl-esm2m","PAK_5","6","irrigation_sw_diversion",42.2975546183622
"rcp60","gfdl-esm2m","PAK_5","7","irrigation_sw_diversion",46.6750544031626
"rcp60","gfdl-esm2m","PAK_5","8","irrigation_sw_diversion",48.343138612662
"rcp60","gfdl-esm2m","PAK_5","9","irrigation_sw_diversion",35.6029785745628
"rcp60","gfdl-esm2m","PAK_6","1","irrigation_sw_diversion",31.2129983983923
"rcp60","gfdl-esm2m","PAK_6","10","irrigation_sw_diversion",17.5582456728527
"rcp60","gfdl-esm2m","PAK_6","11","irrigation_sw_diversion",16.1321995416747
"rcp60","gfdl-esm2m","PAK_6","12","irrigation_sw_diversion",14.7221822767123
"rcp60","gfdl-esm2m","PAK_6","2","irrigation_sw_diversion",50.5898974184323
"rcp60","gfdl-esm2m","PAK_6","3","irrigation_sw_diversion",53.4991705262009
"rcp60","gfdl-esm2m","PAK_6","4","irrigation_sw_diversion",51.8237677369421
"rcp60","gfdl-esm2m","PAK_6","5","irrigation_sw_diversion",44.9958062744945
"rcp60","gfdl-esm2m","PAK_6","6","irrigation_sw_diversion",42.3259719760274
"rcp60","gfdl-esm2m","PAK_6","7","irrigation_sw_diversion",46.5338607822178
"rcp60","gfdl-esm2m","PAK_6","8","irrigation_sw_diversion",46.3269844805747
"rcp60","gfdl-esm2m","PAK_6","9","irrigation_sw_diversion",32.4842077870297
"rcp60","gfdl-esm2m","PAK_7","1","irrigation_sw_diversion",0.505929820415914
"rcp60","gfdl-esm2m","PAK_7","10","irrigation_sw_diversion",1.47550949706236
"rcp60","gfdl-esm2m","PAK_7","11","irrigation_sw_diversion",0.728131151636169
"rcp60","gfdl-esm2m","PAK_7","12","irrigation_sw_diversion",0.31573966637057
"rcp60","gfdl-esm2m","PAK_7","2","irrigation_sw_diversion",0.785040104706843
"rcp60","gfdl-esm2m","PAK_7","3","irrigation_sw_diversion",0.988273633953786
"rcp60","gfdl-esm2m","PAK_7","4","irrigation_sw_diversion",1.50696930971322
"rcp60","gfdl-esm2m","PAK_7","5","irrigation_sw_diversion",2.34165963340145
"rcp60","gfdl-esm2m","PAK_7","6","irrigation_sw_diversion",2.62296409556903
"rcp60","gfdl-esm2m","PAK_7","7","irrigation_sw_diversion",3.01597185911415
"rcp60","gfdl-esm2m","PAK_7","8","irrigation_sw_diversion",3.53718036912461
"rcp60","gfdl-esm2m","PAK_7","9","irrigation_sw_diversion",3.14288609323168
"rcp60","gfdl-esm2m","PAK_8","1","irrigation_sw_diversion",0.0528922279806873
"rcp60","gfdl-esm2m","PAK_8","10","irrigation_sw_diversion",0.22051807507631
"rcp60","gfdl-esm2m","PAK_8","11","irrigation_sw_diversion",0.103547455377237
"rcp60","gfdl-esm2m","PAK_8","12","irrigation_sw_diversion",0.0392025637631658
"rcp60","gfdl-esm2m","PAK_8","2","irrigation_sw_diversion",0.0876932409326923
"rcp60","gfdl-esm2m","PAK_8","3","irrigation_sw_diversion",0.11352767923145
"rcp60","gfdl-esm2m","PAK_8","4","irrigation_sw_diversion",0.272567967321651
"rcp60","gfdl-esm2m","PAK_8","5","irrigation_sw_diversion",0.394656407805262
"rcp60","gfdl-esm2m","PAK_8","6","irrigation_sw_diversion",0.461097294344316
"rcp60","gfdl-esm2m","PAK_8","7","irrigation_sw_diversion",0.454675490902739
"rcp60","gfdl-esm2m","PAK_8","8","irrigation_sw_diversion",0.539776618645031
"rcp60","gfdl-esm2m","PAK_8","9","irrigation_sw_diversion",0.430452607020394
"rcp60","gfdl-esm2m","PAK_9","1","irrigation_sw_diversion",7.91256191410719
"rcp60","gfdl-esm2m","PAK_9","10","irrigation_sw_diversion",12.9354009537698
"rcp60","gfdl-esm2m","PAK_9","11","irrigation_sw_diversion",5.90860039245128
"rcp60","gfdl-esm2m","PAK_9","12","irrigation_sw_diversion",3.32347941342976
"rcp60","gfdl-esm2m","PAK_9","2","irrigation_sw_diversion",15.3503568213654
"rcp60","gfdl-esm2m","PAK_9","3","irrigation_sw_diversion",20.9995680216461
"rcp60","gfdl-esm2m","PAK_9","4","irrigation_sw_diversion",21.181579789097
"rcp60","gfdl-esm2m","PAK_9","5","irrigation_sw_diversion",23.2776720070133
"rcp60","gfdl-esm2m","PAK_9","6","irrigation_sw_diversion",33.6511848991483
"rcp60","gfdl-esm2m","PAK_9","7","irrigation_sw_diversion",43.2157872613352
"rcp60","gfdl-esm2m","PAK_9","8","irrigation_sw_diversion",47.5638003683372
"rcp60","gfdl-esm2m","PAK_9","9","irrigation_sw_diversion",29.6151286004051
"rcp60","hadgem2-es","AFG_1","1","irrigation_sw_diversion",1.47353614452671
"rcp60","hadgem2-es","AFG_1","10","irrigation_sw_diversion",0.96051458221301
"rcp60","hadgem2-es","AFG_1","11","irrigation_sw_diversion",0.823381623620634
"rcp60","hadgem2-es","AFG_1","12","irrigation_sw_diversion",0.821778890087715
"rcp60","hadgem2-es","AFG_1","2","irrigation_sw_diversion",2.16783436184676
"rcp60","hadgem2-es","AFG_1","3","irrigation_sw_diversion",3.23851290581207
"rcp60","hadgem2-es","AFG_1","4","irrigation_sw_diversion",3.15027910867383
"rcp60","hadgem2-es","AFG_1","5","irrigation_sw_diversion",2.64895873224459
"rcp60","hadgem2-es","AFG_1","6","irrigation_sw_diversion",2.0371219409115
"rcp60","hadgem2-es","AFG_1","7","irrigation_sw_diversion",2.5048284478396
"rcp60","hadgem2-es","AFG_1","8","irrigation_sw_diversion",2.61398160190957
"rcp60","hadgem2-es","AFG_1","9","irrigation_sw_diversion",1.93028134994749
"rcp60","hadgem2-es","AFG_2","1","irrigation_sw_diversion",3.02445595590585
"rcp60","hadgem2-es","AFG_2","10","irrigation_sw_diversion",4.25400231106065
"rcp60","hadgem2-es","AFG_2","11","irrigation_sw_diversion",2.44015815049168
"rcp60","hadgem2-es","AFG_2","12","irrigation_sw_diversion",1.9655656243164
"rcp60","hadgem2-es","AFG_2","2","irrigation_sw_diversion",3.87653918840866
"rcp60","hadgem2-es","AFG_2","3","irrigation_sw_diversion",7.59779644403538
"rcp60","hadgem2-es","AFG_2","4","irrigation_sw_diversion",8.94600235955175
"rcp60","hadgem2-es","AFG_2","5","irrigation_sw_diversion",9.80081311285723
"rcp60","hadgem2-es","AFG_2","6","irrigation_sw_diversion",10.6105856992881
"rcp60","hadgem2-es","AFG_2","7","irrigation_sw_diversion",14.2430832084667
"rcp60","hadgem2-es","AFG_2","8","irrigation_sw_diversion",14.4972512374336
"rcp60","hadgem2-es","AFG_2","9","irrigation_sw_diversion",9.74445183505116
"rcp60","hadgem2-es","CHN_1","11","irrigation_sw_diversion",0
"rcp60","hadgem2-es","CHN_1","12","irrigation_sw_diversion",0
"rcp60","hadgem2-es","CHN_1","3","irrigation_sw_diversion",0
"rcp60","hadgem2-es","CHN_1","4","irrigation_sw_diversion",0
"rcp60","hadgem2-es","CHN_1","5","irrigation_sw_diversion",0
"rcp60","hadgem2-es","IND_1","1","irrigation_sw_diversion",0
"rcp60","hadgem2-es","IND_1","10","irrigation_sw_diversion",0
"rcp60","hadgem2-es","IND_1","11","irrigation_sw_diversion",0
"rcp60","hadgem2-es","IND_1","12","irrigation_sw_diversion",0
"rcp60","hadgem2-es","IND_1","2","irrigation_sw_diversion",0
"rcp60","hadgem2-es","IND_1","3","irrigation_sw_diversion",0
"rcp60","hadgem2-es","IND_1","4","irrigation_sw_diversion",0
"rcp60","hadgem2-es","IND_1","5","irrigation_sw_diversion",0
"rcp60","hadgem2-es","IND_1","6","irrigation_sw_diversion",0
"rcp60","hadgem2-es","IND_1","7","irrigation_sw_diversion",0
"rcp60","hadgem2-es","IND_1","8","irrigation_sw_diversion",0
"rcp60","hadgem2-es","IND_1","9","irrigation_sw_diversion",0
"rcp60","hadgem2-es","IND_2","1","irrigation_sw_diversion",0.0344018523083563
"rcp60","hadgem2-es","IND_2","10","irrigation_sw_diversion",0.100214373282603
"rcp60","hadgem2-es","IND_2","11","irrigation_sw_diversion",0.0568456873321171
"rcp60","hadgem2-es","IND_2","12","irrigation_sw_diversion",0.0358644041632304
"rcp60","hadgem2-es","IND_2","2","irrigation_sw_diversion",0.0791007867267289
"rcp60","hadgem2-es","IND_2","3","irrigation_sw_diversion",0.14891471005052
"rcp60","hadgem2-es","IND_2","4","irrigation_sw_diversion",0.179438844694863
"rcp60","hadgem2-es","IND_2","5","irrigation_sw_diversion",0.150838477862047
"rcp60","hadgem2-es","IND_2","6","irrigation_sw_diversion",0.0692278805903371
"rcp60","hadgem2-es","IND_2","7","irrigation_sw_diversion",0.01406127205475
"rcp60","hadgem2-es","IND_2","8","irrigation_sw_diversion",0.0582436099875215
"rcp60","hadgem2-es","IND_2","9","irrigation_sw_diversion",0.1574546732529
"rcp60","hadgem2-es","IND_3","1","irrigation_sw_diversion",1.81785673033294
"rcp60","hadgem2-es","IND_3","10","irrigation_sw_diversion",2.73360269276814
"rcp60","hadgem2-es","IND_3","11","irrigation_sw_diversion",1.73526218594926
"rcp60","hadgem2-es","IND_3","12","irrigation_sw_diversion",1.37387085530046
"rcp60","hadgem2-es","IND_3","2","irrigation_sw_diversion",4.26843108381907
"rcp60","hadgem2-es","IND_3","3","irrigation_sw_diversion",6.69644701323398
"rcp60","hadgem2-es","IND_3","4","irrigation_sw_diversion",6.57617575525223
"rcp60","hadgem2-es","IND_3","5","irrigation_sw_diversion",5.69661588676202
"rcp60","hadgem2-es","IND_3","6","irrigation_sw_diversion",8.01772225074497
"rcp60","hadgem2-es","IND_3","7","irrigation_sw_diversion",4.97310408351814
"rcp60","hadgem2-es","IND_3","8","irrigation_sw_diversion",6.69550086526373
"rcp60","hadgem2-es","IND_3","9","irrigation_sw_diversion",5.79848358457322
"rcp60","hadgem2-es","IND_4","1","irrigation_sw_diversion",54.9750311350682
"rcp60","hadgem2-es","IND_4","10","irrigation_sw_diversion",33.4833604935589
"rcp60","hadgem2-es","IND_4","11","irrigation_sw_diversion",33.3461852459837
"rcp60","hadgem2-es","IND_4","12","irrigation_sw_diversion",30.7111799423685
"rcp60","hadgem2-es","IND_4","2","irrigation_sw_diversion",103.326295994022
"rcp60","hadgem2-es","IND_4","3","irrigation_sw_diversion",166.132382073116
"rcp60","hadgem2-es","IND_4","4","irrigation_sw_diversion",159.508743757267
"rcp60","hadgem2-es","IND_4","5","irrigation_sw_diversion",130.267125034863
"rcp60","hadgem2-es","IND_4","6","irrigation_sw_diversion",82.0587922462615
"rcp60","hadgem2-es","IND_4","7","irrigation_sw_diversion",49.9632990832184
"rcp60","hadgem2-es","IND_4","8","irrigation_sw_diversion",61.0889158565298
"rcp60","hadgem2-es","IND_4","9","irrigation_sw_diversion",50.1967253922765
"rcp60","hadgem2-es","IND_5","1","irrigation_sw_diversion",0
"rcp60","hadgem2-es","IND_5","10","irrigation_sw_diversion",0
"rcp60","hadgem2-es","IND_5","11","irrigation_sw_diversion",0
"rcp60","hadgem2-es","IND_5","12","irrigation_sw_diversion",0
"rcp60","hadgem2-es","IND_5","2","irrigation_sw_diversion",0
"rcp60","hadgem2-es","IND_5","3","irrigation_sw_diversion",0
"rcp60","hadgem2-es","IND_5","4","irrigation_sw_diversion",0
"rcp60","hadgem2-es","IND_5","5","irrigation_sw_diversion",0
"rcp60","hadgem2-es","IND_5","6","irrigation_sw_diversion",0
"rcp60","hadgem2-es","IND_5","7","irrigation_sw_diversion",0
"rcp60","hadgem2-es","IND_5","8","irrigation_sw_diversion",0
"rcp60","hadgem2-es","IND_5","9","irrigation_sw_diversion",0
"rcp60","hadgem2-es","IND_6","1","irrigation_sw_diversion",0
"rcp60","hadgem2-es","IND_6","10","irrigation_sw_diversion",0
"rcp60","hadgem2-es","IND_6","11","irrigation_sw_diversion",0
"rcp60","hadgem2-es","IND_6","12","irrigation_sw_diversion",0
"rcp60","hadgem2-es","IND_6","2","irrigation_sw_diversion",0
"rcp60","hadgem2-es","IND_6","3","irrigation_sw_diversion",0
"rcp60","hadgem2-es","IND_6","4","irrigation_sw_diversion",0
"rcp60","hadgem2-es","IND_6","5","irrigation_sw_diversion",0
"rcp60","hadgem2-es","IND_6","6","irrigation_sw_diversion",0
"rcp60","hadgem2-es","IND_6","7","irrigation_sw_diversion",0
"rcp60","hadgem2-es","IND_6","8","irrigation_sw_diversion",0
"rcp60","hadgem2-es","IND_6","9","irrigation_sw_diversion",0
"rcp60","hadgem2-es","PAK_1","1","irrigation_sw_diversion",4.41399968241745
"rcp60","hadgem2-es","PAK_1","10","irrigation_sw_diversion",3.57693214210156
"rcp60","hadgem2-es","PAK_1","11","irrigation_sw_diversion",2.58066472755759
"rcp60","hadgem2-es","PAK_1","12","irrigation_sw_diversion",2.09930476284496
"rcp60","hadgem2-es","PAK_1","2","irrigation_sw_diversion",7.10891312333483
"rcp60","hadgem2-es","PAK_1","3","irrigation_sw_diversion",11.497149651044
"rcp60","hadgem2-es","PAK_1","4","irrigation_sw_diversion",11.6262595628884
"rcp60","hadgem2-es","PAK_1","5","irrigation_sw_diversion",11.4891860788422
"rcp60","hadgem2-es","PAK_1","6","irrigation_sw_diversion",12.0761383020271
"rcp60","hadgem2-es","PAK_1","7","irrigation_sw_diversion",10.5055244385523
"rcp60","hadgem2-es","PAK_1","8","irrigation_sw_diversion",9.94354403345471
"rcp60","hadgem2-es","PAK_1","9","irrigation_sw_diversion",7.50490900423555
"rcp60","hadgem2-es","PAK_10","1","irrigation_sw_diversion",31.9886427009033
"rcp60","hadgem2-es","PAK_10","10","irrigation_sw_diversion",26.5342824372041
"rcp60","hadgem2-es","PAK_10","11","irrigation_sw_diversion",17.4016701067565
"rcp60","hadgem2-es","PAK_10","12","irrigation_sw_diversion",14.045579308555
"rcp60","hadgem2-es","PAK_10","2","irrigation_sw_diversion",56.2432825136743
"rcp60","hadgem2-es","PAK_10","3","irrigation_sw_diversion",80.9339805975137
"rcp60","hadgem2-es","PAK_10","4","irrigation_sw_diversion",75.9179724167287
"rcp60","hadgem2-es","PAK_10","5","irrigation_sw_diversion",67.8938869127105
"rcp60","hadgem2-es","PAK_10","6","irrigation_sw_diversion",80.3733119409619
"rcp60","hadgem2-es","PAK_10","7","irrigation_sw_diversion",97.5242554581465
"rcp60","hadgem2-es","PAK_10","8","irrigation_sw_diversion",94.2243920334495
"rcp60","hadgem2-es","PAK_10","9","irrigation_sw_diversion",62.0436167422881
"rcp60","hadgem2-es","PAK_11","1","irrigation_sw_diversion",0
"rcp60","hadgem2-es","PAK_11","10","irrigation_sw_diversion",0
"rcp60","hadgem2-es","PAK_11","11","irrigation_sw_diversion",0
"rcp60","hadgem2-es","PAK_11","12","irrigation_sw_diversion",0
"rcp60","hadgem2-es","PAK_11","2","irrigation_sw_diversion",0
"rcp60","hadgem2-es","PAK_11","3","irrigation_sw_diversion",0
"rcp60","hadgem2-es","PAK_11","4","irrigation_sw_diversion",0
"rcp60","hadgem2-es","PAK_11","5","irrigation_sw_diversion",0
"rcp60","hadgem2-es","PAK_11","6","irrigation_sw_diversion",0
"rcp60","hadgem2-es","PAK_11","7","irrigation_sw_diversion",0
"rcp60","hadgem2-es","PAK_11","8","irrigation_sw_diversion",0
"rcp60","hadgem2-es","PAK_11","9","irrigation_sw_diversion",0
"rcp60","hadgem2-es","PAK_12","1","irrigation_sw_diversion",12.7155929075869
"rcp60","hadgem2-es","PAK_12","10","irrigation_sw_diversion",11.9008333356543
"rcp60","hadgem2-es","PAK_12","11","irrigation_sw_diversion",8.10943135547148
"rcp60","hadgem2-es","PAK_12","12","irrigation_sw_diversion",6.42470480650196
"rcp60","hadgem2-es","PAK_12","2","irrigation_sw_diversion",19.5360334366545
"rcp60","hadgem2-es","PAK_12","3","irrigation_sw_diversion",27.1949515049162
"rcp60","hadgem2-es","PAK_12","4","irrigation_sw_diversion",25.2040691999001
"rcp60","hadgem2-es","PAK_12","5","irrigation_sw_diversion",25.7952413109339
"rcp60","hadgem2-es","PAK_12","6","irrigation_sw_diversion",30.2428419566446
"rcp60","hadgem2-es","PAK_12","7","irrigation_sw_diversion",33.8202499210211
"rcp60","hadgem2-es","PAK_12","8","irrigation_sw_diversion",30.8031432840229
"rcp60","hadgem2-es","PAK_12","9","irrigation_sw_diversion",22.4773590565405
"rcp60","hadgem2-es","PAK_2","1","irrigation_sw_diversion",6.5552508473483
"rcp60","hadgem2-es","PAK_2","10","irrigation_sw_diversion",6.75727781561093
"rcp60","hadgem2-es","PAK_2","11","irrigation_sw_diversion",3.85227269575131
"rcp60","hadgem2-es","PAK_2","12","irrigation_sw_diversion",2.96428091763345
"rcp60","hadgem2-es","PAK_2","2","irrigation_sw_diversion",11.7557428226192
"rcp60","hadgem2-es","PAK_2","3","irrigation_sw_diversion",17.9687176550078
"rcp60","hadgem2-es","PAK_2","4","irrigation_sw_diversion",17.5006784135954
"rcp60","hadgem2-es","PAK_2","5","irrigation_sw_diversion",17.0469929623007
"rcp60","hadgem2-es","PAK_2","6","irrigation_sw_diversion",23.1095363284697
"rcp60","hadgem2-es","PAK_2","7","irrigation_sw_diversion",20.2939668622765
"rcp60","hadgem2-es","PAK_2","8","irrigation_sw_diversion",19.8783456316339
"rcp60","hadgem2-es","PAK_2","9","irrigation_sw_diversion",15.0080572067589
"rcp60","hadgem2-es","PAK_3","1","irrigation_sw_diversion",14.7708312859521
"rcp60","hadgem2-es","PAK_3","10","irrigation_sw_diversion",13.3588957065908
"rcp60","hadgem2-es","PAK_3","11","irrigation_sw_diversion",7.7707495403745
"rcp60","hadgem2-es","PAK_3","12","irrigation_sw_diversion",6.49576861051548
"rcp60","hadgem2-es","PAK_3","2","irrigation_sw_diversion",25.4320352091068
"rcp60","hadgem2-es","PAK_3","3","irrigation_sw_diversion",33.9291822084558
"rcp60","hadgem2-es","PAK_3","4","irrigation_sw_diversion",30.7584284788715
"rcp60","hadgem2-es","PAK_3","5","irrigation_sw_diversion",27.6927271243173
"rcp60","hadgem2-es","PAK_3","6","irrigation_sw_diversion",35.7874467310063
"rcp60","hadgem2-es","PAK_3","7","irrigation_sw_diversion",45.7890148026477
"rcp60","hadgem2-es","PAK_3","8","irrigation_sw_diversion",42.8730115485401
"rcp60","hadgem2-es","PAK_3","9","irrigation_sw_diversion",29.646509108339
"rcp60","hadgem2-es","PAK_4","1","irrigation_sw_diversion",47.7275094310879
"rcp60","hadgem2-es","PAK_4","10","irrigation_sw_diversion",28.8223747746624
"rcp60","hadgem2-es","PAK_4","11","irrigation_sw_diversion",22.3405574032392
"rcp60","hadgem2-es","PAK_4","12","irrigation_sw_diversion",24.3570798494685
"rcp60","hadgem2-es","PAK_4","2","irrigation_sw_diversion",65.5425277003869
"rcp60","hadgem2-es","PAK_4","3","irrigation_sw_diversion",81.4669461063705
"rcp60","hadgem2-es","PAK_4","4","irrigation_sw_diversion",73.427228509511
"rcp60","hadgem2-es","PAK_4","5","irrigation_sw_diversion",61.6181493798513
"rcp60","hadgem2-es","PAK_4","6","irrigation_sw_diversion",75.0548934789083
"rcp60","hadgem2-es","PAK_4","7","irrigation_sw_diversion",90.5255173978184
"rcp60","hadgem2-es","PAK_4","8","irrigation_sw_diversion",86.6945419453758
"rcp60","hadgem2-es","PAK_4","9","irrigation_sw_diversion",62.1356687836491
"rcp60","hadgem2-es","PAK_5","1","irrigation_sw_diversion",22.0002130995021
"rcp60","hadgem2-es","PAK_5","10","irrigation_sw_diversion",18.5281338961512
"rcp60","hadgem2-es","PAK_5","11","irrigation_sw_diversion",13.3719196077311
"rcp60","hadgem2-es","PAK_5","12","irrigation_sw_diversion",11.8044581899742
"rcp60","hadgem2-es","PAK_5","2","irrigation_sw_diversion",35.3190621569948
"rcp60","hadgem2-es","PAK_5","3","irrigation_sw_diversion",41.7295703713749
"rcp60","hadgem2-es","PAK_5","4","irrigation_sw_diversion",40.6938287116592
"rcp60","hadgem2-es","PAK_5","5","irrigation_sw_diversion",38.5213674499922
"rcp60","hadgem2-es","PAK_5","6","irrigation_sw_diversion",44.7652838089779
"rcp60","hadgem2-es","PAK_5","7","irrigation_sw_diversion",47.6551258360042
"rcp60","hadgem2-es","PAK_5","8","irrigation_sw_diversion",45.5266901378147
"rcp60","hadgem2-es","PAK_5","9","irrigation_sw_diversion",35.2402778513542
"rcp60","hadgem2-es","PAK_6","1","irrigation_sw_diversion",31.3803169005743
"rcp60","hadgem2-es","PAK_6","10","irrigation_sw_diversion",17.5082108649072
"rcp60","hadgem2-es","PAK_6","11","irrigation_sw_diversion",16.4029201289144
"rcp60","hadgem2-es","PAK_6","12","irrigation_sw_diversion",16.7033267308131
"rcp60","hadgem2-es","PAK_6","2","irrigation_sw_diversion",47.6661142871408
"rcp60","hadgem2-es","PAK_6","3","irrigation_sw_diversion",58.9746545860301
"rcp60","hadgem2-es","PAK_6","4","irrigation_sw_diversion",51.7614728119777
"rcp60","hadgem2-es","PAK_6","5","irrigation_sw_diversion",44.2708232187419
"rcp60","hadgem2-es","PAK_6","6","irrigation_sw_diversion",42.1437976442622
"rcp60","hadgem2-es","PAK_6","7","irrigation_sw_diversion",46.6884052705705
"rcp60","hadgem2-es","PAK_6","8","irrigation_sw_diversion",42.9125058168017
"rcp60","hadgem2-es","PAK_6","9","irrigation_sw_diversion",31.4781925694972
"rcp60","hadgem2-es","PAK_7","1","irrigation_sw_diversion",0.679844865332489
"rcp60","hadgem2-es","PAK_7","10","irrigation_sw_diversion",1.59898680690522
"rcp60","hadgem2-es","PAK_7","11","irrigation_sw_diversion",0.835926345052436
"rcp60","hadgem2-es","PAK_7","12","irrigation_sw_diversion",0.423279743556307
"rcp60","hadgem2-es","PAK_7","2","irrigation_sw_diversion",0.849630495302774
"rcp60","hadgem2-es","PAK_7","3","irrigation_sw_diversion",1.36191473560823
"rcp60","hadgem2-es","PAK_7","4","irrigation_sw_diversion",1.73679104130622
"rcp60","hadgem2-es","PAK_7","5","irrigation_sw_diversion",2.50419727414136
"rcp60","hadgem2-es","PAK_7","6","irrigation_sw_diversion",2.97635957710285
"rcp60","hadgem2-es","PAK_7","7","irrigation_sw_diversion",3.124065236606
"rcp60","hadgem2-es","PAK_7","8","irrigation_sw_diversion",3.25120515030586
"rcp60","hadgem2-es","PAK_7","9","irrigation_sw_diversion",2.73740253728041
"rcp60","hadgem2-es","PAK_8","1","irrigation_sw_diversion",0.0623861921595168
"rcp60","hadgem2-es","PAK_8","10","irrigation_sw_diversion",0.240336305543668
"rcp60","hadgem2-es","PAK_8","11","irrigation_sw_diversion",0.128077720671535
"rcp60","hadgem2-es","PAK_8","12","irrigation_sw_diversion",0.0620675343502272
"rcp60","hadgem2-es","PAK_8","2","irrigation_sw_diversion",0.0716718934282984
"rcp60","hadgem2-es","PAK_8","3","irrigation_sw_diversion",0.141369743900773
"rcp60","hadgem2-es","PAK_8","4","irrigation_sw_diversion",0.291433509851465
"rcp60","hadgem2-es","PAK_8","5","irrigation_sw_diversion",0.439668073955275
"rcp60","hadgem2-es","PAK_8","6","irrigation_sw_diversion",0.581314843453224
"rcp60","hadgem2-es","PAK_8","7","irrigation_sw_diversion",0.467767157842191
"rcp60","hadgem2-es","PAK_8","8","irrigation_sw_diversion",0.473868319101214
"rcp60","hadgem2-es","PAK_8","9","irrigation_sw_diversion",0.422860415566786
"rcp60","hadgem2-es","PAK_9","1","irrigation_sw_diversion",8.80368689716106
"rcp60","hadgem2-es","PAK_9","10","irrigation_sw_diversion",14.6976915214592
"rcp60","hadgem2-es","PAK_9","11","irrigation_sw_diversion",6.70863592290856
"rcp60","hadgem2-es","PAK_9","12","irrigation_sw_diversion",3.93637787367454
"rcp60","hadgem2-es","PAK_9","2","irrigation_sw_diversion",16.2218207956268
"rcp60","hadgem2-es","PAK_9","3","irrigation_sw_diversion",24.7579016887712
"rcp60","hadgem2-es","PAK_9","4","irrigation_sw_diversion",24.0313035973605
"rcp60","hadgem2-es","PAK_9","5","irrigation_sw_diversion",26.330433751785
"rcp60","hadgem2-es","PAK_9","6","irrigation_sw_diversion",45.8411479956222
"rcp60","hadgem2-es","PAK_9","7","irrigation_sw_diversion",46.1791757953797
"rcp60","hadgem2-es","PAK_9","8","irrigation_sw_diversion",46.367836125114
"rcp60","hadgem2-es","PAK_9","9","irrigation_sw_diversion",32.8998044830548
"rcp60","ipsl-cm5a-lr","AFG_1","1","irrigation_sw_diversion",1.42373977210561
"rcp60","ipsl-cm5a-lr","AFG_1","10","irrigation_sw_diversion",0.979665387135317
"rcp60","ipsl-cm5a-lr","AFG_1","11","irrigation_sw_diversion",0.739321929750339
"rcp60","ipsl-cm5a-lr","AFG_1","12","irrigation_sw_diversion",0.7695843637795
"rcp60","ipsl-cm5a-lr","AFG_1","2","irrigation_sw_diversion",2.25973390274073
"rcp60","ipsl-cm5a-lr","AFG_1","3","irrigation_sw_diversion",3.44881876093106
"rcp60","ipsl-cm5a-lr","AFG_1","4","irrigation_sw_diversion",2.90509612883981
"rcp60","ipsl-cm5a-lr","AFG_1","5","irrigation_sw_diversion",2.58829046500676
"rcp60","ipsl-cm5a-lr","AFG_1","6","irrigation_sw_diversion",2.06192332660199
"rcp60","ipsl-cm5a-lr","AFG_1","7","irrigation_sw_diversion",2.55325635842762
"rcp60","ipsl-cm5a-lr","AFG_1","8","irrigation_sw_diversion",2.67430761517278
"rcp60","ipsl-cm5a-lr","AFG_1","9","irrigation_sw_diversion",1.89020673224556
"rcp60","ipsl-cm5a-lr","AFG_2","1","irrigation_sw_diversion",3.10470078813461
"rcp60","ipsl-cm5a-lr","AFG_2","10","irrigation_sw_diversion",4.29612645395902
"rcp60","ipsl-cm5a-lr","AFG_2","11","irrigation_sw_diversion",2.30383467518491
"rcp60","ipsl-cm5a-lr","AFG_2","12","irrigation_sw_diversion",1.91518252002828
"rcp60","ipsl-cm5a-lr","AFG_2","2","irrigation_sw_diversion",3.92584027487924
"rcp60","ipsl-cm5a-lr","AFG_2","3","irrigation_sw_diversion",7.97891697249856
"rcp60","ipsl-cm5a-lr","AFG_2","4","irrigation_sw_diversion",7.45625214250145
"rcp60","ipsl-cm5a-lr","AFG_2","5","irrigation_sw_diversion",9.64305500034429
"rcp60","ipsl-cm5a-lr","AFG_2","6","irrigation_sw_diversion",11.1232839630224
"rcp60","ipsl-cm5a-lr","AFG_2","7","irrigation_sw_diversion",14.6847031050985
"rcp60","ipsl-cm5a-lr","AFG_2","8","irrigation_sw_diversion",14.9168030468795
"rcp60","ipsl-cm5a-lr","AFG_2","9","irrigation_sw_diversion",9.61674225700514
"rcp60","ipsl-cm5a-lr","CHN_1","11","irrigation_sw_diversion",0
"rcp60","ipsl-cm5a-lr","CHN_1","12","irrigation_sw_diversion",0
"rcp60","ipsl-cm5a-lr","CHN_1","3","irrigation_sw_diversion",0
"rcp60","ipsl-cm5a-lr","CHN_1","4","irrigation_sw_diversion",0
"rcp60","ipsl-cm5a-lr","CHN_1","5","irrigation_sw_diversion",0
"rcp60","ipsl-cm5a-lr","IND_1","1","irrigation_sw_diversion",0
"rcp60","ipsl-cm5a-lr","IND_1","10","irrigation_sw_diversion",0
"rcp60","ipsl-cm5a-lr","IND_1","11","irrigation_sw_diversion",0
"rcp60","ipsl-cm5a-lr","IND_1","12","irrigation_sw_diversion",0
"rcp60","ipsl-cm5a-lr","IND_1","2","irrigation_sw_diversion",0
"rcp60","ipsl-cm5a-lr","IND_1","3","irrigation_sw_diversion",0
"rcp60","ipsl-cm5a-lr","IND_1","4","irrigation_sw_diversion",0
"rcp60","ipsl-cm5a-lr","IND_1","5","irrigation_sw_diversion",0
"rcp60","ipsl-cm5a-lr","IND_1","6","irrigation_sw_diversion",0
"rcp60","ipsl-cm5a-lr","IND_1","7","irrigation_sw_diversion",0
"rcp60","ipsl-cm5a-lr","IND_1","8","irrigation_sw_diversion",0
"rcp60","ipsl-cm5a-lr","IND_1","9","irrigation_sw_diversion",0
"rcp60","ipsl-cm5a-lr","IND_2","1","irrigation_sw_diversion",0.0515633894676946
"rcp60","ipsl-cm5a-lr","IND_2","10","irrigation_sw_diversion",0.0995766081290142
"rcp60","ipsl-cm5a-lr","IND_2","11","irrigation_sw_diversion",0.0446811750604507
"rcp60","ipsl-cm5a-lr","IND_2","12","irrigation_sw_diversion",0.0274577128198609
"rcp60","ipsl-cm5a-lr","IND_2","2","irrigation_sw_diversion",0.0997419693915184
"rcp60","ipsl-cm5a-lr","IND_2","3","irrigation_sw_diversion",0.169762964146702
"rcp60","ipsl-cm5a-lr","IND_2","4","irrigation_sw_diversion",0.150889200866248
"rcp60","ipsl-cm5a-lr","IND_2","5","irrigation_sw_diversion",0.143044599932319
"rcp60","ipsl-cm5a-lr","IND_2","6","irrigation_sw_diversion",0.064774851874467
"rcp60","ipsl-cm5a-lr","IND_2","7","irrigation_sw_diversion",0.0510582577093479
"rcp60","ipsl-cm5a-lr","IND_2","8","irrigation_sw_diversion",0.0831387365925453
"rcp60","ipsl-cm5a-lr","IND_2","9","irrigation_sw_diversion",0.141779668255835
"rcp60","ipsl-cm5a-lr","IND_3","1","irrigation_sw_diversion",1.78884620367569
"rcp60","ipsl-cm5a-lr","IND_3","10","irrigation_sw_diversion",2.67821301546794
"rcp60","ipsl-cm5a-lr","IND_3","11","irrigation_sw_diversion",1.26312825674728
"rcp60","ipsl-cm5a-lr","IND_3","12","irrigation_sw_diversion",0.942562141664322
"rcp60","ipsl-cm5a-lr","IND_3","2","irrigation_sw_diversion",3.51071793661736
"rcp60","ipsl-cm5a-lr","IND_3","3","irrigation_sw_diversion",6.11681094473275
"rcp60","ipsl-cm5a-lr","IND_3","4","irrigation_sw_diversion",5.35866849504498
"rcp60","ipsl-cm5a-lr","IND_3","5","irrigation_sw_diversion",5.06801048410551
"rcp60","ipsl-cm5a-lr","IND_3","6","irrigation_sw_diversion",7.74759190603944
"rcp60","ipsl-cm5a-lr","IND_3","7","irrigation_sw_diversion",8.78566041398219
"rcp60","ipsl-cm5a-lr","IND_3","8","irrigation_sw_diversion",7.64572523427145
"rcp60","ipsl-cm5a-lr","IND_3","9","irrigation_sw_diversion",5.3253294016709
"rcp60","ipsl-cm5a-lr","IND_4","1","irrigation_sw_diversion",51.7096976256234
"rcp60","ipsl-cm5a-lr","IND_4","10","irrigation_sw_diversion",34.5183149014492
"rcp60","ipsl-cm5a-lr","IND_4","11","irrigation_sw_diversion",30.7333048835234
"rcp60","ipsl-cm5a-lr","IND_4","12","irrigation_sw_diversion",26.2263282289961
"rcp60","ipsl-cm5a-lr","IND_4","2","irrigation_sw_diversion",97.4861683054904
"rcp60","ipsl-cm5a-lr","IND_4","3","irrigation_sw_diversion",164.07889041736
"rcp60","ipsl-cm5a-lr","IND_4","4","irrigation_sw_diversion",139.232346537917
"rcp60","ipsl-cm5a-lr","IND_4","5","irrigation_sw_diversion",118.687020155376
"rcp60","ipsl-cm5a-lr","IND_4","6","irrigation_sw_diversion",84.4361019847381
"rcp60","ipsl-cm5a-lr","IND_4","7","irrigation_sw_diversion",84.1367218764763
"rcp60","ipsl-cm5a-lr","IND_4","8","irrigation_sw_diversion",70.1253133908524
"rcp60","ipsl-cm5a-lr","IND_4","9","irrigation_sw_diversion",52.5364530015822
"rcp60","ipsl-cm5a-lr","IND_5","1","irrigation_sw_diversion",0
"rcp60","ipsl-cm5a-lr","IND_5","10","irrigation_sw_diversion",0
"rcp60","ipsl-cm5a-lr","IND_5","11","irrigation_sw_diversion",0
"rcp60","ipsl-cm5a-lr","IND_5","12","irrigation_sw_diversion",0
"rcp60","ipsl-cm5a-lr","IND_5","2","irrigation_sw_diversion",0
"rcp60","ipsl-cm5a-lr","IND_5","3","irrigation_sw_diversion",0
"rcp60","ipsl-cm5a-lr","IND_5","4","irrigation_sw_diversion",0
"rcp60","ipsl-cm5a-lr","IND_5","5","irrigation_sw_diversion",0
"rcp60","ipsl-cm5a-lr","IND_5","6","irrigation_sw_diversion",0
"rcp60","ipsl-cm5a-lr","IND_5","7","irrigation_sw_diversion",0
"rcp60","ipsl-cm5a-lr","IND_5","8","irrigation_sw_diversion",0
"rcp60","ipsl-cm5a-lr","IND_5","9","irrigation_sw_diversion",0
"rcp60","ipsl-cm5a-lr","IND_6","1","irrigation_sw_diversion",0
"rcp60","ipsl-cm5a-lr","IND_6","10","irrigation_sw_diversion",0
"rcp60","ipsl-cm5a-lr","IND_6","11","irrigation_sw_diversion",0
"rcp60","ipsl-cm5a-lr","IND_6","12","irrigation_sw_diversion",0
"rcp60","ipsl-cm5a-lr","IND_6","2","irrigation_sw_diversion",0
"rcp60","ipsl-cm5a-lr","IND_6","3","irrigation_sw_diversion",0
"rcp60","ipsl-cm5a-lr","IND_6","4","irrigation_sw_diversion",0
"rcp60","ipsl-cm5a-lr","IND_6","5","irrigation_sw_diversion",0
"rcp60","ipsl-cm5a-lr","IND_6","6","irrigation_sw_diversion",0
"rcp60","ipsl-cm5a-lr","IND_6","7","irrigation_sw_diversion",0
"rcp60","ipsl-cm5a-lr","IND_6","8","irrigation_sw_diversion",0
"rcp60","ipsl-cm5a-lr","IND_6","9","irrigation_sw_diversion",0
"rcp60","ipsl-cm5a-lr","PAK_1","1","irrigation_sw_diversion",4.14784394436026
"rcp60","ipsl-cm5a-lr","PAK_1","10","irrigation_sw_diversion",3.48432788405251
"rcp60","ipsl-cm5a-lr","PAK_1","11","irrigation_sw_diversion",2.31481823002744
"rcp60","ipsl-cm5a-lr","PAK_1","12","irrigation_sw_diversion",1.93416380460727
"rcp60","ipsl-cm5a-lr","PAK_1","2","irrigation_sw_diversion",7.33573620148837
"rcp60","ipsl-cm5a-lr","PAK_1","3","irrigation_sw_diversion",11.7163594285824
"rcp60","ipsl-cm5a-lr","PAK_1","4","irrigation_sw_diversion",10.1547671465196
"rcp60","ipsl-cm5a-lr","PAK_1","5","irrigation_sw_diversion",10.8477721002828
"rcp60","ipsl-cm5a-lr","PAK_1","6","irrigation_sw_diversion",10.6272634319457
"rcp60","ipsl-cm5a-lr","PAK_1","7","irrigation_sw_diversion",12.3948004273127
"rcp60","ipsl-cm5a-lr","PAK_1","8","irrigation_sw_diversion",10.4088002971269
"rcp60","ipsl-cm5a-lr","PAK_1","9","irrigation_sw_diversion",6.61948861785975
"rcp60","ipsl-cm5a-lr","PAK_10","1","irrigation_sw_diversion",29.9785582881622
"rcp60","ipsl-cm5a-lr","PAK_10","10","irrigation_sw_diversion",25.8150835199172
"rcp60","ipsl-cm5a-lr","PAK_10","11","irrigation_sw_diversion",17.2901926177877
"rcp60","ipsl-cm5a-lr","PAK_10","12","irrigation_sw_diversion",14.2223317587001
"rcp60","ipsl-cm5a-lr","PAK_10","2","irrigation_sw_diversion",55.3300629760007
"rcp60","ipsl-cm5a-lr","PAK_10","3","irrigation_sw_diversion",78.2221860654159
"rcp60","ipsl-cm5a-lr","PAK_10","4","irrigation_sw_diversion",67.6038014732329
"rcp60","ipsl-cm5a-lr","PAK_10","5","irrigation_sw_diversion",60.2079758336054
"rcp60","ipsl-cm5a-lr","PAK_10","6","irrigation_sw_diversion",69.0202030440142
"rcp60","ipsl-cm5a-lr","PAK_10","7","irrigation_sw_diversion",87.5055868153877
"rcp60","ipsl-cm5a-lr","PAK_10","8","irrigation_sw_diversion",78.0394569011417
"rcp60","ipsl-cm5a-lr","PAK_10","9","irrigation_sw_diversion",51.5876469624478
"rcp60","ipsl-cm5a-lr","PAK_11","1","irrigation_sw_diversion",0
"rcp60","ipsl-cm5a-lr","PAK_11","10","irrigation_sw_diversion",0
"rcp60","ipsl-cm5a-lr","PAK_11","11","irrigation_sw_diversion",0
"rcp60","ipsl-cm5a-lr","PAK_11","12","irrigation_sw_diversion",0
"rcp60","ipsl-cm5a-lr","PAK_11","2","irrigation_sw_diversion",0
"rcp60","ipsl-cm5a-lr","PAK_11","3","irrigation_sw_diversion",0
"rcp60","ipsl-cm5a-lr","PAK_11","4","irrigation_sw_diversion",0
"rcp60","ipsl-cm5a-lr","PAK_11","5","irrigation_sw_diversion",0
"rcp60","ipsl-cm5a-lr","PAK_11","6","irrigation_sw_diversion",0
"rcp60","ipsl-cm5a-lr","PAK_11","7","irrigation_sw_diversion",0
"rcp60","ipsl-cm5a-lr","PAK_11","8","irrigation_sw_diversion",0
"rcp60","ipsl-cm5a-lr","PAK_11","9","irrigation_sw_diversion",0
"rcp60","ipsl-cm5a-lr","PAK_12","1","irrigation_sw_diversion",12.064626705728
"rcp60","ipsl-cm5a-lr","PAK_12","10","irrigation_sw_diversion",12.4675177171634
"rcp60","ipsl-cm5a-lr","PAK_12","11","irrigation_sw_diversion",7.63379580515395
"rcp60","ipsl-cm5a-lr","PAK_12","12","irrigation_sw_diversion",6.17548755290544
"rcp60","ipsl-cm5a-lr","PAK_12","2","irrigation_sw_diversion",20.2095169256611
"rcp60","ipsl-cm5a-lr","PAK_12","3","irrigation_sw_diversion",27.8843869992137
"rcp60","ipsl-cm5a-lr","PAK_12","4","irrigation_sw_diversion",23.8565771500386
"rcp60","ipsl-cm5a-lr","PAK_12","5","irrigation_sw_diversion",25.5453903881705
"rcp60","ipsl-cm5a-lr","PAK_12","6","irrigation_sw_diversion",29.0333610444882
"rcp60","ipsl-cm5a-lr","PAK_12","7","irrigation_sw_diversion",34.9659225424046
"rcp60","ipsl-cm5a-lr","PAK_12","8","irrigation_sw_diversion",31.7596586287376
"rcp60","ipsl-cm5a-lr","PAK_12","9","irrigation_sw_diversion",21.2542829361711
"rcp60","ipsl-cm5a-lr","PAK_2","1","irrigation_sw_diversion",5.90987796411792
"rcp60","ipsl-cm5a-lr","PAK_2","10","irrigation_sw_diversion",6.41313801836408
"rcp60","ipsl-cm5a-lr","PAK_2","11","irrigation_sw_diversion",3.63864454401409
"rcp60","ipsl-cm5a-lr","PAK_2","12","irrigation_sw_diversion",2.8455576482788
"rcp60","ipsl-cm5a-lr","PAK_2","2","irrigation_sw_diversion",11.0508248614024
"rcp60","ipsl-cm5a-lr","PAK_2","3","irrigation_sw_diversion",17.3344968459454
"rcp60","ipsl-cm5a-lr","PAK_2","4","irrigation_sw_diversion",15.692630318591
"rcp60","ipsl-cm5a-lr","PAK_2","5","irrigation_sw_diversion",15.6818271412749
"rcp60","ipsl-cm5a-lr","PAK_2","6","irrigation_sw_diversion",19.6831143916334
"rcp60","ipsl-cm5a-lr","PAK_2","7","irrigation_sw_diversion",23.1487608344003
"rcp60","ipsl-cm5a-lr","PAK_2","8","irrigation_sw_diversion",19.329512052715
"rcp60","ipsl-cm5a-lr","PAK_2","9","irrigation_sw_diversion",12.7224396549632
"rcp60","ipsl-cm5a-lr","PAK_3","1","irrigation_sw_diversion",13.1149248111414
"rcp60","ipsl-cm5a-lr","PAK_3","10","irrigation_sw_diversion",13.3111884992601
"rcp60","ipsl-cm5a-lr","PAK_3","11","irrigation_sw_diversion",7.44318418066481
"rcp60","ipsl-cm5a-lr","PAK_3","12","irrigation_sw_diversion",6.17140226654614
"rcp60","ipsl-cm5a-lr","PAK_3","2","irrigation_sw_diversion",24.0528085564589
"rcp60","ipsl-cm5a-lr","PAK_3","3","irrigation_sw_diversion",32.9706409501634
"rcp60","ipsl-cm5a-lr","PAK_3","4","irrigation_sw_diversion",28.2688045362954
"rcp60","ipsl-cm5a-lr","PAK_3","5","irrigation_sw_diversion",25.8828512971398
"rcp60","ipsl-cm5a-lr","PAK_3","6","irrigation_sw_diversion",31.56807000961
"rcp60","ipsl-cm5a-lr","PAK_3","7","irrigation_sw_diversion",41.7028484147198
"rcp60","ipsl-cm5a-lr","PAK_3","8","irrigation_sw_diversion",39.5196560780585
"rcp60","ipsl-cm5a-lr","PAK_3","9","irrigation_sw_diversion",26.1349018260536
"rcp60","ipsl-cm5a-lr","PAK_4","1","irrigation_sw_diversion",44.4862910758947
"rcp60","ipsl-cm5a-lr","PAK_4","10","irrigation_sw_diversion",29.898256183142
"rcp60","ipsl-cm5a-lr","PAK_4","11","irrigation_sw_diversion",22.6365597446982
"rcp60","ipsl-cm5a-lr","PAK_4","12","irrigation_sw_diversion",24.1444528111098
"rcp60","ipsl-cm5a-lr","PAK_4","2","irrigation_sw_diversion",64.6510368354512
"rcp60","ipsl-cm5a-lr","PAK_4","3","irrigation_sw_diversion",80.4690256658601
"rcp60","ipsl-cm5a-lr","PAK_4","4","irrigation_sw_diversion",73.7313391052546
"rcp60","ipsl-cm5a-lr","PAK_4","5","irrigation_sw_diversion",59.1479002366493
"rcp60","ipsl-cm5a-lr","PAK_4","6","irrigation_sw_diversion",74.6904654567349
"rcp60","ipsl-cm5a-lr","PAK_4","7","irrigation_sw_diversion",103.031797891445
"rcp60","ipsl-cm5a-lr","PAK_4","8","irrigation_sw_diversion",85.4697422154858
"rcp60","ipsl-cm5a-lr","PAK_4","9","irrigation_sw_diversion",57.115516574442
"rcp60","ipsl-cm5a-lr","PAK_5","1","irrigation_sw_diversion",21.7921888402092
"rcp60","ipsl-cm5a-lr","PAK_5","10","irrigation_sw_diversion",18.7000929893293
"rcp60","ipsl-cm5a-lr","PAK_5","11","irrigation_sw_diversion",13.664212146481
"rcp60","ipsl-cm5a-lr","PAK_5","12","irrigation_sw_diversion",12.0376636734547
"rcp60","ipsl-cm5a-lr","PAK_5","2","irrigation_sw_diversion",36.4562823087527
"rcp60","ipsl-cm5a-lr","PAK_5","3","irrigation_sw_diversion",43.056902207512
"rcp60","ipsl-cm5a-lr","PAK_5","4","irrigation_sw_diversion",42.0521347260008
"rcp60","ipsl-cm5a-lr","PAK_5","5","irrigation_sw_diversion",38.5339678535528
"rcp60","ipsl-cm5a-lr","PAK_5","6","irrigation_sw_diversion",42.8195812084994
"rcp60","ipsl-cm5a-lr","PAK_5","7","irrigation_sw_diversion",49.1913964710869
"rcp60","ipsl-cm5a-lr","PAK_5","8","irrigation_sw_diversion",44.4651175163233
"rcp60","ipsl-cm5a-lr","PAK_5","9","irrigation_sw_diversion",32.3951468340934
"rcp60","ipsl-cm5a-lr","PAK_6","1","irrigation_sw_diversion",30.8138693530669
"rcp60","ipsl-cm5a-lr","PAK_6","10","irrigation_sw_diversion",17.2860518220116
"rcp60","ipsl-cm5a-lr","PAK_6","11","irrigation_sw_diversion",16.7707883416964
"rcp60","ipsl-cm5a-lr","PAK_6","12","irrigation_sw_diversion",16.6548563304747
"rcp60","ipsl-cm5a-lr","PAK_6","2","irrigation_sw_diversion",48.8954954721177
"rcp60","ipsl-cm5a-lr","PAK_6","3","irrigation_sw_diversion",57.9889966881736
"rcp60","ipsl-cm5a-lr","PAK_6","4","irrigation_sw_diversion",53.1152419771741
"rcp60","ipsl-cm5a-lr","PAK_6","5","irrigation_sw_diversion",44.7982222486941
"rcp60","ipsl-cm5a-lr","PAK_6","6","irrigation_sw_diversion",42.0231583491369
"rcp60","ipsl-cm5a-lr","PAK_6","7","irrigation_sw_diversion",48.1238992807176
"rcp60","ipsl-cm5a-lr","PAK_6","8","irrigation_sw_diversion",41.359193605992
"rcp60","ipsl-cm5a-lr","PAK_6","9","irrigation_sw_diversion",30.1900312419519
"rcp60","ipsl-cm5a-lr","PAK_7","1","irrigation_sw_diversion",0.679290902503247
"rcp60","ipsl-cm5a-lr","PAK_7","10","irrigation_sw_diversion",1.602446470955
"rcp60","ipsl-cm5a-lr","PAK_7","11","irrigation_sw_diversion",0.658193228884161
"rcp60","ipsl-cm5a-lr","PAK_7","12","irrigation_sw_diversion",0.399571293009085
"rcp60","ipsl-cm5a-lr","PAK_7","2","irrigation_sw_diversion",0.966357188104185
"rcp60","ipsl-cm5a-lr","PAK_7","3","irrigation_sw_diversion",1.56519889242013
"rcp60","ipsl-cm5a-lr","PAK_7","4","irrigation_sw_diversion",1.55984624610232
"rcp60","ipsl-cm5a-lr","PAK_7","5","irrigation_sw_diversion",2.42382638206459
"rcp60","ipsl-cm5a-lr","PAK_7","6","irrigation_sw_diversion",2.96091360102896
"rcp60","ipsl-cm5a-lr","PAK_7","7","irrigation_sw_diversion",3.57447004218971
"rcp60","ipsl-cm5a-lr","PAK_7","8","irrigation_sw_diversion",3.56198825072799
"rcp60","ipsl-cm5a-lr","PAK_7","9","irrigation_sw_diversion",2.61159287393284
"rcp60","ipsl-cm5a-lr","PAK_8","1","irrigation_sw_diversion",0.0649292139896867
"rcp60","ipsl-cm5a-lr","PAK_8","10","irrigation_sw_diversion",0.234886962847931
"rcp60","ipsl-cm5a-lr","PAK_8","11","irrigation_sw_diversion",0.108279448035678
"rcp60","ipsl-cm5a-lr","PAK_8","12","irrigation_sw_diversion",0.0556744766357855
"rcp60","ipsl-cm5a-lr","PAK_8","2","irrigation_sw_diversion",0.0870492062196394
"rcp60","ipsl-cm5a-lr","PAK_8","3","irrigation_sw_diversion",0.165901273721138
"rcp60","ipsl-cm5a-lr","PAK_8","4","irrigation_sw_diversion",0.259983716090496
"rcp60","ipsl-cm5a-lr","PAK_8","5","irrigation_sw_diversion",0.417592319505542
"rcp60","ipsl-cm5a-lr","PAK_8","6","irrigation_sw_diversion",0.563751810988642
"rcp60","ipsl-cm5a-lr","PAK_8","7","irrigation_sw_diversion",0.608012989444692
"rcp60","ipsl-cm5a-lr","PAK_8","8","irrigation_sw_diversion",0.587944739349847
"rcp60","ipsl-cm5a-lr","PAK_8","9","irrigation_sw_diversion",0.392765421085425
"rcp60","ipsl-cm5a-lr","PAK_9","1","irrigation_sw_diversion",7.76630833843504
"rcp60","ipsl-cm5a-lr","PAK_9","10","irrigation_sw_diversion",13.6719235088382
"rcp60","ipsl-cm5a-lr","PAK_9","11","irrigation_sw_diversion",6.17070165094651
"rcp60","ipsl-cm5a-lr","PAK_9","12","irrigation_sw_diversion",3.76628381513302
"rcp60","ipsl-cm5a-lr","PAK_9","2","irrigation_sw_diversion",14.5932747922791
"rcp60","ipsl-cm5a-lr","PAK_9","3","irrigation_sw_diversion",23.2855244702083
"rcp60","ipsl-cm5a-lr","PAK_9","4","irrigation_sw_diversion",20.8928758187092
"rcp60","ipsl-cm5a-lr","PAK_9","5","irrigation_sw_diversion",23.3440303618143
"rcp60","ipsl-cm5a-lr","PAK_9","6","irrigation_sw_diversion",39.5402694712963
"rcp60","ipsl-cm5a-lr","PAK_9","7","irrigation_sw_diversion",48.8358744517142
"rcp60","ipsl-cm5a-lr","PAK_9","8","irrigation_sw_diversion",41.8459552751222
"rcp60","ipsl-cm5a-lr","PAK_9","9","irrigation_sw_diversion",28.1580831908434
"rcp60","miroc5","AFG_1","1","irrigation_sw_diversion",1.41279687125887
"rcp60","miroc5","AFG_1","10","irrigation_sw_diversion",0.890687084509297
"rcp60","miroc5","AFG_1","11","irrigation_sw_diversion",0.724118312393978
"rcp60","miroc5","AFG_1","12","irrigation_sw_diversion",0.768761234088662
"rcp60","miroc5","AFG_1","2","irrigation_sw_diversion",2.0825117174116
"rcp60","miroc5","AFG_1","3","irrigation_sw_diversion",2.87515994194865
"rcp60","miroc5","AFG_1","4","irrigation_sw_diversion",3.1428216728841
"rcp60","miroc5","AFG_1","5","irrigation_sw_diversion",2.64172146853297
"rcp60","miroc5","AFG_1","6","irrigation_sw_diversion",1.99647118453926
"rcp60","miroc5","AFG_1","7","irrigation_sw_diversion",2.50429423672126
"rcp60","miroc5","AFG_1","8","irrigation_sw_diversion",2.45799325486081
"rcp60","miroc5","AFG_1","9","irrigation_sw_diversion",1.83498512853897
"rcp60","miroc5","AFG_2","1","irrigation_sw_diversion",2.98342789231988
"rcp60","miroc5","AFG_2","10","irrigation_sw_diversion",3.85481308225513
"rcp60","miroc5","AFG_2","11","irrigation_sw_diversion",2.05815996079237
"rcp60","miroc5","AFG_2","12","irrigation_sw_diversion",1.91242121160889
"rcp60","miroc5","AFG_2","2","irrigation_sw_diversion",4.03988149149435
"rcp60","miroc5","AFG_2","3","irrigation_sw_diversion",7.32233559444961
"rcp60","miroc5","AFG_2","4","irrigation_sw_diversion",9.93469389280576
"rcp60","miroc5","AFG_2","5","irrigation_sw_diversion",10.5604008708792
"rcp60","miroc5","AFG_2","6","irrigation_sw_diversion",10.766071721343
"rcp60","miroc5","AFG_2","7","irrigation_sw_diversion",14.2374575455268
"rcp60","miroc5","AFG_2","8","irrigation_sw_diversion",13.9012455473773
"rcp60","miroc5","AFG_2","9","irrigation_sw_diversion",9.46104800787642
"rcp60","miroc5","CHN_1","1","irrigation_sw_diversion",0
"rcp60","miroc5","CHN_1","11","irrigation_sw_diversion",0
"rcp60","miroc5","CHN_1","12","irrigation_sw_diversion",0
"rcp60","miroc5","CHN_1","4","irrigation_sw_diversion",0
"rcp60","miroc5","CHN_1","5","irrigation_sw_diversion",0
"rcp60","miroc5","IND_1","1","irrigation_sw_diversion",0
"rcp60","miroc5","IND_1","10","irrigation_sw_diversion",0
"rcp60","miroc5","IND_1","11","irrigation_sw_diversion",0
"rcp60","miroc5","IND_1","12","irrigation_sw_diversion",0
"rcp60","miroc5","IND_1","2","irrigation_sw_diversion",0
"rcp60","miroc5","IND_1","3","irrigation_sw_diversion",0
"rcp60","miroc5","IND_1","4","irrigation_sw_diversion",0
"rcp60","miroc5","IND_1","5","irrigation_sw_diversion",0
"rcp60","miroc5","IND_1","6","irrigation_sw_diversion",0
"rcp60","miroc5","IND_1","7","irrigation_sw_diversion",0
"rcp60","miroc5","IND_1","8","irrigation_sw_diversion",0
"rcp60","miroc5","IND_1","9","irrigation_sw_diversion",0
"rcp60","miroc5","IND_2","1","irrigation_sw_diversion",0.0370262859230837
"rcp60","miroc5","IND_2","10","irrigation_sw_diversion",0.0874645188114554
"rcp60","miroc5","IND_2","11","irrigation_sw_diversion",0.037424323094094
"rcp60","miroc5","IND_2","12","irrigation_sw_diversion",0.0228191897277528
"rcp60","miroc5","IND_2","2","irrigation_sw_diversion",0.0783702879039886
"rcp60","miroc5","IND_2","3","irrigation_sw_diversion",0.099727796344314
"rcp60","miroc5","IND_2","4","irrigation_sw_diversion",0.166465773810145
"rcp60","miroc5","IND_2","5","irrigation_sw_diversion",0.122133141751699
"rcp60","miroc5","IND_2","6","irrigation_sw_diversion",0.0497293417605269
"rcp60","miroc5","IND_2","7","irrigation_sw_diversion",0.0106875936139687
"rcp60","miroc5","IND_2","8","irrigation_sw_diversion",0.0392389889774169
"rcp60","miroc5","IND_2","9","irrigation_sw_diversion",0.12449511532307
"rcp60","miroc5","IND_3","1","irrigation_sw_diversion",2.07733319051423
"rcp60","miroc5","IND_3","10","irrigation_sw_diversion",2.7722688361271
"rcp60","miroc5","IND_3","11","irrigation_sw_diversion",1.81367424374162
"rcp60","miroc5","IND_3","12","irrigation_sw_diversion",1.31114607673897
"rcp60","miroc5","IND_3","2","irrigation_sw_diversion",4.38419631166788
"rcp60","miroc5","IND_3","3","irrigation_sw_diversion",5.74175326180178
"rcp60","miroc5","IND_3","4","irrigation_sw_diversion",7.69004209046768
"rcp60","miroc5","IND_3","5","irrigation_sw_diversion",6.63505159238646
"rcp60","miroc5","IND_3","6","irrigation_sw_diversion",7.90826999464469
"rcp60","miroc5","IND_3","7","irrigation_sw_diversion",5.85457141248002
"rcp60","miroc5","IND_3","8","irrigation_sw_diversion",5.48383066065727
"rcp60","miroc5","IND_3","9","irrigation_sw_diversion",4.72235443469587
"rcp60","miroc5","IND_4","1","irrigation_sw_diversion",57.0333332160778
"rcp60","miroc5","IND_4","10","irrigation_sw_diversion",36.9068015279257
"rcp60","miroc5","IND_4","11","irrigation_sw_diversion",31.4817467594096
"rcp60","miroc5","IND_4","12","irrigation_sw_diversion",27.3719993389782
"rcp60","miroc5","IND_4","2","irrigation_sw_diversion",97.3391989048726
"rcp60","miroc5","IND_4","3","irrigation_sw_diversion",137.883562958581
"rcp60","miroc5","IND_4","4","irrigation_sw_diversion",147.626392285376
"rcp60","miroc5","IND_4","5","irrigation_sw_diversion",112.670534715527
"rcp60","miroc5","IND_4","6","irrigation_sw_diversion",93.0605138603125
"rcp60","miroc5","IND_4","7","irrigation_sw_diversion",80.1537127313943
"rcp60","miroc5","IND_4","8","irrigation_sw_diversion",78.774556304248
"rcp60","miroc5","IND_4","9","irrigation_sw_diversion",54.2174369400871
"rcp60","miroc5","IND_5","1","irrigation_sw_diversion",0
"rcp60","miroc5","IND_5","10","irrigation_sw_diversion",0
"rcp60","miroc5","IND_5","11","irrigation_sw_diversion",0
"rcp60","miroc5","IND_5","12","irrigation_sw_diversion",0
"rcp60","miroc5","IND_5","2","irrigation_sw_diversion",0
"rcp60","miroc5","IND_5","3","irrigation_sw_diversion",0
"rcp60","miroc5","IND_5","4","irrigation_sw_diversion",0
"rcp60","miroc5","IND_5","5","irrigation_sw_diversion",0
"rcp60","miroc5","IND_5","6","irrigation_sw_diversion",0
"rcp60","miroc5","IND_5","7","irrigation_sw_diversion",0
"rcp60","miroc5","IND_5","8","irrigation_sw_diversion",0
"rcp60","miroc5","IND_5","9","irrigation_sw_diversion",0
"rcp60","miroc5","IND_6","1","irrigation_sw_diversion",0
"rcp60","miroc5","IND_6","10","irrigation_sw_diversion",0
"rcp60","miroc5","IND_6","11","irrigation_sw_diversion",0
"rcp60","miroc5","IND_6","12","irrigation_sw_diversion",0
"rcp60","miroc5","IND_6","2","irrigation_sw_diversion",0
"rcp60","miroc5","IND_6","3","irrigation_sw_diversion",0
"rcp60","miroc5","IND_6","4","irrigation_sw_diversion",0
"rcp60","miroc5","IND_6","5","irrigation_sw_diversion",0
"rcp60","miroc5","IND_6","6","irrigation_sw_diversion",0
"rcp60","miroc5","IND_6","7","irrigation_sw_diversion",0
"rcp60","miroc5","IND_6","8","irrigation_sw_diversion",0
"rcp60","miroc5","IND_6","9","irrigation_sw_diversion",0
"rcp60","miroc5","PAK_1","1","irrigation_sw_diversion",3.88788329153327
"rcp60","miroc5","PAK_1","10","irrigation_sw_diversion",2.97667101233875
"rcp60","miroc5","PAK_1","11","irrigation_sw_diversion",2.1742833291299
"rcp60","miroc5","PAK_1","12","irrigation_sw_diversion",1.60930988733399
"rcp60","miroc5","PAK_1","2","irrigation_sw_diversion",7.16917410045311
"rcp60","miroc5","PAK_1","3","irrigation_sw_diversion",9.12231153303603
"rcp60","miroc5","PAK_1","4","irrigation_sw_diversion",10.7760798401141
"rcp60","miroc5","PAK_1","5","irrigation_sw_diversion",10.3033343694637
"rcp60","miroc5","PAK_1","6","irrigation_sw_diversion",9.64739020082828
"rcp60","miroc5","PAK_1","7","irrigation_sw_diversion",9.52896000163784
"rcp60","miroc5","PAK_1","8","irrigation_sw_diversion",8.85860705691995
"rcp60","miroc5","PAK_1","9","irrigation_sw_diversion",5.7408752134638
"rcp60","miroc5","PAK_10","1","irrigation_sw_diversion",33.1567412924584
"rcp60","miroc5","PAK_10","10","irrigation_sw_diversion",27.3424643019082
"rcp60","miroc5","PAK_10","11","irrigation_sw_diversion",20.7135276229113
"rcp60","miroc5","PAK_10","12","irrigation_sw_diversion",15.0615342876635
"rcp60","miroc5","PAK_10","2","irrigation_sw_diversion",61.7010525535044
"rcp60","miroc5","PAK_10","3","irrigation_sw_diversion",72.8936240459661
"rcp60","miroc5","PAK_10","4","irrigation_sw_diversion",66.5700673013877
"rcp60","miroc5","PAK_10","5","irrigation_sw_diversion",59.9824794678965
"rcp60","miroc5","PAK_10","6","irrigation_sw_diversion",62.7964366418452
"rcp60","miroc5","PAK_10","7","irrigation_sw_diversion",81.6174703162097
"rcp60","miroc5","PAK_10","8","irrigation_sw_diversion",79.2166109520736
"rcp60","miroc5","PAK_10","9","irrigation_sw_diversion",54.3531519277602
"rcp60","miroc5","PAK_11","1","irrigation_sw_diversion",0
"rcp60","miroc5","PAK_11","10","irrigation_sw_diversion",0
"rcp60","miroc5","PAK_11","11","irrigation_sw_diversion",0
"rcp60","miroc5","PAK_11","12","irrigation_sw_diversion",0
"rcp60","miroc5","PAK_11","2","irrigation_sw_diversion",0
"rcp60","miroc5","PAK_11","3","irrigation_sw_diversion",0
"rcp60","miroc5","PAK_11","4","irrigation_sw_diversion",0
"rcp60","miroc5","PAK_11","5","irrigation_sw_diversion",0
"rcp60","miroc5","PAK_11","6","irrigation_sw_diversion",0
"rcp60","miroc5","PAK_11","7","irrigation_sw_diversion",0
"rcp60","miroc5","PAK_11","8","irrigation_sw_diversion",0
"rcp60","miroc5","PAK_11","9","irrigation_sw_diversion",0
"rcp60","miroc5","PAK_12","1","irrigation_sw_diversion",12.3184363323707
"rcp60","miroc5","PAK_12","10","irrigation_sw_diversion",10.6415913611175
"rcp60","miroc5","PAK_12","11","irrigation_sw_diversion",7.90473942978005
"rcp60","miroc5","PAK_12","12","irrigation_sw_diversion",5.98950709568519
"rcp60","miroc5","PAK_12","2","irrigation_sw_diversion",19.1072863933076
"rcp60","miroc5","PAK_12","3","irrigation_sw_diversion",23.3395162240263
"rcp60","miroc5","PAK_12","4","irrigation_sw_diversion",25.1905746333355
"rcp60","miroc5","PAK_12","5","irrigation_sw_diversion",25.5025732849983
"rcp60","miroc5","PAK_12","6","irrigation_sw_diversion",26.9917757066809
"rcp60","miroc5","PAK_12","7","irrigation_sw_diversion",31.8113473568415
"rcp60","miroc5","PAK_12","8","irrigation_sw_diversion",28.564758010118
"rcp60","miroc5","PAK_12","9","irrigation_sw_diversion",19.6526542902778
"rcp60","miroc5","PAK_2","1","irrigation_sw_diversion",5.90521908334301
"rcp60","miroc5","PAK_2","10","irrigation_sw_diversion",5.52850867954448
"rcp60","miroc5","PAK_2","11","irrigation_sw_diversion",3.60606472437392
"rcp60","miroc5","PAK_2","12","irrigation_sw_diversion",2.71519271502121
"rcp60","miroc5","PAK_2","2","irrigation_sw_diversion",11.0012393593998
"rcp60","miroc5","PAK_2","3","irrigation_sw_diversion",14.7001718808566
"rcp60","miroc5","PAK_2","4","irrigation_sw_diversion",15.8324085739173
"rcp60","miroc5","PAK_2","5","irrigation_sw_diversion",15.0959506374134
"rcp60","miroc5","PAK_2","6","irrigation_sw_diversion",17.720178864525
"rcp60","miroc5","PAK_2","7","irrigation_sw_diversion",17.6375786916498
"rcp60","miroc5","PAK_2","8","irrigation_sw_diversion",16.0208839566628
"rcp60","miroc5","PAK_2","9","irrigation_sw_diversion",10.7169011822438
"rcp60","miroc5","PAK_3","1","irrigation_sw_diversion",13.2841480041818
"rcp60","miroc5","PAK_3","10","irrigation_sw_diversion",11.4724661005478
"rcp60","miroc5","PAK_3","11","irrigation_sw_diversion",7.59591949893351
"rcp60","miroc5","PAK_3","12","irrigation_sw_diversion",5.89689444018903
"rcp60","miroc5","PAK_3","2","irrigation_sw_diversion",22.9570663369696
"rcp60","miroc5","PAK_3","3","irrigation_sw_diversion",28.9595925501357
"rcp60","miroc5","PAK_3","4","irrigation_sw_diversion",28.4758863410237
"rcp60","miroc5","PAK_3","5","irrigation_sw_diversion",25.9467090628729
"rcp60","miroc5","PAK_3","6","irrigation_sw_diversion",28.9277135468066
"rcp60","miroc5","PAK_3","7","irrigation_sw_diversion",37.0484726994432
"rcp60","miroc5","PAK_3","8","irrigation_sw_diversion",36.4292080600582
"rcp60","miroc5","PAK_3","9","irrigation_sw_diversion",24.571227775694
"rcp60","miroc5","PAK_4","1","irrigation_sw_diversion",47.4504348817975
"rcp60","miroc5","PAK_4","10","irrigation_sw_diversion",29.1483227572411
"rcp60","miroc5","PAK_4","11","irrigation_sw_diversion",24.1938202513946
"rcp60","miroc5","PAK_4","12","irrigation_sw_diversion",24.2068236534132
"rcp60","miroc5","PAK_4","2","irrigation_sw_diversion",65.5599981845036
"rcp60","miroc5","PAK_4","3","irrigation_sw_diversion",78.303283566403
"rcp60","miroc5","PAK_4","4","irrigation_sw_diversion",76.3827227669961
"rcp60","miroc5","PAK_4","5","irrigation_sw_diversion",63.6578000073647
"rcp60","miroc5","PAK_4","6","irrigation_sw_diversion",70.1452546731308
"rcp60","miroc5","PAK_4","7","irrigation_sw_diversion",90.9677210179971
"rcp60","miroc5","PAK_4","8","irrigation_sw_diversion",88.0028319223567
"rcp60","miroc5","PAK_4","9","irrigation_sw_diversion",61.6776424793699
"rcp60","miroc5","PAK_5","1","irrigation_sw_diversion",24.2962692206906
"rcp60","miroc5","PAK_5","10","irrigation_sw_diversion",17.0837650909331
"rcp60","miroc5","PAK_5","11","irrigation_sw_diversion",14.6441461394707
"rcp60","miroc5","PAK_5","12","irrigation_sw_diversion",12.6076895207198
"rcp60","miroc5","PAK_5","2","irrigation_sw_diversion",38.9113816068472
"rcp60","miroc5","PAK_5","3","irrigation_sw_diversion",45.3828542710422
"rcp60","miroc5","PAK_5","4","irrigation_sw_diversion",44.8841123563816
"rcp60","miroc5","PAK_5","5","irrigation_sw_diversion",41.112480031686
"rcp60","miroc5","PAK_5","6","irrigation_sw_diversion",38.3133021182579
"rcp60","miroc5","PAK_5","7","irrigation_sw_diversion",44.3220346855883
"rcp60","miroc5","PAK_5","8","irrigation_sw_diversion",41.8011253826087
"rcp60","miroc5","PAK_5","9","irrigation_sw_diversion",32.0082366825471
"rcp60","miroc5","PAK_6","1","irrigation_sw_diversion",18.1300288231894
"rcp60","miroc5","PAK_6","10","irrigation_sw_diversion",24.4287514522919
"rcp60","miroc5","PAK_6","11","irrigation_sw_diversion",18.7699678888704
"rcp60","miroc5","PAK_6","12","irrigation_sw_diversion",13.0298549303961
"rcp60","miroc5","PAK_6","2","irrigation_sw_diversion",30.4241740999161
"rcp60","miroc5","PAK_6","3","irrigation_sw_diversion",35.2663907795086
"rcp60","miroc5","PAK_6","4","irrigation_sw_diversion",45.9601839384619
"rcp60","miroc5","PAK_6","5","irrigation_sw_diversion",49.3101556823804
"rcp60","miroc5","PAK_6","6","irrigation_sw_diversion",55.1770530369647
"rcp60","miroc5","PAK_6","7","irrigation_sw_diversion",61.8965249151195
"rcp60","miroc5","PAK_6","8","irrigation_sw_diversion",53.5807172238985
"rcp60","miroc5","PAK_6","9","irrigation_sw_diversion",40.8606693661408
"rcp60","miroc5","PAK_7","1","irrigation_sw_diversion",0.58530864104505
"rcp60","miroc5","PAK_7","10","irrigation_sw_diversion",1.40882582570393
"rcp60","miroc5","PAK_7","11","irrigation_sw_diversion",0.550678787519197
"rcp60","miroc5","PAK_7","12","irrigation_sw_diversion",0.32719662532277
"rcp60","miroc5","PAK_7","2","irrigation_sw_diversion",0.833036926734085
"rcp60","miroc5","PAK_7","3","irrigation_sw_diversion",1.05120213879848
"rcp60","miroc5","PAK_7","4","irrigation_sw_diversion",1.76098276796938
"rcp60","miroc5","PAK_7","5","irrigation_sw_diversion",2.35433469362976
"rcp60","miroc5","PAK_7","6","irrigation_sw_diversion",2.78580455761028
"rcp60","miroc5","PAK_7","7","irrigation_sw_diversion",3.03669875961449
"rcp60","miroc5","PAK_7","8","irrigation_sw_diversion",3.19955684213556
"rcp60","miroc5","PAK_7","9","irrigation_sw_diversion",2.46461956046446
"rcp60","miroc5","PAK_8","1","irrigation_sw_diversion",0.0461109952512871
"rcp60","miroc5","PAK_8","10","irrigation_sw_diversion",0.211223006566619
"rcp60","miroc5","PAK_8","11","irrigation_sw_diversion",0.0928986565640174
"rcp60","miroc5","PAK_8","12","irrigation_sw_diversion",0.0348666627970913
"rcp60","miroc5","PAK_8","2","irrigation_sw_diversion",0.0786506339954684
"rcp60","miroc5","PAK_8","3","irrigation_sw_diversion",0.109241068026121
"rcp60","miroc5","PAK_8","4","irrigation_sw_diversion",0.289711201649398
"rcp60","miroc5","PAK_8","5","irrigation_sw_diversion",0.404360741931625
"rcp60","miroc5","PAK_8","6","irrigation_sw_diversion",0.529247493548745
"rcp60","miroc5","PAK_8","7","irrigation_sw_diversion",0.46865255592903
"rcp60","miroc5","PAK_8","8","irrigation_sw_diversion",0.499084250102749
"rcp60","miroc5","PAK_8","9","irrigation_sw_diversion",0.361177245048559
"rcp60","miroc5","PAK_9","1","irrigation_sw_diversion",7.89377166703427
"rcp60","miroc5","PAK_9","10","irrigation_sw_diversion",11.9583176007677
"rcp60","miroc5","PAK_9","11","irrigation_sw_diversion",6.36669963691501
"rcp60","miroc5","PAK_9","12","irrigation_sw_diversion",3.60296175658227
"rcp60","miroc5","PAK_9","2","irrigation_sw_diversion",14.6671173087732
"rcp60","miroc5","PAK_9","3","irrigation_sw_diversion",20.5473589859054
"rcp60","miroc5","PAK_9","4","irrigation_sw_diversion",21.0948622249968
"rcp60","miroc5","PAK_9","5","irrigation_sw_diversion",22.3516042918509
"rcp60","miroc5","PAK_9","6","irrigation_sw_diversion",35.3474926502153
"rcp60","miroc5","PAK_9","7","irrigation_sw_diversion",39.1603323214032
"rcp60","miroc5","PAK_9","8","irrigation_sw_diversion",35.3900239261171
"rcp60","miroc5","PAK_9","9","irrigation_sw_diversion",23.3472003074864
"historical","ensemble","AFG_1","1","irrigation_gw_diversion",0.659186351458437
"historical","ensemble","AFG_1","10","irrigation_gw_diversion",0.472067144093459
"historical","ensemble","AFG_1","11","irrigation_gw_diversion",0.39835114454016
"historical","ensemble","AFG_1","12","irrigation_gw_diversion",0.355177266384875
"historical","ensemble","AFG_1","2","irrigation_gw_diversion",0.947661692399145
"historical","ensemble","AFG_1","3","irrigation_gw_diversion",1.48516228707872
"historical","ensemble","AFG_1","4","irrigation_gw_diversion",1.50641810733643
"historical","ensemble","AFG_1","5","irrigation_gw_diversion",1.26203978018176
"historical","ensemble","AFG_1","6","irrigation_gw_diversion",0.990222117302798
"historical","ensemble","AFG_1","7","irrigation_gw_diversion",1.21761413849863
"historical","ensemble","AFG_1","8","irrigation_gw_diversion",1.29540426795843
"historical","ensemble","AFG_1","9","irrigation_gw_diversion",0.957732357506558
"historical","ensemble","AFG_2","1","irrigation_gw_diversion",0.653879929366088
"historical","ensemble","AFG_2","10","irrigation_gw_diversion",0.876934143695533
"historical","ensemble","AFG_2","11","irrigation_gw_diversion",0.535822535521686
"historical","ensemble","AFG_2","12","irrigation_gw_diversion",0.429214907056515
"historical","ensemble","AFG_2","2","irrigation_gw_diversion",0.845933673107588
"historical","ensemble","AFG_2","3","irrigation_gw_diversion",1.79662371752475
"historical","ensemble","AFG_2","4","irrigation_gw_diversion",2.11112191777784
"historical","ensemble","AFG_2","5","irrigation_gw_diversion",2.2804848399324
"historical","ensemble","AFG_2","6","irrigation_gw_diversion",2.29747761409341
"historical","ensemble","AFG_2","7","irrigation_gw_diversion",3.00493732430978
"historical","ensemble","AFG_2","8","irrigation_gw_diversion",3.05726692887195
"historical","ensemble","AFG_2","9","irrigation_gw_diversion",2.08172761910127
"historical","ensemble","CHN_1","11","irrigation_gw_diversion",0
"historical","ensemble","CHN_1","12","irrigation_gw_diversion",0
"historical","ensemble","CHN_1","3","irrigation_gw_diversion",0
"historical","ensemble","CHN_1","4","irrigation_gw_diversion",0
"historical","ensemble","CHN_1","5","irrigation_gw_diversion",0
"historical","ensemble","IND_1","1","irrigation_gw_diversion",0
"historical","ensemble","IND_1","10","irrigation_gw_diversion",0
"historical","ensemble","IND_1","11","irrigation_gw_diversion",0
"historical","ensemble","IND_1","12","irrigation_gw_diversion",0
"historical","ensemble","IND_1","2","irrigation_gw_diversion",0
"historical","ensemble","IND_1","3","irrigation_gw_diversion",0
"historical","ensemble","IND_1","4","irrigation_gw_diversion",0
"historical","ensemble","IND_1","5","irrigation_gw_diversion",0
"historical","ensemble","IND_1","6","irrigation_gw_diversion",0
"historical","ensemble","IND_1","7","irrigation_gw_diversion",0
"historical","ensemble","IND_1","8","irrigation_gw_diversion",0
"historical","ensemble","IND_1","9","irrigation_gw_diversion",0
"historical","ensemble","IND_2","1","irrigation_gw_diversion",0.0135578658676307
"historical","ensemble","IND_2","10","irrigation_gw_diversion",0.0399192920891317
"historical","ensemble","IND_2","11","irrigation_gw_diversion",0.0207900324401429
"historical","ensemble","IND_2","12","irrigation_gw_diversion",0.0111006090649745
"historical","ensemble","IND_2","2","irrigation_gw_diversion",0.0247240770363901
"historical","ensemble","IND_2","3","irrigation_gw_diversion",0.0564010980990306
"historical","ensemble","IND_2","4","irrigation_gw_diversion",0.0703423181997373
"historical","ensemble","IND_2","5","irrigation_gw_diversion",0.0553806286914952
"historical","ensemble","IND_2","6","irrigation_gw_diversion",0.0245458573463168
"historical","ensemble","IND_2","7","irrigation_gw_diversion",0.00718588957553238
"historical","ensemble","IND_2","8","irrigation_gw_diversion",0.0200538114137979
"historical","ensemble","IND_2","9","irrigation_gw_diversion",0.0618894813530706
"historical","ensemble","IND_3","1","irrigation_gw_diversion",2.39402930800508
"historical","ensemble","IND_3","10","irrigation_gw_diversion",2.80797714800288
"historical","ensemble","IND_3","11","irrigation_gw_diversion",1.96819244368689
"historical","ensemble","IND_3","12","irrigation_gw_diversion",1.50352189490145
"historical","ensemble","IND_3","2","irrigation_gw_diversion",4.66422155921996
"historical","ensemble","IND_3","3","irrigation_gw_diversion",7.86983554193628
"historical","ensemble","IND_3","4","irrigation_gw_diversion",8.0130118144318
"historical","ensemble","IND_3","5","irrigation_gw_diversion",6.3232807427037
"historical","ensemble","IND_3","6","irrigation_gw_diversion",7.50941755345481
"historical","ensemble","IND_3","7","irrigation_gw_diversion",6.51152944668898
"historical","ensemble","IND_3","8","irrigation_gw_diversion",6.17704925101054
"historical","ensemble","IND_3","9","irrigation_gw_diversion",5.88930217923959
"historical","ensemble","IND_4","1","irrigation_gw_diversion",53.5580522664231
"historical","ensemble","IND_4","10","irrigation_gw_diversion",37.2102698183433
"historical","ensemble","IND_4","11","irrigation_gw_diversion",32.1842386379918
"historical","ensemble","IND_4","12","irrigation_gw_diversion",27.7012645233173
"historical","ensemble","IND_4","2","irrigation_gw_diversion",94.5482186851424
"historical","ensemble","IND_4","3","irrigation_gw_diversion",148.521297973246
"historical","ensemble","IND_4","4","irrigation_gw_diversion",144.421964794572
"historical","ensemble","IND_4","5","irrigation_gw_diversion",110.167893279439
"historical","ensemble","IND_4","6","irrigation_gw_diversion",89.01027202352
"historical","ensemble","IND_4","7","irrigation_gw_diversion",76.3930619184424
"historical","ensemble","IND_4","8","irrigation_gw_diversion",71.9304739761348
"historical","ensemble","IND_4","9","irrigation_gw_diversion",64.0043616198384
"historical","ensemble","IND_5","1","irrigation_gw_diversion",0
"historical","ensemble","IND_5","10","irrigation_gw_diversion",0
"historical","ensemble","IND_5","11","irrigation_gw_diversion",0
"historical","ensemble","IND_5","12","irrigation_gw_diversion",0
"historical","ensemble","IND_5","2","irrigation_gw_diversion",0
"historical","ensemble","IND_5","3","irrigation_gw_diversion",0
"historical","ensemble","IND_5","4","irrigation_gw_diversion",0
"historical","ensemble","IND_5","5","irrigation_gw_diversion",0
"historical","ensemble","IND_5","6","irrigation_gw_diversion",0
"historical","ensemble","IND_5","7","irrigation_gw_diversion",0
"historical","ensemble","IND_5","8","irrigation_gw_diversion",0
"historical","ensemble","IND_5","9","irrigation_gw_diversion",0
"historical","ensemble","IND_6","1","irrigation_gw_diversion",0
"historical","ensemble","IND_6","10","irrigation_gw_diversion",0
"historical","ensemble","IND_6","11","irrigation_gw_diversion",0
"historical","ensemble","IND_6","12","irrigation_gw_diversion",0
"historical","ensemble","IND_6","2","irrigation_gw_diversion",0
"historical","ensemble","IND_6","3","irrigation_gw_diversion",0
"historical","ensemble","IND_6","4","irrigation_gw_diversion",0
"historical","ensemble","IND_6","5","irrigation_gw_diversion",0
"historical","ensemble","IND_6","6","irrigation_gw_diversion",0
"historical","ensemble","IND_6","7","irrigation_gw_diversion",0
"historical","ensemble","IND_6","8","irrigation_gw_diversion",0
"historical","ensemble","IND_6","9","irrigation_gw_diversion",0
"historical","ensemble","PAK_1","1","irrigation_gw_diversion",1.29990949383906
"historical","ensemble","PAK_1","10","irrigation_gw_diversion",1.15312206718528
"historical","ensemble","PAK_1","11","irrigation_gw_diversion",0.864478971187483
"historical","ensemble","PAK_1","12","irrigation_gw_diversion",0.595689573349307
"historical","ensemble","PAK_1","2","irrigation_gw_diversion",2.13994639656419
"historical","ensemble","PAK_1","3","irrigation_gw_diversion",3.55070065735887
"historical","ensemble","PAK_1","4","irrigation_gw_diversion",3.69994648587785
"historical","ensemble","PAK_1","5","irrigation_gw_diversion",3.51086327810747
"historical","ensemble","PAK_1","6","irrigation_gw_diversion",3.41516536847013
"historical","ensemble","PAK_1","7","irrigation_gw_diversion",3.52127286072176
"historical","ensemble","PAK_1","8","irrigation_gw_diversion",3.12983658436106
"historical","ensemble","PAK_1","9","irrigation_gw_diversion",2.32160186953869
"historical","ensemble","PAK_10","1","irrigation_gw_diversion",18.1468069220499
"historical","ensemble","PAK_10","10","irrigation_gw_diversion",13.6677790509312
"historical","ensemble","PAK_10","11","irrigation_gw_diversion",10.6531665942269
"historical","ensemble","PAK_10","12","irrigation_gw_diversion",8.25523369962387
"historical","ensemble","PAK_10","2","irrigation_gw_diversion",32.8575124656617
"historical","ensemble","PAK_10","3","irrigation_gw_diversion",41.5274654103234
"historical","ensemble","PAK_10","4","irrigation_gw_diversion",36.7643466421316
"historical","ensemble","PAK_10","5","irrigation_gw_diversion",32.0550078478855
"historical","ensemble","PAK_10","6","irrigation_gw_diversion",36.092715339485
"historical","ensemble","PAK_10","7","irrigation_gw_diversion",44.2833169268477
"historical","ensemble","PAK_10","8","irrigation_gw_diversion",42.7941980177687
"historical","ensemble","PAK_10","9","irrigation_gw_diversion",29.3754250626756
"historical","ensemble","PAK_11","1","irrigation_gw_diversion",0
"historical","ensemble","PAK_11","10","irrigation_gw_diversion",0
"historical","ensemble","PAK_11","11","irrigation_gw_diversion",0
"historical","ensemble","PAK_11","12","irrigation_gw_diversion",0
"historical","ensemble","PAK_11","2","irrigation_gw_diversion",0
"historical","ensemble","PAK_11","3","irrigation_gw_diversion",0
"historical","ensemble","PAK_11","4","irrigation_gw_diversion",0
"historical","ensemble","PAK_11","5","irrigation_gw_diversion",0
"historical","ensemble","PAK_11","6","irrigation_gw_diversion",0
"historical","ensemble","PAK_11","7","irrigation_gw_diversion",0
"historical","ensemble","PAK_11","8","irrigation_gw_diversion",0
"historical","ensemble","PAK_11","9","irrigation_gw_diversion",0
"historical","ensemble","PAK_12","1","irrigation_gw_diversion",0.323349953695743
"historical","ensemble","PAK_12","10","irrigation_gw_diversion",0.333640895477681
"historical","ensemble","PAK_12","11","irrigation_gw_diversion",0.232712464407023
"historical","ensemble","PAK_12","12","irrigation_gw_diversion",0.159067363273229
"historical","ensemble","PAK_12","2","irrigation_gw_diversion",0.49562171824476
"historical","ensemble","PAK_12","3","irrigation_gw_diversion",0.698018718709777
"historical","ensemble","PAK_12","4","irrigation_gw_diversion",0.681461359510687
"historical","ensemble","PAK_12","5","irrigation_gw_diversion",0.687740244448102
"historical","ensemble","PAK_12","6","irrigation_gw_diversion",0.773449250638976
"historical","ensemble","PAK_12","7","irrigation_gw_diversion",0.887707015804961
"historical","ensemble","PAK_12","8","irrigation_gw_diversion",0.836045283562701
"historical","ensemble","PAK_12","9","irrigation_gw_diversion",0.60809620774666
"historical","ensemble","PAK_2","1","irrigation_gw_diversion",4.30558729134573
"historical","ensemble","PAK_2","10","irrigation_gw_diversion",4.5913842290171
"historical","ensemble","PAK_2","11","irrigation_gw_diversion",2.82513534148532
"historical","ensemble","PAK_2","12","irrigation_gw_diversion",2.01556597201767
"historical","ensemble","PAK_2","2","irrigation_gw_diversion",7.49445835893338
"historical","ensemble","PAK_2","3","irrigation_gw_diversion",11.5852865581784
"historical","ensemble","PAK_2","4","irrigation_gw_diversion",11.6892907349549
"historical","ensemble","PAK_2","5","irrigation_gw_diversion",10.954415932722
"historical","ensemble","PAK_2","6","irrigation_gw_diversion",13.5468229999147
"historical","ensemble","PAK_2","7","irrigation_gw_diversion",14.2236411762492
"historical","ensemble","PAK_2","8","irrigation_gw_diversion",12.896628026745
"historical","ensemble","PAK_2","9","irrigation_gw_diversion",9.60952387951493
"historical","ensemble","PAK_3","1","irrigation_gw_diversion",3.58607488991816
"historical","ensemble","PAK_3","10","irrigation_gw_diversion",3.49661040074125
"historical","ensemble","PAK_3","11","irrigation_gw_diversion",2.17568128499035
"historical","ensemble","PAK_3","12","irrigation_gw_diversion",1.59589096434097
"historical","ensemble","PAK_3","2","irrigation_gw_diversion",6.15125090987829
"historical","ensemble","PAK_3","3","irrigation_gw_diversion",8.36336693846006
"historical","ensemble","PAK_3","4","irrigation_gw_diversion",7.70659400134606
"historical","ensemble","PAK_3","5","irrigation_gw_diversion",6.797024216142
"historical","ensemble","PAK_3","6","irrigation_gw_diversion",8.26143829012496
"historical","ensemble","PAK_3","7","irrigation_gw_diversion",10.3736959328823
"historical","ensemble","PAK_3","8","irrigation_gw_diversion",10.4510337607549
"historical","ensemble","PAK_3","9","irrigation_gw_diversion",7.26379162844959
"historical","ensemble","PAK_4","1","irrigation_gw_diversion",5.63475069960194
"historical","ensemble","PAK_4","10","irrigation_gw_diversion",3.84550016361211
"historical","ensemble","PAK_4","11","irrigation_gw_diversion",3.01044011317203
"historical","ensemble","PAK_4","12","irrigation_gw_diversion",2.9098879307557
"historical","ensemble","PAK_4","2","irrigation_gw_diversion",8.01603843758985
"historical","ensemble","PAK_4","3","irrigation_gw_diversion",10.3456968588456
"historical","ensemble","PAK_4","4","irrigation_gw_diversion",9.54544466972345
"historical","ensemble","PAK_4","5","irrigation_gw_diversion",7.83351244031732
"historical","ensemble","PAK_4","6","irrigation_gw_diversion",9.41681434373975
"historical","ensemble","PAK_4","7","irrigation_gw_diversion",11.8253739127139
"historical","ensemble","PAK_4","8","irrigation_gw_diversion",11.3232276519976
"historical","ensemble","PAK_4","9","irrigation_gw_diversion",7.99904422187273
"historical","ensemble","PAK_5","1","irrigation_gw_diversion",7.93232964945687
"historical","ensemble","PAK_5","10","irrigation_gw_diversion",6.04182543328391
"historical","ensemble","PAK_5","11","irrigation_gw_diversion",4.89488443974437
"historical","ensemble","PAK_5","12","irrigation_gw_diversion",4.0583360188887
"historical","ensemble","PAK_5","2","irrigation_gw_diversion",12.9840644885457
"historical","ensemble","PAK_5","3","irrigation_gw_diversion",15.559555205989
"historical","ensemble","PAK_5","4","irrigation_gw_diversion",14.9686450968357
"historical","ensemble","PAK_5","5","irrigation_gw_diversion",13.2951680777104
"historical","ensemble","PAK_5","6","irrigation_gw_diversion",13.8224679705269
"historical","ensemble","PAK_5","7","irrigation_gw_diversion",15.1562549887128
"historical","ensemble","PAK_5","8","irrigation_gw_diversion",14.6529713039901
"historical","ensemble","PAK_5","9","irrigation_gw_diversion",11.2938922988225
"historical","ensemble","PAK_6","1","irrigation_gw_diversion",5.35683045588655
"historical","ensemble","PAK_6","10","irrigation_gw_diversion",7.61310523593462
"historical","ensemble","PAK_6","11","irrigation_gw_diversion",5.62367711844571
"historical","ensemble","PAK_6","12","irrigation_gw_diversion",3.78601389682947
"historical","ensemble","PAK_6","2","irrigation_gw_diversion",9.28383702445222
"historical","ensemble","PAK_6","3","irrigation_gw_diversion",11.2384315752629
"historical","ensemble","PAK_6","4","irrigation_gw_diversion",14.0675526164761
"historical","ensemble","PAK_6","5","irrigation_gw_diversion",14.742524978427
"historical","ensemble","PAK_6","6","irrigation_gw_diversion",17.4755637402254
"historical","ensemble","PAK_6","7","irrigation_gw_diversion",18.4831493394331
"historical","ensemble","PAK_6","8","irrigation_gw_diversion",16.7214758650821
"historical","ensemble","PAK_6","9","irrigation_gw_diversion",12.5572579790363
"historical","ensemble","PAK_7","1","irrigation_gw_diversion",0.638568671335538
"historical","ensemble","PAK_7","10","irrigation_gw_diversion",1.6853509610643
"historical","ensemble","PAK_7","11","irrigation_gw_diversion",0.823599724965139
"historical","ensemble","PAK_7","12","irrigation_gw_diversion",0.380252435712581
"historical","ensemble","PAK_7","2","irrigation_gw_diversion",0.780665336018318
"historical","ensemble","PAK_7","3","irrigation_gw_diversion",1.39887033119047
"historical","ensemble","PAK_7","4","irrigation_gw_diversion",1.84688012947425
"historical","ensemble","PAK_7","5","irrigation_gw_diversion",2.58458598495257
"historical","ensemble","PAK_7","6","irrigation_gw_diversion",3.09134358933363
"historical","ensemble","PAK_7","7","irrigation_gw_diversion",3.40165185736992
"historical","ensemble","PAK_7","8","irrigation_gw_diversion",3.43666844714986
"historical","ensemble","PAK_7","9","irrigation_gw_diversion",2.90703347769788
"historical","ensemble","PAK_8","1","irrigation_gw_diversion",0.151710430550135
"historical","ensemble","PAK_8","10","irrigation_gw_diversion",0.656463646609174
"historical","ensemble","PAK_8","11","irrigation_gw_diversion",0.333819271792099
"historical","ensemble","PAK_8","12","irrigation_gw_diversion",0.144316488488547
"historical","ensemble","PAK_8","2","irrigation_gw_diversion",0.180218698216484
"historical","ensemble","PAK_8","3","irrigation_gw_diversion",0.411042178361757
"historical","ensemble","PAK_8","4","irrigation_gw_diversion",0.851930911351319
"historical","ensemble","PAK_8","5","irrigation_gw_diversion",1.20256550338696
"historical","ensemble","PAK_8","6","irrigation_gw_diversion",1.56485793541231
"historical","ensemble","PAK_8","7","irrigation_gw_diversion",1.39825051937457
"historical","ensemble","PAK_8","8","irrigation_gw_diversion",1.35643288168828
"historical","ensemble","PAK_8","9","irrigation_gw_diversion",1.15985937443312
"historical","ensemble","PAK_9","1","irrigation_gw_diversion",8.47021845734512
"historical","ensemble","PAK_9","10","irrigation_gw_diversion",14.3018478335108
"historical","ensemble","PAK_9","11","irrigation_gw_diversion",7.05077360952189
"historical","ensemble","PAK_9","12","irrigation_gw_diversion",3.9560412744444
"historical","ensemble","PAK_9","2","irrigation_gw_diversion",15.0482251695088
"historical","ensemble","PAK_9","3","irrigation_gw_diversion",22.883746878573
"historical","ensemble","PAK_9","4","irrigation_gw_diversion",22.5595664141915
"historical","ensemble","PAK_9","5","irrigation_gw_diversion",23.6375428018436
"historical","ensemble","PAK_9","6","irrigation_gw_diversion",39.3371187590807
"historical","ensemble","PAK_9","7","irrigation_gw_diversion",44.7535197646823
"historical","ensemble","PAK_9","8","irrigation_gw_diversion",42.1554217718716
"historical","ensemble","PAK_9","9","irrigation_gw_diversion",30.5868471392783
"historical","gfdl-esm2m","AFG_1","1","irrigation_gw_diversion",0.638003444355036
"historical","gfdl-esm2m","AFG_1","10","irrigation_gw_diversion",0.479720173822719
"historical","gfdl-esm2m","AFG_1","11","irrigation_gw_diversion",0.410751371161695
"historical","gfdl-esm2m","AFG_1","12","irrigation_gw_diversion",0.348061105982239
"historical","gfdl-esm2m","AFG_1","2","irrigation_gw_diversion",0.856659790241185
"historical","gfdl-esm2m","AFG_1","3","irrigation_gw_diversion",1.38664057387874
"historical","gfdl-esm2m","AFG_1","4","irrigation_gw_diversion",1.4255766419749
"historical","gfdl-esm2m","AFG_1","5","irrigation_gw_diversion",1.2402567836661
"historical","gfdl-esm2m","AFG_1","6","irrigation_gw_diversion",0.98692978142628
"historical","gfdl-esm2m","AFG_1","7","irrigation_gw_diversion",1.20515113234443
"historical","gfdl-esm2m","AFG_1","8","irrigation_gw_diversion",1.29749961553046
"historical","gfdl-esm2m","AFG_1","9","irrigation_gw_diversion",0.962583184144058
"historical","gfdl-esm2m","AFG_2","1","irrigation_gw_diversion",0.61576279872991
"historical","gfdl-esm2m","AFG_2","10","irrigation_gw_diversion",0.892385961936871
"historical","gfdl-esm2m","AFG_2","11","irrigation_gw_diversion",0.570620074335893
"historical","gfdl-esm2m","AFG_2","12","irrigation_gw_diversion",0.437238389131988
"historical","gfdl-esm2m","AFG_2","2","irrigation_gw_diversion",0.684502956535048
"historical","gfdl-esm2m","AFG_2","3","irrigation_gw_diversion",1.77162424244942
"historical","gfdl-esm2m","AFG_2","4","irrigation_gw_diversion",2.04095550779159
"historical","gfdl-esm2m","AFG_2","5","irrigation_gw_diversion",2.40040437540509
"historical","gfdl-esm2m","AFG_2","6","irrigation_gw_diversion",2.35938366829661
"historical","gfdl-esm2m","AFG_2","7","irrigation_gw_diversion",3.04484203408205
"historical","gfdl-esm2m","AFG_2","8","irrigation_gw_diversion",3.06937117640261
"historical","gfdl-esm2m","AFG_2","9","irrigation_gw_diversion",2.06916234457754
"historical","gfdl-esm2m","CHN_1","11","irrigation_gw_diversion",0
"historical","gfdl-esm2m","CHN_1","12","irrigation_gw_diversion",0
"historical","gfdl-esm2m","CHN_1","3","irrigation_gw_diversion",0
"historical","gfdl-esm2m","CHN_1","4","irrigation_gw_diversion",0
"historical","gfdl-esm2m","CHN_1","5","irrigation_gw_diversion",0
"historical","gfdl-esm2m","IND_1","1","irrigation_gw_diversion",0
"historical","gfdl-esm2m","IND_1","10","irrigation_gw_diversion",0
"historical","gfdl-esm2m","IND_1","11","irrigation_gw_diversion",0
"historical","gfdl-esm2m","IND_1","12","irrigation_gw_diversion",0
"historical","gfdl-esm2m","IND_1","2","irrigation_gw_diversion",0
"historical","gfdl-esm2m","IND_1","3","irrigation_gw_diversion",0
"historical","gfdl-esm2m","IND_1","4","irrigation_gw_diversion",0
"historical","gfdl-esm2m","IND_1","5","irrigation_gw_diversion",0
"historical","gfdl-esm2m","IND_1","6","irrigation_gw_diversion",0
"historical","gfdl-esm2m","IND_1","7","irrigation_gw_diversion",0
"historical","gfdl-esm2m","IND_1","8","irrigation_gw_diversion",0
"historical","gfdl-esm2m","IND_1","9","irrigation_gw_diversion",0
"historical","gfdl-esm2m","IND_2","1","irrigation_gw_diversion",0.0148913818567694
"historical","gfdl-esm2m","IND_2","10","irrigation_gw_diversion",0.0431059077776342
"historical","gfdl-esm2m","IND_2","11","irrigation_gw_diversion",0.0203394566255862
"historical","gfdl-esm2m","IND_2","12","irrigation_gw_diversion",0.0102625008529749
"historical","gfdl-esm2m","IND_2","2","irrigation_gw_diversion",0.0256934767473307
"historical","gfdl-esm2m","IND_2","3","irrigation_gw_diversion",0.0552683866578901
"historical","gfdl-esm2m","IND_2","4","irrigation_gw_diversion",0.0675196171574682
"historical","gfdl-esm2m","IND_2","5","irrigation_gw_diversion",0.0540598043095405
"historical","gfdl-esm2m","IND_2","6","irrigation_gw_diversion",0.0238306155831656
"historical","gfdl-esm2m","IND_2","7","irrigation_gw_diversion",0.00580971048301466
"historical","gfdl-esm2m","IND_2","8","irrigation_gw_diversion",0.0217185958129054
"historical","gfdl-esm2m","IND_2","9","irrigation_gw_diversion",0.0641714292610839
"historical","gfdl-esm2m","IND_3","1","irrigation_gw_diversion",1.92112936473603
"historical","gfdl-esm2m","IND_3","10","irrigation_gw_diversion",3.50603186768863
"historical","gfdl-esm2m","IND_3","11","irrigation_gw_diversion",2.01090307530911
"historical","gfdl-esm2m","IND_3","12","irrigation_gw_diversion",1.30079422358356
"historical","gfdl-esm2m","IND_3","2","irrigation_gw_diversion",3.89577380171114
"historical","gfdl-esm2m","IND_3","3","irrigation_gw_diversion",6.45520525508893
"historical","gfdl-esm2m","IND_3","4","irrigation_gw_diversion",7.49445756542885
"historical","gfdl-esm2m","IND_3","5","irrigation_gw_diversion",6.89903840277749
"historical","gfdl-esm2m","IND_3","6","irrigation_gw_diversion",9.01760120985038
"historical","gfdl-esm2m","IND_3","7","irrigation_gw_diversion",6.00367841680576
"historical","gfdl-esm2m","IND_3","8","irrigation_gw_diversion",6.5482309764267
"historical","gfdl-esm2m","IND_3","9","irrigation_gw_diversion",6.55906536757952
"historical","gfdl-esm2m","IND_4","1","irrigation_gw_diversion",52.2411417522641
"historical","gfdl-esm2m","IND_4","10","irrigation_gw_diversion",38.9927398683566
"historical","gfdl-esm2m","IND_4","11","irrigation_gw_diversion",31.3134655087693
"historical","gfdl-esm2m","IND_4","12","irrigation_gw_diversion",26.759606325343
"historical","gfdl-esm2m","IND_4","2","irrigation_gw_diversion",93.1680313779532
"historical","gfdl-esm2m","IND_4","3","irrigation_gw_diversion",144.811285924361
"historical","gfdl-esm2m","IND_4","4","irrigation_gw_diversion",141.890017164413
"historical","gfdl-esm2m","IND_4","5","irrigation_gw_diversion",109.276884684524
"historical","gfdl-esm2m","IND_4","6","irrigation_gw_diversion",94.5090604321619
"historical","gfdl-esm2m","IND_4","7","irrigation_gw_diversion",70.165182140699
"historical","gfdl-esm2m","IND_4","8","irrigation_gw_diversion",77.8282474714054
"historical","gfdl-esm2m","IND_4","9","irrigation_gw_diversion",68.7839352319613
"historical","gfdl-esm2m","IND_5","1","irrigation_gw_diversion",0
"historical","gfdl-esm2m","IND_5","10","irrigation_gw_diversion",0
"historical","gfdl-esm2m","IND_5","11","irrigation_gw_diversion",0
"historical","gfdl-esm2m","IND_5","12","irrigation_gw_diversion",0
"historical","gfdl-esm2m","IND_5","2","irrigation_gw_diversion",0
"historical","gfdl-esm2m","IND_5","3","irrigation_gw_diversion",0
"historical","gfdl-esm2m","IND_5","4","irrigation_gw_diversion",0
"historical","gfdl-esm2m","IND_5","5","irrigation_gw_diversion",0
"historical","gfdl-esm2m","IND_5","6","irrigation_gw_diversion",0
"historical","gfdl-esm2m","IND_5","7","irrigation_gw_diversion",0
"historical","gfdl-esm2m","IND_5","8","irrigation_gw_diversion",0
"historical","gfdl-esm2m","IND_5","9","irrigation_gw_diversion",0
"historical","gfdl-esm2m","IND_6","1","irrigation_gw_diversion",0
"historical","gfdl-esm2m","IND_6","10","irrigation_gw_diversion",0
"historical","gfdl-esm2m","IND_6","11","irrigation_gw_diversion",0
"historical","gfdl-esm2m","IND_6","12","irrigation_gw_diversion",0
"historical","gfdl-esm2m","IND_6","2","irrigation_gw_diversion",0
"historical","gfdl-esm2m","IND_6","3","irrigation_gw_diversion",0
"historical","gfdl-esm2m","IND_6","4","irrigation_gw_diversion",0
"historical","gfdl-esm2m","IND_6","5","irrigation_gw_diversion",0
"historical","gfdl-esm2m","IND_6","6","irrigation_gw_diversion",0
"historical","gfdl-esm2m","IND_6","7","irrigation_gw_diversion",0
"historical","gfdl-esm2m","IND_6","8","irrigation_gw_diversion",0
"historical","gfdl-esm2m","IND_6","9","irrigation_gw_diversion",0
"historical","gfdl-esm2m","PAK_1","1","irrigation_gw_diversion",1.29378414803308
"historical","gfdl-esm2m","PAK_1","10","irrigation_gw_diversion",1.18145899948036
"historical","gfdl-esm2m","PAK_1","11","irrigation_gw_diversion",0.85421243347476
"historical","gfdl-esm2m","PAK_1","12","irrigation_gw_diversion",0.5298402702077
"historical","gfdl-esm2m","PAK_1","2","irrigation_gw_diversion",2.13382946169643
"historical","gfdl-esm2m","PAK_1","3","irrigation_gw_diversion",3.49880702532422
"historical","gfdl-esm2m","PAK_1","4","irrigation_gw_diversion",3.60379011151883
"historical","gfdl-esm2m","PAK_1","5","irrigation_gw_diversion",3.3792755164607
"historical","gfdl-esm2m","PAK_1","6","irrigation_gw_diversion",3.40403825470739
"historical","gfdl-esm2m","PAK_1","7","irrigation_gw_diversion",3.19881839350884
"historical","gfdl-esm2m","PAK_1","8","irrigation_gw_diversion",3.05606010618117
"historical","gfdl-esm2m","PAK_1","9","irrigation_gw_diversion",2.30956939879682
"historical","gfdl-esm2m","PAK_10","1","irrigation_gw_diversion",18.7050102504617
"historical","gfdl-esm2m","PAK_10","10","irrigation_gw_diversion",14.3516821274836
"historical","gfdl-esm2m","PAK_10","11","irrigation_gw_diversion",11.1732937568276
"historical","gfdl-esm2m","PAK_10","12","irrigation_gw_diversion",8.38415840983798
"historical","gfdl-esm2m","PAK_10","2","irrigation_gw_diversion",34.3320312785113
"historical","gfdl-esm2m","PAK_10","3","irrigation_gw_diversion",41.328519039138
"historical","gfdl-esm2m","PAK_10","4","irrigation_gw_diversion",36.7151786830595
"historical","gfdl-esm2m","PAK_10","5","irrigation_gw_diversion",31.2184148503546
"historical","gfdl-esm2m","PAK_10","6","irrigation_gw_diversion",34.7064986825501
"historical","gfdl-esm2m","PAK_10","7","irrigation_gw_diversion",42.3603990049843
"historical","gfdl-esm2m","PAK_10","8","irrigation_gw_diversion",43.0531011878551
"historical","gfdl-esm2m","PAK_10","9","irrigation_gw_diversion",30.2872720629145
"historical","gfdl-esm2m","PAK_11","1","irrigation_gw_diversion",0
"historical","gfdl-esm2m","PAK_11","10","irrigation_gw_diversion",0
"historical","gfdl-esm2m","PAK_11","11","irrigation_gw_diversion",0
"historical","gfdl-esm2m","PAK_11","12","irrigation_gw_diversion",0
"historical","gfdl-esm2m","PAK_11","2","irrigation_gw_diversion",0
"historical","gfdl-esm2m","PAK_11","3","irrigation_gw_diversion",0
"historical","gfdl-esm2m","PAK_11","4","irrigation_gw_diversion",0
"historical","gfdl-esm2m","PAK_11","5","irrigation_gw_diversion",0
"historical","gfdl-esm2m","PAK_11","6","irrigation_gw_diversion",0
"historical","gfdl-esm2m","PAK_11","7","irrigation_gw_diversion",0
"historical","gfdl-esm2m","PAK_11","8","irrigation_gw_diversion",0
"historical","gfdl-esm2m","PAK_11","9","irrigation_gw_diversion",0
"historical","gfdl-esm2m","PAK_12","1","irrigation_gw_diversion",0.319408877331982
"historical","gfdl-esm2m","PAK_12","10","irrigation_gw_diversion",0.340041581045494
"historical","gfdl-esm2m","PAK_12","11","irrigation_gw_diversion",0.236304087032123
"historical","gfdl-esm2m","PAK_12","12","irrigation_gw_diversion",0.153925993176075
"historical","gfdl-esm2m","PAK_12","2","irrigation_gw_diversion",0.474859645707449
"historical","gfdl-esm2m","PAK_12","3","irrigation_gw_diversion",0.66284702661858
"historical","gfdl-esm2m","PAK_12","4","irrigation_gw_diversion",0.645366494386343
"historical","gfdl-esm2m","PAK_12","5","irrigation_gw_diversion",0.657581686986113
"historical","gfdl-esm2m","PAK_12","6","irrigation_gw_diversion",0.740390067757225
"historical","gfdl-esm2m","PAK_12","7","irrigation_gw_diversion",0.810844510505107
"historical","gfdl-esm2m","PAK_12","8","irrigation_gw_diversion",0.788136915801914
"historical","gfdl-esm2m","PAK_12","9","irrigation_gw_diversion",0.593596367816452
"historical","gfdl-esm2m","PAK_2","1","irrigation_gw_diversion",4.16214087211107
"historical","gfdl-esm2m","PAK_2","10","irrigation_gw_diversion",4.56013297579061
"historical","gfdl-esm2m","PAK_2","11","irrigation_gw_diversion",2.78750975793444
"historical","gfdl-esm2m","PAK_2","12","irrigation_gw_diversion",1.87549544738945
"historical","gfdl-esm2m","PAK_2","2","irrigation_gw_diversion",7.38645782430765
"historical","gfdl-esm2m","PAK_2","3","irrigation_gw_diversion",11.2852673199623
"historical","gfdl-esm2m","PAK_2","4","irrigation_gw_diversion",11.3929808548303
"historical","gfdl-esm2m","PAK_2","5","irrigation_gw_diversion",10.7338536573763
"historical","gfdl-esm2m","PAK_2","6","irrigation_gw_diversion",13.307314251977
"historical","gfdl-esm2m","PAK_2","7","irrigation_gw_diversion",12.7961373313219
"historical","gfdl-esm2m","PAK_2","8","irrigation_gw_diversion",12.6654098145655
"historical","gfdl-esm2m","PAK_2","9","irrigation_gw_diversion",9.57467853021921
"historical","gfdl-esm2m","PAK_3","1","irrigation_gw_diversion",3.61196410468211
"historical","gfdl-esm2m","PAK_3","10","irrigation_gw_diversion",3.45583609937372
"historical","gfdl-esm2m","PAK_3","11","irrigation_gw_diversion",2.1770639493009
"historical","gfdl-esm2m","PAK_3","12","irrigation_gw_diversion",1.53180986003353
"historical","gfdl-esm2m","PAK_3","2","irrigation_gw_diversion",6.07095727102359
"historical","gfdl-esm2m","PAK_3","3","irrigation_gw_diversion",8.06165403653117
"historical","gfdl-esm2m","PAK_3","4","irrigation_gw_diversion",7.54517316499194
"historical","gfdl-esm2m","PAK_3","5","irrigation_gw_diversion",6.4764332798022
"historical","gfdl-esm2m","PAK_3","6","irrigation_gw_diversion",7.92443061798173
"historical","gfdl-esm2m","PAK_3","7","irrigation_gw_diversion",9.67536033902314
"historical","gfdl-esm2m","PAK_3","8","irrigation_gw_diversion",10.1057040557182
"historical","gfdl-esm2m","PAK_3","9","irrigation_gw_diversion",6.90623556322418
"historical","gfdl-esm2m","PAK_4","1","irrigation_gw_diversion",5.86211872915204
"historical","gfdl-esm2m","PAK_4","10","irrigation_gw_diversion",3.84263262481746
"historical","gfdl-esm2m","PAK_4","11","irrigation_gw_diversion",3.1668015349548
"historical","gfdl-esm2m","PAK_4","12","irrigation_gw_diversion",3.06120457381825
"historical","gfdl-esm2m","PAK_4","2","irrigation_gw_diversion",8.09923919730746
"historical","gfdl-esm2m","PAK_4","3","irrigation_gw_diversion",10.522145241717
"historical","gfdl-esm2m","PAK_4","4","irrigation_gw_diversion",9.64974711767745
"historical","gfdl-esm2m","PAK_4","5","irrigation_gw_diversion",7.93878420573592
"historical","gfdl-esm2m","PAK_4","6","irrigation_gw_diversion",9.1524731603675
"historical","gfdl-esm2m","PAK_4","7","irrigation_gw_diversion",11.1461947914982
"historical","gfdl-esm2m","PAK_4","8","irrigation_gw_diversion",10.9945456430144
"historical","gfdl-esm2m","PAK_4","9","irrigation_gw_diversion",8.28706880279896
"historical","gfdl-esm2m","PAK_5","1","irrigation_gw_diversion",8.08343924494152
"historical","gfdl-esm2m","PAK_5","10","irrigation_gw_diversion",6.08358748161893
"historical","gfdl-esm2m","PAK_5","11","irrigation_gw_diversion",4.99589819316813
"historical","gfdl-esm2m","PAK_5","12","irrigation_gw_diversion",4.06463650040513
"historical","gfdl-esm2m","PAK_5","2","irrigation_gw_diversion",13.1344897430713
"historical","gfdl-esm2m","PAK_5","3","irrigation_gw_diversion",15.4917648037664
"historical","gfdl-esm2m","PAK_5","4","irrigation_gw_diversion",14.9110452360479
"historical","gfdl-esm2m","PAK_5","5","irrigation_gw_diversion",13.207414077659
"historical","gfdl-esm2m","PAK_5","6","irrigation_gw_diversion",13.7538499574233
"historical","gfdl-esm2m","PAK_5","7","irrigation_gw_diversion",14.9538136348848
"historical","gfdl-esm2m","PAK_5","8","irrigation_gw_diversion",14.5176852622809
"historical","gfdl-esm2m","PAK_5","9","irrigation_gw_diversion",11.4826025099572
"historical","gfdl-esm2m","PAK_6","1","irrigation_gw_diversion",5.43810145035975
"historical","gfdl-esm2m","PAK_6","10","irrigation_gw_diversion",7.71900432751497
"historical","gfdl-esm2m","PAK_6","11","irrigation_gw_diversion",5.72912022474017
"historical","gfdl-esm2m","PAK_6","12","irrigation_gw_diversion",3.72240449110979
"historical","gfdl-esm2m","PAK_6","2","irrigation_gw_diversion",9.47305381850387
"historical","gfdl-esm2m","PAK_6","3","irrigation_gw_diversion",11.2202430309014
"historical","gfdl-esm2m","PAK_6","4","irrigation_gw_diversion",13.9581082309304
"historical","gfdl-esm2m","PAK_6","5","irrigation_gw_diversion",14.8332716905917
"historical","gfdl-esm2m","PAK_6","6","irrigation_gw_diversion",17.3800866571472
"historical","gfdl-esm2m","PAK_6","7","irrigation_gw_diversion",18.1745909153702
"historical","gfdl-esm2m","PAK_6","8","irrigation_gw_diversion",16.5781315240683
"historical","gfdl-esm2m","PAK_6","9","irrigation_gw_diversion",12.7444440477552
"historical","gfdl-esm2m","PAK_7","1","irrigation_gw_diversion",0.520247670341918
"historical","gfdl-esm2m","PAK_7","10","irrigation_gw_diversion",1.74435026280679
"historical","gfdl-esm2m","PAK_7","11","irrigation_gw_diversion",0.833874828301283
"historical","gfdl-esm2m","PAK_7","12","irrigation_gw_diversion",0.339706912545589
"historical","gfdl-esm2m","PAK_7","2","irrigation_gw_diversion",0.701712272468642
"historical","gfdl-esm2m","PAK_7","3","irrigation_gw_diversion",1.31730614485555
"historical","gfdl-esm2m","PAK_7","4","irrigation_gw_diversion",1.67000204686875
"historical","gfdl-esm2m","PAK_7","5","irrigation_gw_diversion",2.47602767735938
"historical","gfdl-esm2m","PAK_7","6","irrigation_gw_diversion",3.07716493295137
"historical","gfdl-esm2m","PAK_7","7","irrigation_gw_diversion",3.26991265980183
"historical","gfdl-esm2m","PAK_7","8","irrigation_gw_diversion",3.34532620926548
"historical","gfdl-esm2m","PAK_7","9","irrigation_gw_diversion",2.90068076177017
"historical","gfdl-esm2m","PAK_8","1","irrigation_gw_diversion",0.141534039359997
"historical","gfdl-esm2m","PAK_8","10","irrigation_gw_diversion",0.687980791890513
"historical","gfdl-esm2m","PAK_8","11","irrigation_gw_diversion",0.327827610144376
"historical","gfdl-esm2m","PAK_8","12","irrigation_gw_diversion",0.134575554000769
"historical","gfdl-esm2m","PAK_8","2","irrigation_gw_diversion",0.16889401362484
"historical","gfdl-esm2m","PAK_8","3","irrigation_gw_diversion",0.396036481317871
"historical","gfdl-esm2m","PAK_8","4","irrigation_gw_diversion",0.788461485099292
"historical","gfdl-esm2m","PAK_8","5","irrigation_gw_diversion",1.17136066653125
"historical","gfdl-esm2m","PAK_8","6","irrigation_gw_diversion",1.57850798291445
"historical","gfdl-esm2m","PAK_8","7","irrigation_gw_diversion",1.38309594629613
"historical","gfdl-esm2m","PAK_8","8","irrigation_gw_diversion",1.35861690604821
"historical","gfdl-esm2m","PAK_8","9","irrigation_gw_diversion",1.16214769259541
"historical","gfdl-esm2m","PAK_9","1","irrigation_gw_diversion",8.19729957614172
"historical","gfdl-esm2m","PAK_9","10","irrigation_gw_diversion",14.0603544656087
"historical","gfdl-esm2m","PAK_9","11","irrigation_gw_diversion",6.91900135620421
"historical","gfdl-esm2m","PAK_9","12","irrigation_gw_diversion",3.76173967704273
"historical","gfdl-esm2m","PAK_9","2","irrigation_gw_diversion",14.8563747322152
"historical","gfdl-esm2m","PAK_9","3","irrigation_gw_diversion",22.3072090958524
"historical","gfdl-esm2m","PAK_9","4","irrigation_gw_diversion",22.1934846794828
"historical","gfdl-esm2m","PAK_9","5","irrigation_gw_diversion",23.0627513624791
"historical","gfdl-esm2m","PAK_9","6","irrigation_gw_diversion",37.8283939642379
"historical","gfdl-esm2m","PAK_9","7","irrigation_gw_diversion",40.4597290820064
"historical","gfdl-esm2m","PAK_9","8","irrigation_gw_diversion",41.5275436328235
"historical","gfdl-esm2m","PAK_9","9","irrigation_gw_diversion",30.4028362315833
"historical","hadgem2-es","AFG_1","1","irrigation_gw_diversion",0.68499417202063
"historical","hadgem2-es","AFG_1","10","irrigation_gw_diversion",0.471462823423194
"historical","hadgem2-es","AFG_1","11","irrigation_gw_diversion",0.409418658589558
"historical","hadgem2-es","AFG_1","12","irrigation_gw_diversion",0.376121401339182
"historical","hadgem2-es","AFG_1","2","irrigation_gw_diversion",0.97289068584195
"historical","hadgem2-es","AFG_1","3","irrigation_gw_diversion",1.54772189192458
"historical","hadgem2-es","AFG_1","4","irrigation_gw_diversion",1.57391463215504
"historical","hadgem2-es","AFG_1","5","irrigation_gw_diversion",1.31102547763714
"historical","hadgem2-es","AFG_1","6","irrigation_gw_diversion",1.00040949093818
"historical","hadgem2-es","AFG_1","7","irrigation_gw_diversion",1.24352136137433
"historical","hadgem2-es","AFG_1","8","irrigation_gw_diversion",1.29814550762338
"historical","hadgem2-es","AFG_1","9","irrigation_gw_diversion",0.962686721460987
"historical","hadgem2-es","AFG_2","1","irrigation_gw_diversion",0.61155091572937
"historical","hadgem2-es","AFG_2","10","irrigation_gw_diversion",0.891569863250831
"historical","hadgem2-es","AFG_2","11","irrigation_gw_diversion",0.53715553576248
"historical","hadgem2-es","AFG_2","12","irrigation_gw_diversion",0.4061333950686
"historical","hadgem2-es","AFG_2","2","irrigation_gw_diversion",0.727592260192659
"historical","hadgem2-es","AFG_2","3","irrigation_gw_diversion",1.67882000069279
"historical","hadgem2-es","AFG_2","4","irrigation_gw_diversion",2.1197033415139
"historical","hadgem2-es","AFG_2","5","irrigation_gw_diversion",2.23571331860566
"historical","hadgem2-es","AFG_2","6","irrigation_gw_diversion",2.36609019397801
"historical","hadgem2-es","AFG_2","7","irrigation_gw_diversion",3.09952755014917
"historical","hadgem2-es","AFG_2","8","irrigation_gw_diversion",3.13214434416277
"historical","hadgem2-es","AFG_2","9","irrigation_gw_diversion",2.15899775049483
"historical","hadgem2-es","CHN_1","11","irrigation_gw_diversion",0
"historical","hadgem2-es","CHN_1","12","irrigation_gw_diversion",0
"historical","hadgem2-es","CHN_1","3","irrigation_gw_diversion",0
"historical","hadgem2-es","CHN_1","4","irrigation_gw_diversion",0
"historical","hadgem2-es","CHN_1","5","irrigation_gw_diversion",0
"historical","hadgem2-es","IND_1","1","irrigation_gw_diversion",0
"historical","hadgem2-es","IND_1","10","irrigation_gw_diversion",0
"historical","hadgem2-es","IND_1","11","irrigation_gw_diversion",0
"historical","hadgem2-es","IND_1","12","irrigation_gw_diversion",0
"historical","hadgem2-es","IND_1","2","irrigation_gw_diversion",0
"historical","hadgem2-es","IND_1","3","irrigation_gw_diversion",0
"historical","hadgem2-es","IND_1","4","irrigation_gw_diversion",0
"historical","hadgem2-es","IND_1","5","irrigation_gw_diversion",0
"historical","hadgem2-es","IND_1","6","irrigation_gw_diversion",0
"historical","hadgem2-es","IND_1","7","irrigation_gw_diversion",0
"historical","hadgem2-es","IND_1","8","irrigation_gw_diversion",0
"historical","hadgem2-es","IND_1","9","irrigation_gw_diversion",0
"historical","hadgem2-es","IND_2","1","irrigation_gw_diversion",0.0110330820012704
"historical","hadgem2-es","IND_2","10","irrigation_gw_diversion",0.0423258890785934
"historical","hadgem2-es","IND_2","11","irrigation_gw_diversion",0.022544256756866
"historical","hadgem2-es","IND_2","12","irrigation_gw_diversion",0.0135511940534134
"historical","hadgem2-es","IND_2","2","irrigation_gw_diversion",0.0206660614959957
"historical","hadgem2-es","IND_2","3","irrigation_gw_diversion",0.061580638360488
"historical","hadgem2-es","IND_2","4","irrigation_gw_diversion",0.0760688766087468
"historical","hadgem2-es","IND_2","5","irrigation_gw_diversion",0.0598579793807227
"historical","hadgem2-es","IND_2","6","irrigation_gw_diversion",0.0267172586659579
"historical","hadgem2-es","IND_2","7","irrigation_gw_diversion",0.00806822416081565
"historical","hadgem2-es","IND_2","8","irrigation_gw_diversion",0.0191028851645146
"historical","hadgem2-es","IND_2","9","irrigation_gw_diversion",0.0670489345881453
"historical","hadgem2-es","IND_3","1","irrigation_gw_diversion",1.96791983556762
"historical","hadgem2-es","IND_3","10","irrigation_gw_diversion",2.80032179762279
"historical","hadgem2-es","IND_3","11","irrigation_gw_diversion",1.91963343510572
"historical","hadgem2-es","IND_3","12","irrigation_gw_diversion",1.50039414722187
"historical","hadgem2-es","IND_3","2","irrigation_gw_diversion",4.01443099293586
"historical","hadgem2-es","IND_3","3","irrigation_gw_diversion",7.79120207612223
"historical","hadgem2-es","IND_3","4","irrigation_gw_diversion",7.89407368669595
"historical","hadgem2-es","IND_3","5","irrigation_gw_diversion",6.19176265546041
"historical","hadgem2-es","IND_3","6","irrigation_gw_diversion",7.55835513954435
"historical","hadgem2-es","IND_3","7","irrigation_gw_diversion",7.12105703550714
"historical","hadgem2-es","IND_3","8","irrigation_gw_diversion",6.48816423962432
"historical","hadgem2-es","IND_3","9","irrigation_gw_diversion",6.33161452232545
"historical","hadgem2-es","IND_4","1","irrigation_gw_diversion",49.6358138647317
"historical","hadgem2-es","IND_4","10","irrigation_gw_diversion",36.7078139325063
"historical","hadgem2-es","IND_4","11","irrigation_gw_diversion",31.3463749586628
"historical","hadgem2-es","IND_4","12","irrigation_gw_diversion",27.2644424630474
"historical","hadgem2-es","IND_4","2","irrigation_gw_diversion",90.0469421612798
"historical","hadgem2-es","IND_4","3","irrigation_gw_diversion",150.994880008554
"historical","hadgem2-es","IND_4","4","irrigation_gw_diversion",146.280993913337
"historical","hadgem2-es","IND_4","5","irrigation_gw_diversion",112.304230373113
"historical","hadgem2-es","IND_4","6","irrigation_gw_diversion",86.9943893588924
"historical","hadgem2-es","IND_4","7","irrigation_gw_diversion",77.7434930142621
"historical","hadgem2-es","IND_4","8","irrigation_gw_diversion",73.750082734411
"historical","hadgem2-es","IND_4","9","irrigation_gw_diversion",66.1845462108478
"historical","hadgem2-es","IND_5","1","irrigation_gw_diversion",0
"historical","hadgem2-es","IND_5","10","irrigation_gw_diversion",0
"historical","hadgem2-es","IND_5","11","irrigation_gw_diversion",0
"historical","hadgem2-es","IND_5","12","irrigation_gw_diversion",0
"historical","hadgem2-es","IND_5","2","irrigation_gw_diversion",0
"historical","hadgem2-es","IND_5","3","irrigation_gw_diversion",0
"historical","hadgem2-es","IND_5","4","irrigation_gw_diversion",0
"historical","hadgem2-es","IND_5","5","irrigation_gw_diversion",0
"historical","hadgem2-es","IND_5","6","irrigation_gw_diversion",0
"historical","hadgem2-es","IND_5","7","irrigation_gw_diversion",0
"historical","hadgem2-es","IND_5","8","irrigation_gw_diversion",0
"historical","hadgem2-es","IND_5","9","irrigation_gw_diversion",0
"historical","hadgem2-es","IND_6","1","irrigation_gw_diversion",0
"historical","hadgem2-es","IND_6","10","irrigation_gw_diversion",0
"historical","hadgem2-es","IND_6","11","irrigation_gw_diversion",0
"historical","hadgem2-es","IND_6","12","irrigation_gw_diversion",0
"historical","hadgem2-es","IND_6","2","irrigation_gw_diversion",0
"historical","hadgem2-es","IND_6","3","irrigation_gw_diversion",0
"historical","hadgem2-es","IND_6","4","irrigation_gw_diversion",0
"historical","hadgem2-es","IND_6","5","irrigation_gw_diversion",0
"historical","hadgem2-es","IND_6","6","irrigation_gw_diversion",0
"historical","hadgem2-es","IND_6","7","irrigation_gw_diversion",0
"historical","hadgem2-es","IND_6","8","irrigation_gw_diversion",0
"historical","hadgem2-es","IND_6","9","irrigation_gw_diversion",0
"historical","hadgem2-es","PAK_1","1","irrigation_gw_diversion",1.25473408002184
"historical","hadgem2-es","PAK_1","10","irrigation_gw_diversion",1.11135462272729
"historical","hadgem2-es","PAK_1","11","irrigation_gw_diversion",0.810593040087767
"historical","hadgem2-es","PAK_1","12","irrigation_gw_diversion",0.610427842683395
"historical","hadgem2-es","PAK_1","2","irrigation_gw_diversion",1.92382438101343
"historical","hadgem2-es","PAK_1","3","irrigation_gw_diversion",3.60996106657333
"historical","hadgem2-es","PAK_1","4","irrigation_gw_diversion",3.79408906574258
"historical","hadgem2-es","PAK_1","5","irrigation_gw_diversion",3.58983450529394
"historical","hadgem2-es","PAK_1","6","irrigation_gw_diversion",3.41997493696382
"historical","hadgem2-es","PAK_1","7","irrigation_gw_diversion",3.78803305096996
"historical","hadgem2-es","PAK_1","8","irrigation_gw_diversion",3.18887338096302
"historical","hadgem2-es","PAK_1","9","irrigation_gw_diversion",2.36906028314877
"historical","hadgem2-es","PAK_10","1","irrigation_gw_diversion",16.9282734288513
"historical","hadgem2-es","PAK_10","10","irrigation_gw_diversion",12.892116573577
"historical","hadgem2-es","PAK_10","11","irrigation_gw_diversion",9.58955467512521
"historical","hadgem2-es","PAK_10","12","irrigation_gw_diversion",7.59775929701329
"historical","hadgem2-es","PAK_10","2","irrigation_gw_diversion",30.870666065126
"historical","hadgem2-es","PAK_10","3","irrigation_gw_diversion",40.5246324667205
"historical","hadgem2-es","PAK_10","4","irrigation_gw_diversion",35.4633278226424
"historical","hadgem2-es","PAK_10","5","irrigation_gw_diversion",31.9176860054166
"historical","hadgem2-es","PAK_10","6","irrigation_gw_diversion",36.5949584210353
"historical","hadgem2-es","PAK_10","7","irrigation_gw_diversion",47.5587485101204
"historical","hadgem2-es","PAK_10","8","irrigation_gw_diversion",45.9092799691175
"historical","hadgem2-es","PAK_10","9","irrigation_gw_diversion",30.4068913723169
"historical","hadgem2-es","PAK_11","1","irrigation_gw_diversion",0
"historical","hadgem2-es","PAK_11","10","irrigation_gw_diversion",0
"historical","hadgem2-es","PAK_11","11","irrigation_gw_diversion",0
"historical","hadgem2-es","PAK_11","12","irrigation_gw_diversion",0
"historical","hadgem2-es","PAK_11","2","irrigation_gw_diversion",0
"historical","hadgem2-es","PAK_11","3","irrigation_gw_diversion",0
"historical","hadgem2-es","PAK_11","4","irrigation_gw_diversion",0
"historical","hadgem2-es","PAK_11","5","irrigation_gw_diversion",0
"historical","hadgem2-es","PAK_11","6","irrigation_gw_diversion",0
"historical","hadgem2-es","PAK_11","7","irrigation_gw_diversion",0
"historical","hadgem2-es","PAK_11","8","irrigation_gw_diversion",0
"historical","hadgem2-es","PAK_11","9","irrigation_gw_diversion",0
"historical","hadgem2-es","PAK_12","1","irrigation_gw_diversion",0.319861058842386
"historical","hadgem2-es","PAK_12","10","irrigation_gw_diversion",0.313318490975711
"historical","hadgem2-es","PAK_12","11","irrigation_gw_diversion",0.21929326072773
"historical","hadgem2-es","PAK_12","12","irrigation_gw_diversion",0.159480257775494
"historical","hadgem2-es","PAK_12","2","irrigation_gw_diversion",0.479901620796458
"historical","hadgem2-es","PAK_12","3","irrigation_gw_diversion",0.704710588601519
"historical","hadgem2-es","PAK_12","4","irrigation_gw_diversion",0.68141810778334
"historical","hadgem2-es","PAK_12","5","irrigation_gw_diversion",0.686883522957481
"historical","hadgem2-es","PAK_12","6","irrigation_gw_diversion",0.763682051745387
"historical","hadgem2-es","PAK_12","7","irrigation_gw_diversion",0.90084392468364
"historical","hadgem2-es","PAK_12","8","irrigation_gw_diversion",0.824877249824655
"historical","hadgem2-es","PAK_12","9","irrigation_gw_diversion",0.595884351001603
"historical","hadgem2-es","PAK_2","1","irrigation_gw_diversion",4.08427212974753
"historical","hadgem2-es","PAK_2","10","irrigation_gw_diversion",4.32814257583048
"historical","hadgem2-es","PAK_2","11","irrigation_gw_diversion",2.5499259767061
"historical","hadgem2-es","PAK_2","12","irrigation_gw_diversion",1.90266916214542
"historical","hadgem2-es","PAK_2","2","irrigation_gw_diversion",7.02042096571483
"historical","hadgem2-es","PAK_2","3","irrigation_gw_diversion",11.4940193859031
"historical","hadgem2-es","PAK_2","4","irrigation_gw_diversion",11.5295311619907
"historical","hadgem2-es","PAK_2","5","irrigation_gw_diversion",10.79282944891
"historical","hadgem2-es","PAK_2","6","irrigation_gw_diversion",13.3961225406411
"historical","hadgem2-es","PAK_2","7","irrigation_gw_diversion",15.3279371591166
"historical","hadgem2-es","PAK_2","8","irrigation_gw_diversion",13.3500378315691
"historical","hadgem2-es","PAK_2","9","irrigation_gw_diversion",9.8920199905641
"historical","hadgem2-es","PAK_3","1","irrigation_gw_diversion",3.39039452465343
"historical","hadgem2-es","PAK_3","10","irrigation_gw_diversion",3.17516192818497
"historical","hadgem2-es","PAK_3","11","irrigation_gw_diversion",1.95249387573626
"historical","hadgem2-es","PAK_3","12","irrigation_gw_diversion",1.5077062225344
"historical","hadgem2-es","PAK_3","2","irrigation_gw_diversion",5.90819573053822
"historical","hadgem2-es","PAK_3","3","irrigation_gw_diversion",8.24409296707888
"historical","hadgem2-es","PAK_3","4","irrigation_gw_diversion",7.47474129653328
"historical","hadgem2-es","PAK_3","5","irrigation_gw_diversion",6.68734944307121
"historical","hadgem2-es","PAK_3","6","irrigation_gw_diversion",8.10665480508653
"historical","hadgem2-es","PAK_3","7","irrigation_gw_diversion",10.7483778512243
"historical","hadgem2-es","PAK_3","8","irrigation_gw_diversion",10.7036768658776
"historical","hadgem2-es","PAK_3","9","irrigation_gw_diversion",7.20234778583751
"historical","hadgem2-es","PAK_4","1","irrigation_gw_diversion",5.55424623673598
"historical","hadgem2-es","PAK_4","10","irrigation_gw_diversion",3.82322458384548
"historical","hadgem2-es","PAK_4","11","irrigation_gw_diversion",2.98909448721424
"historical","hadgem2-es","PAK_4","12","irrigation_gw_diversion",2.92379344354702
"historical","hadgem2-es","PAK_4","2","irrigation_gw_diversion",8.11239897985095
"historical","hadgem2-es","PAK_4","3","irrigation_gw_diversion",10.5229398009066
"historical","hadgem2-es","PAK_4","4","irrigation_gw_diversion",9.43979931627227
"historical","hadgem2-es","PAK_4","5","irrigation_gw_diversion",7.77941105171634
"historical","hadgem2-es","PAK_4","6","irrigation_gw_diversion",9.42680606101668
"historical","hadgem2-es","PAK_4","7","irrigation_gw_diversion",11.7921216921358
"historical","hadgem2-es","PAK_4","8","irrigation_gw_diversion",11.3908816259273
"historical","hadgem2-es","PAK_4","9","irrigation_gw_diversion",7.95514924169169
"historical","hadgem2-es","PAK_5","1","irrigation_gw_diversion",7.6098124946283
"historical","hadgem2-es","PAK_5","10","irrigation_gw_diversion",5.97909199611733
"historical","hadgem2-es","PAK_5","11","irrigation_gw_diversion",4.72865716879094
"historical","hadgem2-es","PAK_5","12","irrigation_gw_diversion",3.94468961343105
"historical","hadgem2-es","PAK_5","2","irrigation_gw_diversion",12.5696776997983
"historical","hadgem2-es","PAK_5","3","irrigation_gw_diversion",15.2216681947186
"historical","hadgem2-es","PAK_5","4","irrigation_gw_diversion",14.7261102861244
"historical","hadgem2-es","PAK_5","5","irrigation_gw_diversion",13.4077533529967
"historical","hadgem2-es","PAK_5","6","irrigation_gw_diversion",14.2556119507037
"historical","hadgem2-es","PAK_5","7","irrigation_gw_diversion",15.6097393241116
"historical","hadgem2-es","PAK_5","8","irrigation_gw_diversion",15.063055843937
"historical","hadgem2-es","PAK_5","9","irrigation_gw_diversion",11.5122555898356
"historical","hadgem2-es","PAK_6","1","irrigation_gw_diversion",9.49131986762107
"historical","hadgem2-es","PAK_6","10","irrigation_gw_diversion",5.1162808277065
"historical","hadgem2-es","PAK_6","11","irrigation_gw_diversion",5.19542991383168
"historical","hadgem2-es","PAK_6","12","irrigation_gw_diversion",4.89717611661454
"historical","hadgem2-es","PAK_6","2","irrigation_gw_diversion",14.5831909229771
"historical","hadgem2-es","PAK_6","3","irrigation_gw_diversion",18.5639646405924
"historical","hadgem2-es","PAK_6","4","irrigation_gw_diversion",16.8083360448087
"historical","hadgem2-es","PAK_6","5","irrigation_gw_diversion",13.9652130042282
"historical","hadgem2-es","PAK_6","6","irrigation_gw_diversion",12.5762755578434
"historical","hadgem2-es","PAK_6","7","irrigation_gw_diversion",13.7639157583682
"historical","hadgem2-es","PAK_6","8","irrigation_gw_diversion",12.8202920596978
"historical","hadgem2-es","PAK_6","9","irrigation_gw_diversion",9.49876100683789
"historical","hadgem2-es","PAK_7","1","irrigation_gw_diversion",0.651658743467336
"historical","hadgem2-es","PAK_7","10","irrigation_gw_diversion",1.65042378327735
"historical","hadgem2-es","PAK_7","11","irrigation_gw_diversion",0.832170970880285
"historical","hadgem2-es","PAK_7","12","irrigation_gw_diversion",0.386646450422741
"historical","hadgem2-es","PAK_7","2","irrigation_gw_diversion",0.629945497920658
"historical","hadgem2-es","PAK_7","3","irrigation_gw_diversion",1.42363562617691
"historical","hadgem2-es","PAK_7","4","irrigation_gw_diversion",1.95130543584061
"historical","hadgem2-es","PAK_7","5","irrigation_gw_diversion",2.66812140449688
"historical","hadgem2-es","PAK_7","6","irrigation_gw_diversion",3.15140111608574
"historical","hadgem2-es","PAK_7","7","irrigation_gw_diversion",3.54522440393377
"historical","hadgem2-es","PAK_7","8","irrigation_gw_diversion",3.58901132734815
"historical","hadgem2-es","PAK_7","9","irrigation_gw_diversion",3.00865419605495
"historical","hadgem2-es","PAK_8","1","irrigation_gw_diversion",0.153699338228053
"historical","hadgem2-es","PAK_8","10","irrigation_gw_diversion",0.674980355789165
"historical","hadgem2-es","PAK_8","11","irrigation_gw_diversion",0.34529621157208
"historical","hadgem2-es","PAK_8","12","irrigation_gw_diversion",0.153057339889738
"historical","hadgem2-es","PAK_8","2","irrigation_gw_diversion",0.123888546932674
"historical","hadgem2-es","PAK_8","3","irrigation_gw_diversion",0.387735843671984
"historical","hadgem2-es","PAK_8","4","irrigation_gw_diversion",0.869957068464874
"historical","hadgem2-es","PAK_8","5","irrigation_gw_diversion",1.25140654753036
"historical","hadgem2-es","PAK_8","6","irrigation_gw_diversion",1.62702171310451
"historical","hadgem2-es","PAK_8","7","irrigation_gw_diversion",1.47429813997936
"historical","hadgem2-es","PAK_8","8","irrigation_gw_diversion",1.36616535622319
"historical","hadgem2-es","PAK_8","9","irrigation_gw_diversion",1.21854223092283
"historical","hadgem2-es","PAK_9","1","irrigation_gw_diversion",7.93533106364982
"historical","hadgem2-es","PAK_9","10","irrigation_gw_diversion",13.4413583681362
"historical","hadgem2-es","PAK_9","11","irrigation_gw_diversion",6.40630131080518
"historical","hadgem2-es","PAK_9","12","irrigation_gw_diversion",3.66408047049454
"historical","hadgem2-es","PAK_9","2","irrigation_gw_diversion",14.2317957169077
"historical","hadgem2-es","PAK_9","3","irrigation_gw_diversion",22.4440846648343
"historical","hadgem2-es","PAK_9","4","irrigation_gw_diversion",21.8746626610192
"historical","hadgem2-es","PAK_9","5","irrigation_gw_diversion",23.1806131741985
"historical","hadgem2-es","PAK_9","6","irrigation_gw_diversion",38.921543938524
"historical","hadgem2-es","PAK_9","7","irrigation_gw_diversion",48.049752860106
"historical","hadgem2-es","PAK_9","8","irrigation_gw_diversion",44.3954006148492
"historical","hadgem2-es","PAK_9","9","irrigation_gw_diversion",31.7869133165101
"historical","ipsl-cm5a-lr","AFG_1","1","irrigation_gw_diversion",0.641859201674
"historical","ipsl-cm5a-lr","AFG_1","10","irrigation_gw_diversion",0.454821025455288
"historical","ipsl-cm5a-lr","AFG_1","11","irrigation_gw_diversion",0.357308892550329
"historical","ipsl-cm5a-lr","AFG_1","12","irrigation_gw_diversion",0.344928070985452
"historical","ipsl-cm5a-lr","AFG_1","2","irrigation_gw_diversion",0.88586595946434
"historical","ipsl-cm5a-lr","AFG_1","3","irrigation_gw_diversion",1.52894294798088
"historical","ipsl-cm5a-lr","AFG_1","4","irrigation_gw_diversion",1.53127888550774
"historical","ipsl-cm5a-lr","AFG_1","5","irrigation_gw_diversion",1.24363589655061
"historical","ipsl-cm5a-lr","AFG_1","6","irrigation_gw_diversion",1.00104169435432
"historical","ipsl-cm5a-lr","AFG_1","7","irrigation_gw_diversion",1.24484412158974
"historical","ipsl-cm5a-lr","AFG_1","8","irrigation_gw_diversion",1.29994814743196
"historical","ipsl-cm5a-lr","AFG_1","9","irrigation_gw_diversion",0.934167279567078
"historical","ipsl-cm5a-lr","AFG_2","1","irrigation_gw_diversion",0.628927559165117
"historical","ipsl-cm5a-lr","AFG_2","10","irrigation_gw_diversion",0.840810364142354
"historical","ipsl-cm5a-lr","AFG_2","11","irrigation_gw_diversion",0.462401369863349
"historical","ipsl-cm5a-lr","AFG_2","12","irrigation_gw_diversion",0.438562707175998
"historical","ipsl-cm5a-lr","AFG_2","2","irrigation_gw_diversion",0.804675246752432
"historical","ipsl-cm5a-lr","AFG_2","3","irrigation_gw_diversion",1.86648002595507
"historical","ipsl-cm5a-lr","AFG_2","4","irrigation_gw_diversion",2.10388033740055
"historical","ipsl-cm5a-lr","AFG_2","5","irrigation_gw_diversion",2.42703381502902
"historical","ipsl-cm5a-lr","AFG_2","6","irrigation_gw_diversion",2.31264729456135
"historical","ipsl-cm5a-lr","AFG_2","7","irrigation_gw_diversion",3.03883686314341
"historical","ipsl-cm5a-lr","AFG_2","8","irrigation_gw_diversion",3.01927106635331
"historical","ipsl-cm5a-lr","AFG_2","9","irrigation_gw_diversion",2.01979525205292
"historical","ipsl-cm5a-lr","CHN_1","11","irrigation_gw_diversion",0
"historical","ipsl-cm5a-lr","CHN_1","12","irrigation_gw_diversion",0
"historical","ipsl-cm5a-lr","CHN_1","3","irrigation_gw_diversion",0
"historical","ipsl-cm5a-lr","CHN_1","4","irrigation_gw_diversion",0
"historical","ipsl-cm5a-lr","CHN_1","5","irrigation_gw_diversion",0
"historical","ipsl-cm5a-lr","IND_1","1","irrigation_gw_diversion",0
"historical","ipsl-cm5a-lr","IND_1","10","irrigation_gw_diversion",0
"historical","ipsl-cm5a-lr","IND_1","11","irrigation_gw_diversion",0
"historical","ipsl-cm5a-lr","IND_1","12","irrigation_gw_diversion",0
"historical","ipsl-cm5a-lr","IND_1","2","irrigation_gw_diversion",0
"historical","ipsl-cm5a-lr","IND_1","3","irrigation_gw_diversion",0
"historical","ipsl-cm5a-lr","IND_1","4","irrigation_gw_diversion",0
"historical","ipsl-cm5a-lr","IND_1","5","irrigation_gw_diversion",0
"historical","ipsl-cm5a-lr","IND_1","6","irrigation_gw_diversion",0
"historical","ipsl-cm5a-lr","IND_1","7","irrigation_gw_diversion",0
"historical","ipsl-cm5a-lr","IND_1","8","irrigation_gw_diversion",0
"historical","ipsl-cm5a-lr","IND_1","9","irrigation_gw_diversion",0
"historical","ipsl-cm5a-lr","IND_2","1","irrigation_gw_diversion",0.0126018567661625
"historical","ipsl-cm5a-lr","IND_2","10","irrigation_gw_diversion",0.0392346573293268
"historical","ipsl-cm5a-lr","IND_2","11","irrigation_gw_diversion",0.0202116533808933
"historical","ipsl-cm5a-lr","IND_2","12","irrigation_gw_diversion",0.0105938672078529
"historical","ipsl-cm5a-lr","IND_2","2","irrigation_gw_diversion",0.0221329711003979
"historical","ipsl-cm5a-lr","IND_2","3","irrigation_gw_diversion",0.0594583988067517
"historical","ipsl-cm5a-lr","IND_2","4","irrigation_gw_diversion",0.0722180660181692
"historical","ipsl-cm5a-lr","IND_2","5","irrigation_gw_diversion",0.0560011385795685
"historical","ipsl-cm5a-lr","IND_2","6","irrigation_gw_diversion",0.0271382724826103
"historical","ipsl-cm5a-lr","IND_2","7","irrigation_gw_diversion",0.0250259710907442
"historical","ipsl-cm5a-lr","IND_2","8","irrigation_gw_diversion",0.0351856725021323
"historical","ipsl-cm5a-lr","IND_2","9","irrigation_gw_diversion",0.062121173508005
"historical","ipsl-cm5a-lr","IND_3","1","irrigation_gw_diversion",1.82423278691058
"historical","ipsl-cm5a-lr","IND_3","10","irrigation_gw_diversion",2.81416934423596
"historical","ipsl-cm5a-lr","IND_3","11","irrigation_gw_diversion",1.71092756467712
"historical","ipsl-cm5a-lr","IND_3","12","irrigation_gw_diversion",1.20259030524181
"historical","ipsl-cm5a-lr","IND_3","2","irrigation_gw_diversion",3.6622091005777
"historical","ipsl-cm5a-lr","IND_3","3","irrigation_gw_diversion",6.31159324239991
"historical","ipsl-cm5a-lr","IND_3","4","irrigation_gw_diversion",6.51514658382358
"historical","ipsl-cm5a-lr","IND_3","5","irrigation_gw_diversion",5.29311958868313
"historical","ipsl-cm5a-lr","IND_3","6","irrigation_gw_diversion",8.23588830176541
"historical","ipsl-cm5a-lr","IND_3","7","irrigation_gw_diversion",9.82380534809167
"historical","ipsl-cm5a-lr","IND_3","8","irrigation_gw_diversion",8.14431627509038
"historical","ipsl-cm5a-lr","IND_3","9","irrigation_gw_diversion",5.96568282596177
"historical","ipsl-cm5a-lr","IND_4","1","irrigation_gw_diversion",50.2911292542652
"historical","ipsl-cm5a-lr","IND_4","10","irrigation_gw_diversion",34.94100700545
"historical","ipsl-cm5a-lr","IND_4","11","irrigation_gw_diversion",32.6467872634864
"historical","ipsl-cm5a-lr","IND_4","12","irrigation_gw_diversion",27.3094864851093
"historical","ipsl-cm5a-lr","IND_4","2","irrigation_gw_diversion",89.1137308145699
"historical","ipsl-cm5a-lr","IND_4","3","irrigation_gw_diversion",149.788964871255
"historical","ipsl-cm5a-lr","IND_4","4","irrigation_gw_diversion",147.723382167325
"historical","ipsl-cm5a-lr","IND_4","5","irrigation_gw_diversion",109.87705258209
"historical","ipsl-cm5a-lr","IND_4","6","irrigation_gw_diversion",85.6408125983525
"historical","ipsl-cm5a-lr","IND_4","7","irrigation_gw_diversion",91.6164123853284
"historical","ipsl-cm5a-lr","IND_4","8","irrigation_gw_diversion",73.1056918725503
"historical","ipsl-cm5a-lr","IND_4","9","irrigation_gw_diversion",56.8530320019013
"historical","ipsl-cm5a-lr","IND_5","1","irrigation_gw_diversion",0
"historical","ipsl-cm5a-lr","IND_5","10","irrigation_gw_diversion",0
"historical","ipsl-cm5a-lr","IND_5","11","irrigation_gw_diversion",0
"historical","ipsl-cm5a-lr","IND_5","12","irrigation_gw_diversion",0
"historical","ipsl-cm5a-lr","IND_5","2","irrigation_gw_diversion",0
"historical","ipsl-cm5a-lr","IND_5","3","irrigation_gw_diversion",0
"historical","ipsl-cm5a-lr","IND_5","4","irrigation_gw_diversion",0
"historical","ipsl-cm5a-lr","IND_5","5","irrigation_gw_diversion",0
"historical","ipsl-cm5a-lr","IND_5","6","irrigation_gw_diversion",0
"historical","ipsl-cm5a-lr","IND_5","7","irrigation_gw_diversion",0
"historical","ipsl-cm5a-lr","IND_5","8","irrigation_gw_diversion",0
"historical","ipsl-cm5a-lr","IND_5","9","irrigation_gw_diversion",0
"historical","ipsl-cm5a-lr","IND_6","1","irrigation_gw_diversion",0
"historical","ipsl-cm5a-lr","IND_6","10","irrigation_gw_diversion",0
"historical","ipsl-cm5a-lr","IND_6","11","irrigation_gw_diversion",0
"historical","ipsl-cm5a-lr","IND_6","12","irrigation_gw_diversion",0
"historical","ipsl-cm5a-lr","IND_6","2","irrigation_gw_diversion",0
"historical","ipsl-cm5a-lr","IND_6","3","irrigation_gw_diversion",0
"historical","ipsl-cm5a-lr","IND_6","4","irrigation_gw_diversion",0
"historical","ipsl-cm5a-lr","IND_6","5","irrigation_gw_diversion",0
"historical","ipsl-cm5a-lr","IND_6","6","irrigation_gw_diversion",0
"historical","ipsl-cm5a-lr","IND_6","7","irrigation_gw_diversion",0
"historical","ipsl-cm5a-lr","IND_6","8","irrigation_gw_diversion",0
"historical","ipsl-cm5a-lr","IND_6","9","irrigation_gw_diversion",0
"historical","ipsl-cm5a-lr","PAK_1","1","irrigation_gw_diversion",1.17097849112553
"historical","ipsl-cm5a-lr","PAK_1","10","irrigation_gw_diversion",1.06327476125739
"historical","ipsl-cm5a-lr","PAK_1","11","irrigation_gw_diversion",0.799226469470694
"historical","ipsl-cm5a-lr","PAK_1","12","irrigation_gw_diversion",0.5952144558042
"historical","ipsl-cm5a-lr","PAK_1","2","irrigation_gw_diversion",1.99981353347905
"historical","ipsl-cm5a-lr","PAK_1","3","irrigation_gw_diversion",3.57894289670564
"historical","ipsl-cm5a-lr","PAK_1","4","irrigation_gw_diversion",3.71571963546548
"historical","ipsl-cm5a-lr","PAK_1","5","irrigation_gw_diversion",3.49138690900969
"historical","ipsl-cm5a-lr","PAK_1","6","irrigation_gw_diversion",3.53487190560886
"historical","ipsl-cm5a-lr","PAK_1","7","irrigation_gw_diversion",4.20213829587049
"historical","ipsl-cm5a-lr","PAK_1","8","irrigation_gw_diversion",3.45819084662636
"historical","ipsl-cm5a-lr","PAK_1","9","irrigation_gw_diversion",2.21564498036011
"historical","ipsl-cm5a-lr","PAK_10","1","irrigation_gw_diversion",17.7093092107065
"historical","ipsl-cm5a-lr","PAK_10","10","irrigation_gw_diversion",14.4600772260358
"historical","ipsl-cm5a-lr","PAK_10","11","irrigation_gw_diversion",10.8609752662339
"historical","ipsl-cm5a-lr","PAK_10","12","irrigation_gw_diversion",8.58996390862057
"historical","ipsl-cm5a-lr","PAK_10","2","irrigation_gw_diversion",32.4952086649724
"historical","ipsl-cm5a-lr","PAK_10","3","irrigation_gw_diversion",41.9656699257311
"historical","ipsl-cm5a-lr","PAK_10","4","irrigation_gw_diversion",36.9937861181711
"historical","ipsl-cm5a-lr","PAK_10","5","irrigation_gw_diversion",31.357960851388
"historical","ipsl-cm5a-lr","PAK_10","6","irrigation_gw_diversion",35.8840149760256
"historical","ipsl-cm5a-lr","PAK_10","7","irrigation_gw_diversion",44.8858142054912
"historical","ipsl-cm5a-lr","PAK_10","8","irrigation_gw_diversion",41.608833109655
"historical","ipsl-cm5a-lr","PAK_10","9","irrigation_gw_diversion",29.6422795777941
"historical","ipsl-cm5a-lr","PAK_11","1","irrigation_gw_diversion",0
"historical","ipsl-cm5a-lr","PAK_11","10","irrigation_gw_diversion",0
"historical","ipsl-cm5a-lr","PAK_11","11","irrigation_gw_diversion",0
"historical","ipsl-cm5a-lr","PAK_11","12","irrigation_gw_diversion",0
"historical","ipsl-cm5a-lr","PAK_11","2","irrigation_gw_diversion",0
"historical","ipsl-cm5a-lr","PAK_11","3","irrigation_gw_diversion",0
"historical","ipsl-cm5a-lr","PAK_11","4","irrigation_gw_diversion",0
"historical","ipsl-cm5a-lr","PAK_11","5","irrigation_gw_diversion",0
"historical","ipsl-cm5a-lr","PAK_11","6","irrigation_gw_diversion",0
"historical","ipsl-cm5a-lr","PAK_11","7","irrigation_gw_diversion",0
"historical","ipsl-cm5a-lr","PAK_11","8","irrigation_gw_diversion",0
"historical","ipsl-cm5a-lr","PAK_11","9","irrigation_gw_diversion",0
"historical","ipsl-cm5a-lr","PAK_12","1","irrigation_gw_diversion",0.30964309396573
"historical","ipsl-cm5a-lr","PAK_12","10","irrigation_gw_diversion",0.313901041165666
"historical","ipsl-cm5a-lr","PAK_12","11","irrigation_gw_diversion",0.213277430319043
"historical","ipsl-cm5a-lr","PAK_12","12","irrigation_gw_diversion",0.153803348556422
"historical","ipsl-cm5a-lr","PAK_12","2","irrigation_gw_diversion",0.476521745211135
"historical","ipsl-cm5a-lr","PAK_12","3","irrigation_gw_diversion",0.700279575826787
"historical","ipsl-cm5a-lr","PAK_12","4","irrigation_gw_diversion",0.680210018469696
"historical","ipsl-cm5a-lr","PAK_12","5","irrigation_gw_diversion",0.66816125034054
"historical","ipsl-cm5a-lr","PAK_12","6","irrigation_gw_diversion",0.768586895324402
"historical","ipsl-cm5a-lr","PAK_12","7","irrigation_gw_diversion",0.933762472171213
"historical","ipsl-cm5a-lr","PAK_12","8","irrigation_gw_diversion",0.841882392842912
"historical","ipsl-cm5a-lr","PAK_12","9","irrigation_gw_diversion",0.576116787518482
"historical","ipsl-cm5a-lr","PAK_2","1","irrigation_gw_diversion",3.92722612458216
"historical","ipsl-cm5a-lr","PAK_2","10","irrigation_gw_diversion",4.31836319855051
"historical","ipsl-cm5a-lr","PAK_2","11","irrigation_gw_diversion",2.63008211782218
"historical","ipsl-cm5a-lr","PAK_2","12","irrigation_gw_diversion",1.98380365176198
"historical","ipsl-cm5a-lr","PAK_2","2","irrigation_gw_diversion",7.04735569612109
"historical","ipsl-cm5a-lr","PAK_2","3","irrigation_gw_diversion",11.602383596028
"historical","ipsl-cm5a-lr","PAK_2","4","irrigation_gw_diversion",11.8729265680366
"historical","ipsl-cm5a-lr","PAK_2","5","irrigation_gw_diversion",10.9170351244847
"historical","ipsl-cm5a-lr","PAK_2","6","irrigation_gw_diversion",13.9386196879944
"historical","ipsl-cm5a-lr","PAK_2","7","irrigation_gw_diversion",16.6136715636518
"historical","ipsl-cm5a-lr","PAK_2","8","irrigation_gw_diversion",13.6647114406559
"historical","ipsl-cm5a-lr","PAK_2","9","irrigation_gw_diversion",9.01117172165299
"historical","ipsl-cm5a-lr","PAK_3","1","irrigation_gw_diversion",3.37322510923878
"historical","ipsl-cm5a-lr","PAK_3","10","irrigation_gw_diversion",3.35378476038641
"historical","ipsl-cm5a-lr","PAK_3","11","irrigation_gw_diversion",2.0446583162981
"historical","ipsl-cm5a-lr","PAK_3","12","irrigation_gw_diversion",1.58618883331847
"historical","ipsl-cm5a-lr","PAK_3","2","irrigation_gw_diversion",5.95157027561827
"historical","ipsl-cm5a-lr","PAK_3","3","irrigation_gw_diversion",8.30302064065056
"historical","ipsl-cm5a-lr","PAK_3","4","irrigation_gw_diversion",7.66549716056162
"historical","ipsl-cm5a-lr","PAK_3","5","irrigation_gw_diversion",6.63506745297255
"historical","ipsl-cm5a-lr","PAK_3","6","irrigation_gw_diversion",8.19427102583915
"historical","ipsl-cm5a-lr","PAK_3","7","irrigation_gw_diversion",10.6337151385658
"historical","ipsl-cm5a-lr","PAK_3","8","irrigation_gw_diversion",10.0344034855171
"historical","ipsl-cm5a-lr","PAK_3","9","irrigation_gw_diversion",6.89216211268989
"historical","ipsl-cm5a-lr","PAK_4","1","irrigation_gw_diversion",5.51515003530639
"historical","ipsl-cm5a-lr","PAK_4","10","irrigation_gw_diversion",3.9897955700696
"historical","ipsl-cm5a-lr","PAK_4","11","irrigation_gw_diversion",2.99851329626693
"historical","ipsl-cm5a-lr","PAK_4","12","irrigation_gw_diversion",2.9887834022125
"historical","ipsl-cm5a-lr","PAK_4","2","irrigation_gw_diversion",7.8071325897381
"historical","ipsl-cm5a-lr","PAK_4","3","irrigation_gw_diversion",10.2137815189202
"historical","ipsl-cm5a-lr","PAK_4","4","irrigation_gw_diversion",9.56780275551924
"historical","ipsl-cm5a-lr","PAK_4","5","irrigation_gw_diversion",7.71044562184421
"historical","ipsl-cm5a-lr","PAK_4","6","irrigation_gw_diversion",9.56895116284372
"historical","ipsl-cm5a-lr","PAK_4","7","irrigation_gw_diversion",12.6882743422914
"historical","ipsl-cm5a-lr","PAK_4","8","irrigation_gw_diversion",11.0198816629252
"historical","ipsl-cm5a-lr","PAK_4","9","irrigation_gw_diversion",7.60968701295693
"historical","ipsl-cm5a-lr","PAK_5","1","irrigation_gw_diversion",7.82027551632909
"historical","ipsl-cm5a-lr","PAK_5","10","irrigation_gw_diversion",6.13973353813382
"historical","ipsl-cm5a-lr","PAK_5","11","irrigation_gw_diversion",4.90342613812048
"historical","ipsl-cm5a-lr","PAK_5","12","irrigation_gw_diversion",4.21936128875743
"historical","ipsl-cm5a-lr","PAK_5","2","irrigation_gw_diversion",12.7363998104217
"historical","ipsl-cm5a-lr","PAK_5","3","irrigation_gw_diversion",15.5329425687123
"historical","ipsl-cm5a-lr","PAK_5","4","irrigation_gw_diversion",15.082216817462
"historical","ipsl-cm5a-lr","PAK_5","5","irrigation_gw_diversion",13.1557610065013
"historical","ipsl-cm5a-lr","PAK_5","6","irrigation_gw_diversion",13.9368516144311
"historical","ipsl-cm5a-lr","PAK_5","7","irrigation_gw_diversion",15.6254680970175
"historical","ipsl-cm5a-lr","PAK_5","8","irrigation_gw_diversion",14.3484634508387
"historical","ipsl-cm5a-lr","PAK_5","9","irrigation_gw_diversion",11.1381319876312
"historical","ipsl-cm5a-lr","PAK_6","1","irrigation_gw_diversion",5.37926808823991
"historical","ipsl-cm5a-lr","PAK_6","10","irrigation_gw_diversion",7.65763898360854
"historical","ipsl-cm5a-lr","PAK_6","11","irrigation_gw_diversion",5.66024591583185
"historical","ipsl-cm5a-lr","PAK_6","12","irrigation_gw_diversion",3.94317226979321
"historical","ipsl-cm5a-lr","PAK_6","2","irrigation_gw_diversion",9.24383046342779
"historical","ipsl-cm5a-lr","PAK_6","3","irrigation_gw_diversion",11.3029193198571
"historical","ipsl-cm5a-lr","PAK_6","4","irrigation_gw_diversion",14.2681509218457
"historical","ipsl-cm5a-lr","PAK_6","5","irrigation_gw_diversion",14.7521979576226
"historical","ipsl-cm5a-lr","PAK_6","6","irrigation_gw_diversion",17.615121414988
"historical","ipsl-cm5a-lr","PAK_6","7","irrigation_gw_diversion",18.8061283850502
"historical","ipsl-cm5a-lr","PAK_6","8","irrigation_gw_diversion",16.1365872338103
"historical","ipsl-cm5a-lr","PAK_6","9","irrigation_gw_diversion",12.1802790709771
"historical","ipsl-cm5a-lr","PAK_7","1","irrigation_gw_diversion",0.547359384044373
"historical","ipsl-cm5a-lr","PAK_7","10","irrigation_gw_diversion",1.55045190354493
"historical","ipsl-cm5a-lr","PAK_7","11","irrigation_gw_diversion",0.583627264453866
"historical","ipsl-cm5a-lr","PAK_7","12","irrigation_gw_diversion",0.349770498075789
"historical","ipsl-cm5a-lr","PAK_7","2","irrigation_gw_diversion",0.70304463842959
"historical","ipsl-cm5a-lr","PAK_7","3","irrigation_gw_diversion",1.36896332607173
"historical","ipsl-cm5a-lr","PAK_7","4","irrigation_gw_diversion",1.76553359515258
"historical","ipsl-cm5a-lr","PAK_7","5","irrigation_gw_diversion",2.50916199684906
"historical","ipsl-cm5a-lr","PAK_7","6","irrigation_gw_diversion",3.08437082768286
"historical","ipsl-cm5a-lr","PAK_7","7","irrigation_gw_diversion",3.66111994401582
"historical","ipsl-cm5a-lr","PAK_7","8","irrigation_gw_diversion",3.53404178167376
"historical","ipsl-cm5a-lr","PAK_7","9","irrigation_gw_diversion",2.73950799993356
"historical","ipsl-cm5a-lr","PAK_8","1","irrigation_gw_diversion",0.134066782672396
"historical","ipsl-cm5a-lr","PAK_8","10","irrigation_gw_diversion",0.618985087859556
"historical","ipsl-cm5a-lr","PAK_8","11","irrigation_gw_diversion",0.28770404416024
"historical","ipsl-cm5a-lr","PAK_8","12","irrigation_gw_diversion",0.141245077825983
"historical","ipsl-cm5a-lr","PAK_8","2","irrigation_gw_diversion",0.169339694090678
"historical","ipsl-cm5a-lr","PAK_8","3","irrigation_gw_diversion",0.406185570953538
"historical","ipsl-cm5a-lr","PAK_8","4","irrigation_gw_diversion",0.816520173779659
"historical","ipsl-cm5a-lr","PAK_8","5","irrigation_gw_diversion",1.19072622966337
"historical","ipsl-cm5a-lr","PAK_8","6","irrigation_gw_diversion",1.61829236802859
"historical","ipsl-cm5a-lr","PAK_8","7","irrigation_gw_diversion",1.76966239568518
"historical","ipsl-cm5a-lr","PAK_8","8","irrigation_gw_diversion",1.612393672987
"historical","ipsl-cm5a-lr","PAK_8","9","irrigation_gw_diversion",1.14132406453802
"historical","ipsl-cm5a-lr","PAK_9","1","irrigation_gw_diversion",7.93414359166808
"historical","ipsl-cm5a-lr","PAK_9","10","irrigation_gw_diversion",14.0397098836747
"historical","ipsl-cm5a-lr","PAK_9","11","irrigation_gw_diversion",6.77400151746937
"historical","ipsl-cm5a-lr","PAK_9","12","irrigation_gw_diversion",3.95760106590991
"historical","ipsl-cm5a-lr","PAK_9","2","irrigation_gw_diversion",14.2673556094579
"historical","ipsl-cm5a-lr","PAK_9","3","irrigation_gw_diversion",22.8382601528343
"historical","ipsl-cm5a-lr","PAK_9","4","irrigation_gw_diversion",22.8771148502586
"historical","ipsl-cm5a-lr","PAK_9","5","irrigation_gw_diversion",23.4813574663973
"historical","ipsl-cm5a-lr","PAK_9","6","irrigation_gw_diversion",40.3711147209357
"historical","ipsl-cm5a-lr","PAK_9","7","irrigation_gw_diversion",51.2103374638745
"historical","ipsl-cm5a-lr","PAK_9","8","irrigation_gw_diversion",42.7727504498921
"historical","ipsl-cm5a-lr","PAK_9","9","irrigation_gw_diversion",28.9421746338621
"historical","miroc5","AFG_1","1","irrigation_gw_diversion",0.710591677632724
"historical","miroc5","AFG_1","10","irrigation_gw_diversion",0.498278545205029
"historical","miroc5","AFG_1","11","irrigation_gw_diversion",0.449396708971613
"historical","miroc5","AFG_1","12","irrigation_gw_diversion",0.399256970903698
"historical","miroc5","AFG_1","2","irrigation_gw_diversion",1.06983427897046
"historical","miroc5","AFG_1","3","irrigation_gw_diversion",1.53061721986312
"historical","miroc5","AFG_1","4","irrigation_gw_diversion",1.58164909650218
"historical","miroc5","AFG_1","5","irrigation_gw_diversion",1.33045483304751
"historical","miroc5","AFG_1","6","irrigation_gw_diversion",1.02961682837663
"historical","miroc5","AFG_1","7","irrigation_gw_diversion",1.26017776463797
"historical","miroc5","AFG_1","8","irrigation_gw_diversion",1.32768187454081
"historical","miroc5","AFG_1","9","irrigation_gw_diversion",0.975429038466329
"historical","miroc5","AFG_2","1","irrigation_gw_diversion",0.62116050062865
"historical","miroc5","AFG_2","10","irrigation_gw_diversion",0.953545142831507
"historical","miroc5","AFG_2","11","irrigation_gw_diversion",0.578307318404359
"historical","miroc5","AFG_2","12","irrigation_gw_diversion",0.42618526290237
"historical","miroc5","AFG_2","2","irrigation_gw_diversion",0.828695337942814
"historical","miroc5","AFG_2","3","irrigation_gw_diversion",1.56143866483913
"historical","miroc5","AFG_2","4","irrigation_gw_diversion",1.95765774264656
"historical","miroc5","AFG_2","5","irrigation_gw_diversion",2.1581702373659
"historical","miroc5","AFG_2","6","irrigation_gw_diversion",2.40786551295013
"historical","miroc5","AFG_2","7","irrigation_gw_diversion",3.14828155639336
"historical","miroc5","AFG_2","8","irrigation_gw_diversion",3.15920343588735
"historical","miroc5","AFG_2","9","irrigation_gw_diversion",2.17214378155265
"historical","miroc5","CHN_1","1","irrigation_gw_diversion",0
"historical","miroc5","CHN_1","11","irrigation_gw_diversion",0
"historical","miroc5","CHN_1","12","irrigation_gw_diversion",0
"historical","miroc5","CHN_1","3","irrigation_gw_diversion",0
"historical","miroc5","CHN_1","4","irrigation_gw_diversion",0
"historical","miroc5","CHN_1","5","irrigation_gw_diversion",0
"historical","miroc5","IND_1","1","irrigation_gw_diversion",0
"historical","miroc5","IND_1","10","irrigation_gw_diversion",0
"historical","miroc5","IND_1","11","irrigation_gw_diversion",0
"historical","miroc5","IND_1","12","irrigation_gw_diversion",0
"historical","miroc5","IND_1","2","irrigation_gw_diversion",0
"historical","miroc5","IND_1","3","irrigation_gw_diversion",0
"historical","miroc5","IND_1","4","irrigation_gw_diversion",0
"historical","miroc5","IND_1","5","irrigation_gw_diversion",0
"historical","miroc5","IND_1","6","irrigation_gw_diversion",0
"historical","miroc5","IND_1","7","irrigation_gw_diversion",0
"historical","miroc5","IND_1","8","irrigation_gw_diversion",0
"historical","miroc5","IND_1","9","irrigation_gw_diversion",0
"historical","miroc5","IND_2","1","irrigation_gw_diversion",0.0184575309544534
"historical","miroc5","IND_2","10","irrigation_gw_diversion",0.0437094060950495
"historical","miroc5","IND_2","11","irrigation_gw_diversion",0.0246922540568464
"historical","miroc5","IND_2","12","irrigation_gw_diversion",0.0138614867188822
"historical","miroc5","IND_2","2","irrigation_gw_diversion",0.0339952236518236
"historical","miroc5","IND_2","3","irrigation_gw_diversion",0.0558064121861244
"historical","miroc5","IND_2","4","irrigation_gw_diversion",0.073265223943655
"historical","miroc5","IND_2","5","irrigation_gw_diversion",0.0597758412763418
"historical","miroc5","IND_2","6","irrigation_gw_diversion",0.0249517594590329
"historical","miroc5","IND_2","7","irrigation_gw_diversion",0.00707541391129257
"historical","miroc5","IND_2","8","irrigation_gw_diversion",0.0210970300525923
"historical","miroc5","IND_2","9","irrigation_gw_diversion",0.0648678078861704
"historical","miroc5","IND_3","1","irrigation_gw_diversion",2.71988068642792
"historical","miroc5","IND_3","10","irrigation_gw_diversion",2.95296364041183
"historical","miroc5","IND_3","11","irrigation_gw_diversion",2.06535662964148
"historical","miroc5","IND_3","12","irrigation_gw_diversion",1.54614081385787
"historical","miroc5","IND_3","2","irrigation_gw_diversion",5.16661882422839
"historical","miroc5","IND_3","3","irrigation_gw_diversion",7.35202616014286
"historical","miroc5","IND_3","4","irrigation_gw_diversion",7.51966472331124
"historical","miroc5","IND_3","5","irrigation_gw_diversion",6.19901018064628
"historical","miroc5","IND_3","6","irrigation_gw_diversion",7.78820341144457
"historical","miroc5","IND_3","7","irrigation_gw_diversion",6.452543908267
"historical","miroc5","IND_3","8","irrigation_gw_diversion",6.002994768333
"historical","miroc5","IND_3","9","irrigation_gw_diversion",5.91151372674219
"historical","miroc5","IND_4","1","irrigation_gw_diversion",61.4738381411996
"historical","miroc5","IND_4","10","irrigation_gw_diversion",36.1391354268749
"historical","miroc5","IND_4","11","irrigation_gw_diversion",34.6010479525271
"historical","miroc5","IND_4","12","irrigation_gw_diversion",29.6612082706528
"historical","miroc5","IND_4","2","irrigation_gw_diversion",106.675614410331
"historical","miroc5","IND_4","3","irrigation_gw_diversion",153.860339016071
"historical","miroc5","IND_4","4","irrigation_gw_diversion",146.210733350046
"historical","miroc5","IND_4","5","irrigation_gw_diversion",113.556277838499
"historical","miroc5","IND_4","6","irrigation_gw_diversion",82.833115497906
"historical","miroc5","IND_4","7","irrigation_gw_diversion",68.1542514619852
"historical","miroc5","IND_4","8","irrigation_gw_diversion",61.1365591245154
"historical","miroc5","IND_4","9","irrigation_gw_diversion",56.2077655566676
"historical","miroc5","IND_5","1","irrigation_gw_diversion",0
"historical","miroc5","IND_5","10","irrigation_gw_diversion",0
"historical","miroc5","IND_5","11","irrigation_gw_diversion",0
"historical","miroc5","IND_5","12","irrigation_gw_diversion",0
"historical","miroc5","IND_5","2","irrigation_gw_diversion",0
"historical","miroc5","IND_5","3","irrigation_gw_diversion",0
"historical","miroc5","IND_5","4","irrigation_gw_diversion",0
"historical","miroc5","IND_5","5","irrigation_gw_diversion",0
"historical","miroc5","IND_5","6","irrigation_gw_diversion",0
"historical","miroc5","IND_5","7","irrigation_gw_diversion",0
"historical","miroc5","IND_5","8","irrigation_gw_diversion",0
"historical","miroc5","IND_5","9","irrigation_gw_diversion",0
"historical","miroc5","IND_6","1","irrigation_gw_diversion",0
"historical","miroc5","IND_6","10","irrigation_gw_diversion",0
"historical","miroc5","IND_6","11","irrigation_gw_diversion",0
"historical","miroc5","IND_6","12","irrigation_gw_diversion",0
"historical","miroc5","IND_6","2","irrigation_gw_diversion",0
"historical","miroc5","IND_6","3","irrigation_gw_diversion",0
"historical","miroc5","IND_6","4","irrigation_gw_diversion",0
"historical","miroc5","IND_6","5","irrigation_gw_diversion",0
"historical","miroc5","IND_6","6","irrigation_gw_diversion",0
"historical","miroc5","IND_6","7","irrigation_gw_diversion",0
"historical","miroc5","IND_6","8","irrigation_gw_diversion",0
"historical","miroc5","IND_6","9","irrigation_gw_diversion",0
"historical","miroc5","PAK_1","1","irrigation_gw_diversion",1.41156990716627
"historical","miroc5","PAK_1","10","irrigation_gw_diversion",1.21200729991437
"historical","miroc5","PAK_1","11","irrigation_gw_diversion",0.95890442181364
"historical","miroc5","PAK_1","12","irrigation_gw_diversion",0.67296154918219
"historical","miroc5","PAK_1","2","irrigation_gw_diversion",2.40531839431885
"historical","miroc5","PAK_1","3","irrigation_gw_diversion",3.61536636306494
"historical","miroc5","PAK_1","4","irrigation_gw_diversion",3.82324914176994
"historical","miroc5","PAK_1","5","irrigation_gw_diversion",3.75370041014412
"historical","miroc5","PAK_1","6","irrigation_gw_diversion",3.58575779761173
"historical","miroc5","PAK_1","7","irrigation_gw_diversion",3.63170918974112
"historical","miroc5","PAK_1","8","irrigation_gw_diversion",3.34963927486665
"historical","miroc5","PAK_1","9","irrigation_gw_diversion",2.40194452591507
"historical","miroc5","PAK_10","1","irrigation_gw_diversion",18.8516317475771
"historical","miroc5","PAK_10","10","irrigation_gw_diversion",13.6038337438687
"historical","miroc5","PAK_10","11","irrigation_gw_diversion",11.0515571746011
"historical","miroc5","PAK_10","12","irrigation_gw_diversion",8.37381387796019
"historical","miroc5","PAK_10","2","irrigation_gw_diversion",34.1081605463088
"historical","miroc5","PAK_10","3","irrigation_gw_diversion",42.059716707167
"historical","miroc5","PAK_10","4","irrigation_gw_diversion",37.0643014099115
"historical","miroc5","PAK_10","5","irrigation_gw_diversion",32.801517606875
"historical","miroc5","PAK_10","6","irrigation_gw_diversion",36.1149614772544
"historical","miroc5","PAK_10","7","irrigation_gw_diversion",42.9695502577728
"historical","miroc5","PAK_10","8","irrigation_gw_diversion",41.4623454729033
"historical","miroc5","PAK_10","9","irrigation_gw_diversion",28.1152071114981
"historical","miroc5","PAK_11","1","irrigation_gw_diversion",0
"historical","miroc5","PAK_11","10","irrigation_gw_diversion",0
"historical","miroc5","PAK_11","11","irrigation_gw_diversion",0
"historical","miroc5","PAK_11","12","irrigation_gw_diversion",0
"historical","miroc5","PAK_11","2","irrigation_gw_diversion",0
"historical","miroc5","PAK_11","3","irrigation_gw_diversion",0
"historical","miroc5","PAK_11","4","irrigation_gw_diversion",0
"historical","miroc5","PAK_11","5","irrigation_gw_diversion",0
"historical","miroc5","PAK_11","6","irrigation_gw_diversion",0
"historical","miroc5","PAK_11","7","irrigation_gw_diversion",0
"historical","miroc5","PAK_11","8","irrigation_gw_diversion",0
"historical","miroc5","PAK_11","9","irrigation_gw_diversion",0
"historical","miroc5","PAK_12","1","irrigation_gw_diversion",0.346422076987003
"historical","miroc5","PAK_12","10","irrigation_gw_diversion",0.341397233090038
"historical","miroc5","PAK_12","11","irrigation_gw_diversion",0.252620604519162
"historical","miroc5","PAK_12","12","irrigation_gw_diversion",0.173884260184546
"historical","miroc5","PAK_12","2","irrigation_gw_diversion",0.539248483090812
"historical","miroc5","PAK_12","3","irrigation_gw_diversion",0.716658504834904
"historical","miroc5","PAK_12","4","irrigation_gw_diversion",0.69943667868207
"historical","miroc5","PAK_12","5","irrigation_gw_diversion",0.714596249851496
"historical","miroc5","PAK_12","6","irrigation_gw_diversion",0.793980587245132
"historical","miroc5","PAK_12","7","irrigation_gw_diversion",0.900499289565983
"historical","miroc5","PAK_12","8","irrigation_gw_diversion",0.847594126223727
"historical","miroc5","PAK_12","9","irrigation_gw_diversion",0.606550722338369
"historical","miroc5","PAK_2","1","irrigation_gw_diversion",4.64300901170992
"historical","miroc5","PAK_2","10","irrigation_gw_diversion",4.64257905758065
"historical","miroc5","PAK_2","11","irrigation_gw_diversion",3.02042002054643
"historical","miroc5","PAK_2","12","irrigation_gw_diversion",2.15611168294493
"historical","miroc5","PAK_2","2","irrigation_gw_diversion",8.12396141368741
"historical","miroc5","PAK_2","3","irrigation_gw_diversion",11.8790296827479
"historical","miroc5","PAK_2","4","irrigation_gw_diversion",11.9139384228217
"historical","miroc5","PAK_2","5","irrigation_gw_diversion",11.43360715289
"historical","miroc5","PAK_2","6","irrigation_gw_diversion",13.9736226803303
"historical","miroc5","PAK_2","7","irrigation_gw_diversion",14.1311049615008
"historical","miroc5","PAK_2","8","irrigation_gw_diversion",12.8841185201124
"historical","miroc5","PAK_2","9","irrigation_gw_diversion",9.4458402344447
"historical","miroc5","PAK_3","1","irrigation_gw_diversion",3.78781000889783
"historical","miroc5","PAK_3","10","irrigation_gw_diversion",3.50723329765756
"historical","miroc5","PAK_3","11","irrigation_gw_diversion",2.30170443524652
"historical","miroc5","PAK_3","12","irrigation_gw_diversion",1.6689842166639
"historical","miroc5","PAK_3","2","irrigation_gw_diversion",6.52434431268344
"historical","miroc5","PAK_3","3","irrigation_gw_diversion",8.57952335257658
"historical","miroc5","PAK_3","4","irrigation_gw_diversion",7.78200823374278
"historical","miroc5","PAK_3","5","irrigation_gw_diversion",7.0042891208221
"historical","miroc5","PAK_3","6","irrigation_gw_diversion",8.45089000483511
"historical","miroc5","PAK_3","7","irrigation_gw_diversion",10.2831847240158
"historical","miroc5","PAK_3","8","irrigation_gw_diversion",10.303158741583
"historical","miroc5","PAK_3","9","irrigation_gw_diversion",7.23025714091123
"historical","miroc5","PAK_4","1","irrigation_gw_diversion",5.93937721929208
"historical","miroc5","PAK_4","10","irrigation_gw_diversion",3.75278300246845
"historical","miroc5","PAK_4","11","irrigation_gw_diversion",3.10194069977184
"historical","miroc5","PAK_4","12","irrigation_gw_diversion",2.96778815766632
"historical","miroc5","PAK_4","2","irrigation_gw_diversion",8.27938372377796
"historical","miroc5","PAK_4","3","irrigation_gw_diversion",10.243096163015
"historical","miroc5","PAK_4","4","irrigation_gw_diversion",9.55269607428424
"historical","miroc5","PAK_4","5","irrigation_gw_diversion",7.81028871997235
"historical","miroc5","PAK_4","6","irrigation_gw_diversion",9.18926073200039
"historical","miroc5","PAK_4","7","irrigation_gw_diversion",11.6268723300375
"historical","miroc5","PAK_4","8","irrigation_gw_diversion",11.4310612490186
"historical","miroc5","PAK_4","9","irrigation_gw_diversion",7.82696248559561
"historical","miroc5","PAK_5","1","irrigation_gw_diversion",8.04501570012444
"historical","miroc5","PAK_5","10","irrigation_gw_diversion",6.21152547341197
"historical","miroc5","PAK_5","11","irrigation_gw_diversion",5.05563335480229
"historical","miroc5","PAK_5","12","irrigation_gw_diversion",4.08056024397882
"historical","miroc5","PAK_5","2","irrigation_gw_diversion",13.1201384470615
"historical","miroc5","PAK_5","3","irrigation_gw_diversion",15.1041242393983
"historical","miroc5","PAK_5","4","irrigation_gw_diversion",14.6241130494945
"historical","miroc5","PAK_5","5","irrigation_gw_diversion",13.1968982147756
"historical","miroc5","PAK_5","6","irrigation_gw_diversion",13.9513204608998
"historical","miroc5","PAK_5","7","irrigation_gw_diversion",15.1103398535691
"historical","miroc5","PAK_5","8","irrigation_gw_diversion",14.9019792911849
"historical","miroc5","PAK_5","9","irrigation_gw_diversion",11.2693514964264
"historical","miroc5","PAK_6","1","irrigation_gw_diversion",9.7700163809527
"historical","miroc5","PAK_6","10","irrigation_gw_diversion",5.26499898386683
"historical","miroc5","PAK_6","11","irrigation_gw_diversion",5.34147311728338
"historical","miroc5","PAK_6","12","irrigation_gw_diversion",4.92679308749218
"historical","miroc5","PAK_6","2","irrigation_gw_diversion",15.2989841963213
"historical","miroc5","PAK_6","3","irrigation_gw_diversion",17.7981053074679
"historical","miroc5","PAK_6","4","irrigation_gw_diversion",16.2827618817293
"historical","miroc5","PAK_6","5","irrigation_gw_diversion",13.5403745342219
"historical","miroc5","PAK_6","6","irrigation_gw_diversion",12.6068582735774
"historical","miroc5","PAK_6","7","irrigation_gw_diversion",13.9742621580273
"historical","miroc5","PAK_6","8","irrigation_gw_diversion",13.0284837736949
"historical","miroc5","PAK_6","9","irrigation_gw_diversion",9.50526784635202
"historical","miroc5","PAK_7","1","irrigation_gw_diversion",0.723592620663292
"historical","miroc5","PAK_7","10","irrigation_gw_diversion",1.81525608977389
"historical","miroc5","PAK_7","11","irrigation_gw_diversion",0.948465906545809
"historical","miroc5","PAK_7","12","irrigation_gw_diversion",0.447567285386005
"historical","miroc5","PAK_7","2","irrigation_gw_diversion",0.840648799588855
"historical","miroc5","PAK_7","3","irrigation_gw_diversion",1.40787828796348
"historical","miroc5","PAK_7","4","irrigation_gw_diversion",1.88991537849071
"historical","miroc5","PAK_7","5","irrigation_gw_diversion",2.71298483821378
"historical","miroc5","PAK_7","6","irrigation_gw_diversion",3.23366706471364
"historical","miroc5","PAK_7","7","irrigation_gw_diversion",3.62302231891486
"historical","miroc5","PAK_7","8","irrigation_gw_diversion",3.64573810754231
"historical","miroc5","PAK_7","9","irrigation_gw_diversion",3.04251615061378
"historical","miroc5","PAK_8","1","irrigation_gw_diversion",0.158311654902179
"historical","miroc5","PAK_8","10","irrigation_gw_diversion",0.724977245503326
"historical","miroc5","PAK_8","11","irrigation_gw_diversion",0.371461418470704
"historical","miroc5","PAK_8","12","irrigation_gw_diversion",0.156210496501049
"historical","miroc5","PAK_8","2","irrigation_gw_diversion",0.197063290480074
"historical","miroc5","PAK_8","3","irrigation_gw_diversion",0.389711044750067
"historical","miroc5","PAK_8","4","irrigation_gw_diversion",0.865876955771885
"historical","miroc5","PAK_8","5","irrigation_gw_diversion",1.26531677117412
"historical","miroc5","PAK_8","6","irrigation_gw_diversion",1.67545648794521
"historical","miroc5","PAK_8","7","irrigation_gw_diversion",1.53653127316266
"historical","miroc5","PAK_8","8","irrigation_gw_diversion",1.63008094345827
"historical","miroc5","PAK_8","9","irrigation_gw_diversion",1.27039291205353
"historical","miroc5","PAK_9","1","irrigation_gw_diversion",9.12240379100592
"historical","miroc5","PAK_9","10","irrigation_gw_diversion",14.2637427209883
"historical","miroc5","PAK_9","11","irrigation_gw_diversion",7.42220790422289
"historical","miroc5","PAK_9","12","irrigation_gw_diversion",4.13871806749018
"historical","miroc5","PAK_9","2","irrigation_gw_diversion",16.1486246320391
"historical","miroc5","PAK_9","3","irrigation_gw_diversion",23.4894561255914
"historical","miroc5","PAK_9","4","irrigation_gw_diversion",22.842719982218
"historical","miroc5","PAK_9","5","irrigation_gw_diversion",24.3876248135035
"historical","miroc5","PAK_9","6","irrigation_gw_diversion",40.007807746449
"historical","miroc5","PAK_9","7","irrigation_gw_diversion",44.0438114379576
"historical","miroc5","PAK_9","8","irrigation_gw_diversion",41.1351442764354
"historical","miroc5","PAK_9","9","irrigation_gw_diversion",29.3776157854362
"rcp26","ensemble","AFG_1","1","irrigation_gw_diversion",0.724650199762829
"rcp26","ensemble","AFG_1","10","irrigation_gw_diversion",0.481177837711487
"rcp26","ensemble","AFG_1","11","irrigation_gw_diversion",0.38405464558971
"rcp26","ensemble","AFG_1","12","irrigation_gw_diversion",0.380152623214478
"rcp26","ensemble","AFG_1","2","irrigation_gw_diversion",1.04219536018094
"rcp26","ensemble","AFG_1","3","irrigation_gw_diversion",1.54176540083097
"rcp26","ensemble","AFG_1","4","irrigation_gw_diversion",1.56436225405043
"rcp26","ensemble","AFG_1","5","irrigation_gw_diversion",1.32682504433289
"rcp26","ensemble","AFG_1","6","irrigation_gw_diversion",1.03817364320338
"rcp26","ensemble","AFG_1","7","irrigation_gw_diversion",1.28448601698493
"rcp26","ensemble","AFG_1","8","irrigation_gw_diversion",1.38923795730569
"rcp26","ensemble","AFG_1","9","irrigation_gw_diversion",1.00255600036694
"rcp26","ensemble","AFG_2","1","irrigation_gw_diversion",0.632930969659918
"rcp26","ensemble","AFG_2","10","irrigation_gw_diversion",0.92041387551459
"rcp26","ensemble","AFG_2","11","irrigation_gw_diversion",0.493188911018448
"rcp26","ensemble","AFG_2","12","irrigation_gw_diversion",0.412981267667381
"rcp26","ensemble","AFG_2","2","irrigation_gw_diversion",0.773127099540471
"rcp26","ensemble","AFG_2","3","irrigation_gw_diversion",1.5031626004488
"rcp26","ensemble","AFG_2","4","irrigation_gw_diversion",1.89701417881505
"rcp26","ensemble","AFG_2","5","irrigation_gw_diversion",2.20007841103567
"rcp26","ensemble","AFG_2","6","irrigation_gw_diversion",2.448745089712
"rcp26","ensemble","AFG_2","7","irrigation_gw_diversion",3.19173924575142
"rcp26","ensemble","AFG_2","8","irrigation_gw_diversion",3.27243421557692
"rcp26","ensemble","AFG_2","9","irrigation_gw_diversion",2.21960888755041
"rcp26","ensemble","CHN_1","11","irrigation_gw_diversion",0
"rcp26","ensemble","CHN_1","12","irrigation_gw_diversion",0
"rcp26","ensemble","CHN_1","3","irrigation_gw_diversion",0
"rcp26","ensemble","CHN_1","4","irrigation_gw_diversion",0
"rcp26","ensemble","CHN_1","5","irrigation_gw_diversion",0
"rcp26","ensemble","IND_1","1","irrigation_gw_diversion",0
"rcp26","ensemble","IND_1","10","irrigation_gw_diversion",0
"rcp26","ensemble","IND_1","11","irrigation_gw_diversion",0
"rcp26","ensemble","IND_1","12","irrigation_gw_diversion",0
"rcp26","ensemble","IND_1","2","irrigation_gw_diversion",0
"rcp26","ensemble","IND_1","3","irrigation_gw_diversion",0
"rcp26","ensemble","IND_1","4","irrigation_gw_diversion",0
"rcp26","ensemble","IND_1","5","irrigation_gw_diversion",0
"rcp26","ensemble","IND_1","6","irrigation_gw_diversion",0
"rcp26","ensemble","IND_1","7","irrigation_gw_diversion",0
"rcp26","ensemble","IND_1","8","irrigation_gw_diversion",0
"rcp26","ensemble","IND_1","9","irrigation_gw_diversion",0
"rcp26","ensemble","IND_2","1","irrigation_gw_diversion",0.0186442450830297
"rcp26","ensemble","IND_2","10","irrigation_gw_diversion",0.0415668306150169
"rcp26","ensemble","IND_2","11","irrigation_gw_diversion",0.0199653067995003
"rcp26","ensemble","IND_2","12","irrigation_gw_diversion",0.0127118539410334
"rcp26","ensemble","IND_2","2","irrigation_gw_diversion",0.0354455570316911
"rcp26","ensemble","IND_2","3","irrigation_gw_diversion",0.0547497964918834
"rcp26","ensemble","IND_2","4","irrigation_gw_diversion",0.0730260195177551
"rcp26","ensemble","IND_2","5","irrigation_gw_diversion",0.0597500714058137
"rcp26","ensemble","IND_2","6","irrigation_gw_diversion",0.0271119285276158
"rcp26","ensemble","IND_2","7","irrigation_gw_diversion",0.00853770953159105
"rcp26","ensemble","IND_2","8","irrigation_gw_diversion",0.0254776304558754
"rcp26","ensemble","IND_2","9","irrigation_gw_diversion",0.0639617661521909
"rcp26","ensemble","IND_3","1","irrigation_gw_diversion",2.4770785646718
"rcp26","ensemble","IND_3","10","irrigation_gw_diversion",2.77361037157576
"rcp26","ensemble","IND_3","11","irrigation_gw_diversion",1.7331267524878
"rcp26","ensemble","IND_3","12","irrigation_gw_diversion",1.41809580919926
"rcp26","ensemble","IND_3","2","irrigation_gw_diversion",5.05480097363691
"rcp26","ensemble","IND_3","3","irrigation_gw_diversion",6.85141652103595
"rcp26","ensemble","IND_3","4","irrigation_gw_diversion",7.39764298423033
"rcp26","ensemble","IND_3","5","irrigation_gw_diversion",6.06675211810668
"rcp26","ensemble","IND_3","6","irrigation_gw_diversion",7.98798187853389
"rcp26","ensemble","IND_3","7","irrigation_gw_diversion",7.26964380930343
"rcp26","ensemble","IND_3","8","irrigation_gw_diversion",6.95250041143648
"rcp26","ensemble","IND_3","9","irrigation_gw_diversion",5.66736150762212
"rcp26","ensemble","IND_4","1","irrigation_gw_diversion",54.8203658547795
"rcp26","ensemble","IND_4","10","irrigation_gw_diversion",34.922899151947
"rcp26","ensemble","IND_4","11","irrigation_gw_diversion",30.2422818123747
"rcp26","ensemble","IND_4","12","irrigation_gw_diversion",26.4700798087451
"rcp26","ensemble","IND_4","2","irrigation_gw_diversion",99.4457980716677
"rcp26","ensemble","IND_4","3","irrigation_gw_diversion",143.539572761515
"rcp26","ensemble","IND_4","4","irrigation_gw_diversion",145.327838215618
"rcp26","ensemble","IND_4","5","irrigation_gw_diversion",112.60706077749
"rcp26","ensemble","IND_4","6","irrigation_gw_diversion",88.5946118298118
"rcp26","ensemble","IND_4","7","irrigation_gw_diversion",82.3909434839908
"rcp26","ensemble","IND_4","8","irrigation_gw_diversion",75.3229994919922
"rcp26","ensemble","IND_4","9","irrigation_gw_diversion",56.1403699630766
"rcp26","ensemble","IND_5","1","irrigation_gw_diversion",0
"rcp26","ensemble","IND_5","10","irrigation_gw_diversion",0
"rcp26","ensemble","IND_5","11","irrigation_gw_diversion",0
"rcp26","ensemble","IND_5","12","irrigation_gw_diversion",0
"rcp26","ensemble","IND_5","2","irrigation_gw_diversion",0
"rcp26","ensemble","IND_5","3","irrigation_gw_diversion",0
"rcp26","ensemble","IND_5","4","irrigation_gw_diversion",0
"rcp26","ensemble","IND_5","5","irrigation_gw_diversion",0
"rcp26","ensemble","IND_5","6","irrigation_gw_diversion",0
"rcp26","ensemble","IND_5","7","irrigation_gw_diversion",0
"rcp26","ensemble","IND_5","8","irrigation_gw_diversion",0
"rcp26","ensemble","IND_5","9","irrigation_gw_diversion",0
"rcp26","ensemble","IND_6","1","irrigation_gw_diversion",0
"rcp26","ensemble","IND_6","10","irrigation_gw_diversion",0
"rcp26","ensemble","IND_6","11","irrigation_gw_diversion",0
"rcp26","ensemble","IND_6","12","irrigation_gw_diversion",0
"rcp26","ensemble","IND_6","2","irrigation_gw_diversion",0
"rcp26","ensemble","IND_6","3","irrigation_gw_diversion",0
"rcp26","ensemble","IND_6","4","irrigation_gw_diversion",0
"rcp26","ensemble","IND_6","5","irrigation_gw_diversion",0
"rcp26","ensemble","IND_6","6","irrigation_gw_diversion",0
"rcp26","ensemble","IND_6","7","irrigation_gw_diversion",0
"rcp26","ensemble","IND_6","8","irrigation_gw_diversion",0
"rcp26","ensemble","IND_6","9","irrigation_gw_diversion",0
"rcp26","ensemble","PAK_1","1","irrigation_gw_diversion",1.35113675867215
"rcp26","ensemble","PAK_1","10","irrigation_gw_diversion",1.11668395352754
"rcp26","ensemble","PAK_1","11","irrigation_gw_diversion",0.781990184156214
"rcp26","ensemble","PAK_1","12","irrigation_gw_diversion",0.557099930920966
"rcp26","ensemble","PAK_1","2","irrigation_gw_diversion",2.29179652432996
"rcp26","ensemble","PAK_1","3","irrigation_gw_diversion",3.43458665594728
"rcp26","ensemble","PAK_1","4","irrigation_gw_diversion",3.72282453056114
"rcp26","ensemble","PAK_1","5","irrigation_gw_diversion",3.62597181423359
"rcp26","ensemble","PAK_1","6","irrigation_gw_diversion",3.57064668516354
"rcp26","ensemble","PAK_1","7","irrigation_gw_diversion",3.8123233056172
"rcp26","ensemble","PAK_1","8","irrigation_gw_diversion",3.55625431846826
"rcp26","ensemble","PAK_1","9","irrigation_gw_diversion",2.3006907986807
"rcp26","ensemble","PAK_10","1","irrigation_gw_diversion",17.807225184344
"rcp26","ensemble","PAK_10","10","irrigation_gw_diversion",13.4778012040341
"rcp26","ensemble","PAK_10","11","irrigation_gw_diversion",10.0039448476966
"rcp26","ensemble","PAK_10","12","irrigation_gw_diversion",7.88822297060075
"rcp26","ensemble","PAK_10","2","irrigation_gw_diversion",33.4263578925128
"rcp26","ensemble","PAK_10","3","irrigation_gw_diversion",39.7826177224198
"rcp26","ensemble","PAK_10","4","irrigation_gw_diversion",35.36826890343
"rcp26","ensemble","PAK_10","5","irrigation_gw_diversion",30.9198325144725
"rcp26","ensemble","PAK_10","6","irrigation_gw_diversion",34.5338442913501
"rcp26","ensemble","PAK_10","7","irrigation_gw_diversion",46.2727393888879
"rcp26","ensemble","PAK_10","8","irrigation_gw_diversion",46.571963243775
"rcp26","ensemble","PAK_10","9","irrigation_gw_diversion",30.3917256994424
"rcp26","ensemble","PAK_11","1","irrigation_gw_diversion",0
"rcp26","ensemble","PAK_11","10","irrigation_gw_diversion",0
"rcp26","ensemble","PAK_11","11","irrigation_gw_diversion",0
"rcp26","ensemble","PAK_11","12","irrigation_gw_diversion",0
"rcp26","ensemble","PAK_11","2","irrigation_gw_diversion",0
"rcp26","ensemble","PAK_11","3","irrigation_gw_diversion",0
"rcp26","ensemble","PAK_11","4","irrigation_gw_diversion",0
"rcp26","ensemble","PAK_11","5","irrigation_gw_diversion",0
"rcp26","ensemble","PAK_11","6","irrigation_gw_diversion",0
"rcp26","ensemble","PAK_11","7","irrigation_gw_diversion",0
"rcp26","ensemble","PAK_11","8","irrigation_gw_diversion",0
"rcp26","ensemble","PAK_11","9","irrigation_gw_diversion",0
"rcp26","ensemble","PAK_12","1","irrigation_gw_diversion",0.337200593965928
"rcp26","ensemble","PAK_12","10","irrigation_gw_diversion",0.320277750474013
"rcp26","ensemble","PAK_12","11","irrigation_gw_diversion",0.21456809159997
"rcp26","ensemble","PAK_12","12","irrigation_gw_diversion",0.158524661547313
"rcp26","ensemble","PAK_12","2","irrigation_gw_diversion",0.520840906189354
"rcp26","ensemble","PAK_12","3","irrigation_gw_diversion",0.696817671636576
"rcp26","ensemble","PAK_12","4","irrigation_gw_diversion",0.686246608049503
"rcp26","ensemble","PAK_12","5","irrigation_gw_diversion",0.697937579307642
"rcp26","ensemble","PAK_12","6","irrigation_gw_diversion",0.781949502904426
"rcp26","ensemble","PAK_12","7","irrigation_gw_diversion",0.927721649148281
"rcp26","ensemble","PAK_12","8","irrigation_gw_diversion",0.892956610011566
"rcp26","ensemble","PAK_12","9","irrigation_gw_diversion",0.601783882915772
"rcp26","ensemble","PAK_2","1","irrigation_gw_diversion",4.24578402531868
"rcp26","ensemble","PAK_2","10","irrigation_gw_diversion",4.33549022123652
"rcp26","ensemble","PAK_2","11","irrigation_gw_diversion",2.53477875055717
"rcp26","ensemble","PAK_2","12","irrigation_gw_diversion",1.77923610227413
"rcp26","ensemble","PAK_2","2","irrigation_gw_diversion",7.5700751983643
"rcp26","ensemble","PAK_2","3","irrigation_gw_diversion",11.0644964001271
"rcp26","ensemble","PAK_2","4","irrigation_gw_diversion",11.5567004068313
"rcp26","ensemble","PAK_2","5","irrigation_gw_diversion",11.0085411732815
"rcp26","ensemble","PAK_2","6","irrigation_gw_diversion",13.8337464535741
"rcp26","ensemble","PAK_2","7","irrigation_gw_diversion",15.1944381227925
"rcp26","ensemble","PAK_2","8","irrigation_gw_diversion",14.1999444896655
"rcp26","ensemble","PAK_2","9","irrigation_gw_diversion",9.38631399483961
"rcp26","ensemble","PAK_3","1","irrigation_gw_diversion",3.47459807922209
"rcp26","ensemble","PAK_3","10","irrigation_gw_diversion",3.173571874607
"rcp26","ensemble","PAK_3","11","irrigation_gw_diversion",1.91775032076733
"rcp26","ensemble","PAK_3","12","irrigation_gw_diversion",1.48306285000929
"rcp26","ensemble","PAK_3","2","irrigation_gw_diversion",6.11347767523551
"rcp26","ensemble","PAK_3","3","irrigation_gw_diversion",8.04032559260636
"rcp26","ensemble","PAK_3","4","irrigation_gw_diversion",7.56204158706276
"rcp26","ensemble","PAK_3","5","irrigation_gw_diversion",6.61317354820793
"rcp26","ensemble","PAK_3","6","irrigation_gw_diversion",7.95106542228318
"rcp26","ensemble","PAK_3","7","irrigation_gw_diversion",10.6383744093197
"rcp26","ensemble","PAK_3","8","irrigation_gw_diversion",10.9189245120052
"rcp26","ensemble","PAK_3","9","irrigation_gw_diversion",7.10813595889585
"rcp26","ensemble","PAK_4","1","irrigation_gw_diversion",5.91695323140145
"rcp26","ensemble","PAK_4","10","irrigation_gw_diversion",3.65829474962905
"rcp26","ensemble","PAK_4","11","irrigation_gw_diversion",2.97179713856498
"rcp26","ensemble","PAK_4","12","irrigation_gw_diversion",2.9697745413815
"rcp26","ensemble","PAK_4","2","irrigation_gw_diversion",8.29820152923952
"rcp26","ensemble","PAK_4","3","irrigation_gw_diversion",10.2577270083834
"rcp26","ensemble","PAK_4","4","irrigation_gw_diversion",9.46168657234562
"rcp26","ensemble","PAK_4","5","irrigation_gw_diversion",7.84735134547399
"rcp26","ensemble","PAK_4","6","irrigation_gw_diversion",9.36650145202992
"rcp26","ensemble","PAK_4","7","irrigation_gw_diversion",11.9707979195431
"rcp26","ensemble","PAK_4","8","irrigation_gw_diversion",11.3009023463974
"rcp26","ensemble","PAK_4","9","irrigation_gw_diversion",7.69775943284977
"rcp26","ensemble","PAK_5","1","irrigation_gw_diversion",7.87121130150025
"rcp26","ensemble","PAK_5","10","irrigation_gw_diversion",5.91672885971374
"rcp26","ensemble","PAK_5","11","irrigation_gw_diversion",4.65317408625288
"rcp26","ensemble","PAK_5","12","irrigation_gw_diversion",3.96438543713168
"rcp26","ensemble","PAK_5","2","irrigation_gw_diversion",12.7319772216424
"rcp26","ensemble","PAK_5","3","irrigation_gw_diversion",14.6596987119669
"rcp26","ensemble","PAK_5","4","irrigation_gw_diversion",14.4904386464574
"rcp26","ensemble","PAK_5","5","irrigation_gw_diversion",13.2267954509144
"rcp26","ensemble","PAK_5","6","irrigation_gw_diversion",14.0811533071648
"rcp26","ensemble","PAK_5","7","irrigation_gw_diversion",16.0974695656536
"rcp26","ensemble","PAK_5","8","irrigation_gw_diversion",15.5517300942256
"rcp26","ensemble","PAK_5","9","irrigation_gw_diversion",11.3791071806537
"rcp26","ensemble","PAK_6","1","irrigation_gw_diversion",9.78414180098058
"rcp26","ensemble","PAK_6","10","irrigation_gw_diversion",5.10746163070485
"rcp26","ensemble","PAK_6","11","irrigation_gw_diversion",5.05875414156428
"rcp26","ensemble","PAK_6","12","irrigation_gw_diversion",4.84962740152208
"rcp26","ensemble","PAK_6","2","irrigation_gw_diversion",15.123519638073
"rcp26","ensemble","PAK_6","3","irrigation_gw_diversion",17.57132583685
"rcp26","ensemble","PAK_6","4","irrigation_gw_diversion",16.2227892424139
"rcp26","ensemble","PAK_6","5","irrigation_gw_diversion",13.6354007414339
"rcp26","ensemble","PAK_6","6","irrigation_gw_diversion",12.7403351698907
"rcp26","ensemble","PAK_6","7","irrigation_gw_diversion",14.3980049800094
"rcp26","ensemble","PAK_6","8","irrigation_gw_diversion",13.3630353961283
"rcp26","ensemble","PAK_6","9","irrigation_gw_diversion",9.45875380546956
"rcp26","ensemble","PAK_7","1","irrigation_gw_diversion",0.672413274366651
"rcp26","ensemble","PAK_7","10","irrigation_gw_diversion",1.71389387073734
"rcp26","ensemble","PAK_7","11","irrigation_gw_diversion",0.769959860793642
"rcp26","ensemble","PAK_7","12","irrigation_gw_diversion",0.41212683913401
"rcp26","ensemble","PAK_7","2","irrigation_gw_diversion",0.895334860482413
"rcp26","ensemble","PAK_7","3","irrigation_gw_diversion",1.37968003147589
"rcp26","ensemble","PAK_7","4","irrigation_gw_diversion",1.90490244468454
"rcp26","ensemble","PAK_7","5","irrigation_gw_diversion",2.72445209423249
"rcp26","ensemble","PAK_7","6","irrigation_gw_diversion",3.25543261520876
"rcp26","ensemble","PAK_7","7","irrigation_gw_diversion",3.65880130310488
"rcp26","ensemble","PAK_7","8","irrigation_gw_diversion",3.8324051939554
"rcp26","ensemble","PAK_7","9","irrigation_gw_diversion",3.04555748483771
"rcp26","ensemble","PAK_8","1","irrigation_gw_diversion",0.168603157835937
"rcp26","ensemble","PAK_8","10","irrigation_gw_diversion",0.681274853819536
"rcp26","ensemble","PAK_8","11","irrigation_gw_diversion",0.32414347814822
"rcp26","ensemble","PAK_8","12","irrigation_gw_diversion",0.148868042121767
"rcp26","ensemble","PAK_8","2","irrigation_gw_diversion",0.215246190706964
"rcp26","ensemble","PAK_8","3","irrigation_gw_diversion",0.384155373621147
"rcp26","ensemble","PAK_8","4","irrigation_gw_diversion",0.866268872862141
"rcp26","ensemble","PAK_8","5","irrigation_gw_diversion",1.26903582748636
"rcp26","ensemble","PAK_8","6","irrigation_gw_diversion",1.66665558359988
"rcp26","ensemble","PAK_8","7","irrigation_gw_diversion",1.55515439227292
"rcp26","ensemble","PAK_8","8","irrigation_gw_diversion",1.6018860178861
"rcp26","ensemble","PAK_8","9","irrigation_gw_diversion",1.22103289409479
"rcp26","ensemble","PAK_9","1","irrigation_gw_diversion",8.12494455088131
"rcp26","ensemble","PAK_9","10","irrigation_gw_diversion",13.29380953621
"rcp26","ensemble","PAK_9","11","irrigation_gw_diversion",6.24575044874747
"rcp26","ensemble","PAK_9","12","irrigation_gw_diversion",3.54873226468148
"rcp26","ensemble","PAK_9","2","irrigation_gw_diversion",14.8732535634007
"rcp26","ensemble","PAK_9","3","irrigation_gw_diversion",21.5709650479427
"rcp26","ensemble","PAK_9","4","irrigation_gw_diversion",21.9380809762905
"rcp26","ensemble","PAK_9","5","irrigation_gw_diversion",23.1791305452149
"rcp26","ensemble","PAK_9","6","irrigation_gw_diversion",39.0074884077771
"rcp26","ensemble","PAK_9","7","irrigation_gw_diversion",47.2513617440835
"rcp26","ensemble","PAK_9","8","irrigation_gw_diversion",44.9867303862164
"rcp26","ensemble","PAK_9","9","irrigation_gw_diversion",29.5935727003556
"rcp26","gfdl-esm2m","AFG_1","1","irrigation_gw_diversion",0.638217864600357
"rcp26","gfdl-esm2m","AFG_1","10","irrigation_gw_diversion",0.519919221172249
"rcp26","gfdl-esm2m","AFG_1","11","irrigation_gw_diversion",0.388893584525535
"rcp26","gfdl-esm2m","AFG_1","12","irrigation_gw_diversion",0.372190381395223
"rcp26","gfdl-esm2m","AFG_1","2","irrigation_gw_diversion",0.936222568720348
"rcp26","gfdl-esm2m","AFG_1","3","irrigation_gw_diversion",1.1875823997018
"rcp26","gfdl-esm2m","AFG_1","4","irrigation_gw_diversion",1.36557247433959
"rcp26","gfdl-esm2m","AFG_1","5","irrigation_gw_diversion",1.33093438043365
"rcp26","gfdl-esm2m","AFG_1","6","irrigation_gw_diversion",1.06865574207169
"rcp26","gfdl-esm2m","AFG_1","7","irrigation_gw_diversion",1.37498476181835
"rcp26","gfdl-esm2m","AFG_1","8","irrigation_gw_diversion",1.55446063528668
"rcp26","gfdl-esm2m","AFG_1","9","irrigation_gw_diversion",1.12125675376028
"rcp26","gfdl-esm2m","AFG_2","1","irrigation_gw_diversion",0.519985621003377
"rcp26","gfdl-esm2m","AFG_2","10","irrigation_gw_diversion",0.963744366708134
"rcp26","gfdl-esm2m","AFG_2","11","irrigation_gw_diversion",0.513992034789084
"rcp26","gfdl-esm2m","AFG_2","12","irrigation_gw_diversion",0.449123283529104
"rcp26","gfdl-esm2m","AFG_2","2","irrigation_gw_diversion",0.689982326322329
"rcp26","gfdl-esm2m","AFG_2","3","irrigation_gw_diversion",1.12165927509493
"rcp26","gfdl-esm2m","AFG_2","4","irrigation_gw_diversion",1.67718484582248
"rcp26","gfdl-esm2m","AFG_2","5","irrigation_gw_diversion",2.44888369937799
"rcp26","gfdl-esm2m","AFG_2","6","irrigation_gw_diversion",2.47797736633501
"rcp26","gfdl-esm2m","AFG_2","7","irrigation_gw_diversion",3.28273631425833
"rcp26","gfdl-esm2m","AFG_2","8","irrigation_gw_diversion",3.37556523675204
"rcp26","gfdl-esm2m","AFG_2","9","irrigation_gw_diversion",2.43811549038142
"rcp26","gfdl-esm2m","CHN_1","1","irrigation_gw_diversion",0
"rcp26","gfdl-esm2m","CHN_1","11","irrigation_gw_diversion",0
"rcp26","gfdl-esm2m","CHN_1","12","irrigation_gw_diversion",0
"rcp26","gfdl-esm2m","CHN_1","3","irrigation_gw_diversion",0
"rcp26","gfdl-esm2m","CHN_1","4","irrigation_gw_diversion",0
"rcp26","gfdl-esm2m","CHN_1","5","irrigation_gw_diversion",0
"rcp26","gfdl-esm2m","IND_1","1","irrigation_gw_diversion",0
"rcp26","gfdl-esm2m","IND_1","10","irrigation_gw_diversion",0
"rcp26","gfdl-esm2m","IND_1","11","irrigation_gw_diversion",0
"rcp26","gfdl-esm2m","IND_1","12","irrigation_gw_diversion",0
"rcp26","gfdl-esm2m","IND_1","2","irrigation_gw_diversion",0
"rcp26","gfdl-esm2m","IND_1","3","irrigation_gw_diversion",0
"rcp26","gfdl-esm2m","IND_1","4","irrigation_gw_diversion",0
"rcp26","gfdl-esm2m","IND_1","5","irrigation_gw_diversion",0
"rcp26","gfdl-esm2m","IND_1","6","irrigation_gw_diversion",0
"rcp26","gfdl-esm2m","IND_1","7","irrigation_gw_diversion",0
"rcp26","gfdl-esm2m","IND_1","8","irrigation_gw_diversion",0
"rcp26","gfdl-esm2m","IND_1","9","irrigation_gw_diversion",0
"rcp26","gfdl-esm2m","IND_2","1","irrigation_gw_diversion",0.0135660363664348
"rcp26","gfdl-esm2m","IND_2","10","irrigation_gw_diversion",0.0440333259670845
"rcp26","gfdl-esm2m","IND_2","11","irrigation_gw_diversion",0.0202109638797626
"rcp26","gfdl-esm2m","IND_2","12","irrigation_gw_diversion",0.00539243264808228
"rcp26","gfdl-esm2m","IND_2","2","irrigation_gw_diversion",0.0320553284220666
"rcp26","gfdl-esm2m","IND_2","3","irrigation_gw_diversion",0.0436648782725472
"rcp26","gfdl-esm2m","IND_2","4","irrigation_gw_diversion",0.0554737789954704
"rcp26","gfdl-esm2m","IND_2","5","irrigation_gw_diversion",0.0554109002945546
"rcp26","gfdl-esm2m","IND_2","6","irrigation_gw_diversion",0.026749538353757
"rcp26","gfdl-esm2m","IND_2","7","irrigation_gw_diversion",0.0162247194720173
"rcp26","gfdl-esm2m","IND_2","8","irrigation_gw_diversion",0.0332050410865731
"rcp26","gfdl-esm2m","IND_2","9","irrigation_gw_diversion",0.0668510183682779
"rcp26","gfdl-esm2m","IND_3","1","irrigation_gw_diversion",2.18953239368569
"rcp26","gfdl-esm2m","IND_3","10","irrigation_gw_diversion",2.94742597286918
"rcp26","gfdl-esm2m","IND_3","11","irrigation_gw_diversion",1.68616495845303
"rcp26","gfdl-esm2m","IND_3","12","irrigation_gw_diversion",0.820859792897137
"rcp26","gfdl-esm2m","IND_3","2","irrigation_gw_diversion",4.40788888963753
"rcp26","gfdl-esm2m","IND_3","3","irrigation_gw_diversion",5.83137129552695
"rcp26","gfdl-esm2m","IND_3","4","irrigation_gw_diversion",6.0534383415978
"rcp26","gfdl-esm2m","IND_3","5","irrigation_gw_diversion",5.70165849261324
"rcp26","gfdl-esm2m","IND_3","6","irrigation_gw_diversion",8.30026163973815
"rcp26","gfdl-esm2m","IND_3","7","irrigation_gw_diversion",9.44703187076124
"rcp26","gfdl-esm2m","IND_3","8","irrigation_gw_diversion",8.33586520599778
"rcp26","gfdl-esm2m","IND_3","9","irrigation_gw_diversion",5.836563795162
"rcp26","gfdl-esm2m","IND_4","1","irrigation_gw_diversion",53.3252640007013
"rcp26","gfdl-esm2m","IND_4","10","irrigation_gw_diversion",35.057630349197
"rcp26","gfdl-esm2m","IND_4","11","irrigation_gw_diversion",30.3623037369547
"rcp26","gfdl-esm2m","IND_4","12","irrigation_gw_diversion",20.4701490482716
"rcp26","gfdl-esm2m","IND_4","2","irrigation_gw_diversion",94.3569914303677
"rcp26","gfdl-esm2m","IND_4","3","irrigation_gw_diversion",138.377924725735
"rcp26","gfdl-esm2m","IND_4","4","irrigation_gw_diversion",131.980797526043
"rcp26","gfdl-esm2m","IND_4","5","irrigation_gw_diversion",113.644125561623
"rcp26","gfdl-esm2m","IND_4","6","irrigation_gw_diversion",88.3187828976051
"rcp26","gfdl-esm2m","IND_4","7","irrigation_gw_diversion",100.476180050194
"rcp26","gfdl-esm2m","IND_4","8","irrigation_gw_diversion",86.0329736976204
"rcp26","gfdl-esm2m","IND_4","9","irrigation_gw_diversion",56.5054335525145
"rcp26","gfdl-esm2m","IND_5","1","irrigation_gw_diversion",0
"rcp26","gfdl-esm2m","IND_5","10","irrigation_gw_diversion",0
"rcp26","gfdl-esm2m","IND_5","11","irrigation_gw_diversion",0
"rcp26","gfdl-esm2m","IND_5","12","irrigation_gw_diversion",0
"rcp26","gfdl-esm2m","IND_5","2","irrigation_gw_diversion",0
"rcp26","gfdl-esm2m","IND_5","3","irrigation_gw_diversion",0
"rcp26","gfdl-esm2m","IND_5","4","irrigation_gw_diversion",0
"rcp26","gfdl-esm2m","IND_5","5","irrigation_gw_diversion",0
"rcp26","gfdl-esm2m","IND_5","6","irrigation_gw_diversion",0
"rcp26","gfdl-esm2m","IND_5","7","irrigation_gw_diversion",0
"rcp26","gfdl-esm2m","IND_5","8","irrigation_gw_diversion",0
"rcp26","gfdl-esm2m","IND_5","9","irrigation_gw_diversion",0
"rcp26","gfdl-esm2m","IND_6","1","irrigation_gw_diversion",0
"rcp26","gfdl-esm2m","IND_6","10","irrigation_gw_diversion",0
"rcp26","gfdl-esm2m","IND_6","11","irrigation_gw_diversion",0
"rcp26","gfdl-esm2m","IND_6","12","irrigation_gw_diversion",0
"rcp26","gfdl-esm2m","IND_6","2","irrigation_gw_diversion",0
"rcp26","gfdl-esm2m","IND_6","3","irrigation_gw_diversion",0
"rcp26","gfdl-esm2m","IND_6","4","irrigation_gw_diversion",0
"rcp26","gfdl-esm2m","IND_6","5","irrigation_gw_diversion",0
"rcp26","gfdl-esm2m","IND_6","6","irrigation_gw_diversion",0
"rcp26","gfdl-esm2m","IND_6","7","irrigation_gw_diversion",0
"rcp26","gfdl-esm2m","IND_6","8","irrigation_gw_diversion",0
"rcp26","gfdl-esm2m","IND_6","9","irrigation_gw_diversion",0
"rcp26","gfdl-esm2m","PAK_1","1","irrigation_gw_diversion",1.18412605690403
"rcp26","gfdl-esm2m","PAK_1","10","irrigation_gw_diversion",1.22203623264168
"rcp26","gfdl-esm2m","PAK_1","11","irrigation_gw_diversion",0.809240390037976
"rcp26","gfdl-esm2m","PAK_1","12","irrigation_gw_diversion",0.327113368068931
"rcp26","gfdl-esm2m","PAK_1","2","irrigation_gw_diversion",2.18817606237938
"rcp26","gfdl-esm2m","PAK_1","3","irrigation_gw_diversion",3.04389493282161
"rcp26","gfdl-esm2m","PAK_1","4","irrigation_gw_diversion",3.23248172394713
"rcp26","gfdl-esm2m","PAK_1","5","irrigation_gw_diversion",3.4747969910647
"rcp26","gfdl-esm2m","PAK_1","6","irrigation_gw_diversion",3.62485082954157
"rcp26","gfdl-esm2m","PAK_1","7","irrigation_gw_diversion",4.55759539458661
"rcp26","gfdl-esm2m","PAK_1","8","irrigation_gw_diversion",4.19691171310811
"rcp26","gfdl-esm2m","PAK_1","9","irrigation_gw_diversion",2.55615736680001
"rcp26","gfdl-esm2m","PAK_10","1","irrigation_gw_diversion",15.7917102697983
"rcp26","gfdl-esm2m","PAK_10","10","irrigation_gw_diversion",14.3814690564983
"rcp26","gfdl-esm2m","PAK_10","11","irrigation_gw_diversion",9.83247451380607
"rcp26","gfdl-esm2m","PAK_10","12","irrigation_gw_diversion",6.57175733316928
"rcp26","gfdl-esm2m","PAK_10","2","irrigation_gw_diversion",28.9854439783988
"rcp26","gfdl-esm2m","PAK_10","3","irrigation_gw_diversion",38.4703964930817
"rcp26","gfdl-esm2m","PAK_10","4","irrigation_gw_diversion",36.0024592660445
"rcp26","gfdl-esm2m","PAK_10","5","irrigation_gw_diversion",33.16239236073
"rcp26","gfdl-esm2m","PAK_10","6","irrigation_gw_diversion",36.9867104261431
"rcp26","gfdl-esm2m","PAK_10","7","irrigation_gw_diversion",53.3758577165525
"rcp26","gfdl-esm2m","PAK_10","8","irrigation_gw_diversion",51.3456522393494
"rcp26","gfdl-esm2m","PAK_10","9","irrigation_gw_diversion",31.2271206855027
"rcp26","gfdl-esm2m","PAK_11","1","irrigation_gw_diversion",0
"rcp26","gfdl-esm2m","PAK_11","10","irrigation_gw_diversion",0
"rcp26","gfdl-esm2m","PAK_11","11","irrigation_gw_diversion",0
"rcp26","gfdl-esm2m","PAK_11","12","irrigation_gw_diversion",0
"rcp26","gfdl-esm2m","PAK_11","2","irrigation_gw_diversion",0
"rcp26","gfdl-esm2m","PAK_11","3","irrigation_gw_diversion",0
"rcp26","gfdl-esm2m","PAK_11","4","irrigation_gw_diversion",0
"rcp26","gfdl-esm2m","PAK_11","5","irrigation_gw_diversion",0
"rcp26","gfdl-esm2m","PAK_11","6","irrigation_gw_diversion",0
"rcp26","gfdl-esm2m","PAK_11","7","irrigation_gw_diversion",0
"rcp26","gfdl-esm2m","PAK_11","8","irrigation_gw_diversion",0
"rcp26","gfdl-esm2m","PAK_11","9","irrigation_gw_diversion",0
"rcp26","gfdl-esm2m","PAK_12","1","irrigation_gw_diversion",0.310743732593518
"rcp26","gfdl-esm2m","PAK_12","10","irrigation_gw_diversion",0.361190342005143
"rcp26","gfdl-esm2m","PAK_12","11","irrigation_gw_diversion",0.224655531350494
"rcp26","gfdl-esm2m","PAK_12","12","irrigation_gw_diversion",0.146442862540353
"rcp26","gfdl-esm2m","PAK_12","2","irrigation_gw_diversion",0.497001823869905
"rcp26","gfdl-esm2m","PAK_12","3","irrigation_gw_diversion",0.608144328656353
"rcp26","gfdl-esm2m","PAK_12","4","irrigation_gw_diversion",0.611529855750142
"rcp26","gfdl-esm2m","PAK_12","5","irrigation_gw_diversion",0.696217817955548
"rcp26","gfdl-esm2m","PAK_12","6","irrigation_gw_diversion",0.811795667785057
"rcp26","gfdl-esm2m","PAK_12","7","irrigation_gw_diversion",1.0546459160851
"rcp26","gfdl-esm2m","PAK_12","8","irrigation_gw_diversion",1.0580356980825
"rcp26","gfdl-esm2m","PAK_12","9","irrigation_gw_diversion",0.682354404247599
"rcp26","gfdl-esm2m","PAK_2","1","irrigation_gw_diversion",4.00507141309571
"rcp26","gfdl-esm2m","PAK_2","10","irrigation_gw_diversion",4.80249016088575
"rcp26","gfdl-esm2m","PAK_2","11","irrigation_gw_diversion",2.65176163342879
"rcp26","gfdl-esm2m","PAK_2","12","irrigation_gw_diversion",1.19983799972962
"rcp26","gfdl-esm2m","PAK_2","2","irrigation_gw_diversion",7.31086653875522
"rcp26","gfdl-esm2m","PAK_2","3","irrigation_gw_diversion",10.3483756308218
"rcp26","gfdl-esm2m","PAK_2","4","irrigation_gw_diversion",10.755971665615
"rcp26","gfdl-esm2m","PAK_2","5","irrigation_gw_diversion",11.0482909674696
"rcp26","gfdl-esm2m","PAK_2","6","irrigation_gw_diversion",14.2087462004524
"rcp26","gfdl-esm2m","PAK_2","7","irrigation_gw_diversion",19.0893445837299
"rcp26","gfdl-esm2m","PAK_2","8","irrigation_gw_diversion",17.1730232178184
"rcp26","gfdl-esm2m","PAK_2","9","irrigation_gw_diversion",10.4633605947682
"rcp26","gfdl-esm2m","PAK_3","1","irrigation_gw_diversion",3.46203998712576
"rcp26","gfdl-esm2m","PAK_3","10","irrigation_gw_diversion",3.65877683264909
"rcp26","gfdl-esm2m","PAK_3","11","irrigation_gw_diversion",2.12571367897005
"rcp26","gfdl-esm2m","PAK_3","12","irrigation_gw_diversion",1.40905534725063
"rcp26","gfdl-esm2m","PAK_3","2","irrigation_gw_diversion",6.15581149180342
"rcp26","gfdl-esm2m","PAK_3","3","irrigation_gw_diversion",7.87188681769075
"rcp26","gfdl-esm2m","PAK_3","4","irrigation_gw_diversion",7.28516561506202
"rcp26","gfdl-esm2m","PAK_3","5","irrigation_gw_diversion",6.81323690696542
"rcp26","gfdl-esm2m","PAK_3","6","irrigation_gw_diversion",8.42122193988009
"rcp26","gfdl-esm2m","PAK_3","7","irrigation_gw_diversion",12.1299214001172
"rcp26","gfdl-esm2m","PAK_3","8","irrigation_gw_diversion",12.5265374546453
"rcp26","gfdl-esm2m","PAK_3","9","irrigation_gw_diversion",7.82914773062772
"rcp26","gfdl-esm2m","PAK_4","1","irrigation_gw_diversion",6.01561145278268
"rcp26","gfdl-esm2m","PAK_4","10","irrigation_gw_diversion",3.57191750242262
"rcp26","gfdl-esm2m","PAK_4","11","irrigation_gw_diversion",2.83586865647921
"rcp26","gfdl-esm2m","PAK_4","12","irrigation_gw_diversion",2.69432079516138
"rcp26","gfdl-esm2m","PAK_4","2","irrigation_gw_diversion",8.61794632759284
"rcp26","gfdl-esm2m","PAK_4","3","irrigation_gw_diversion",10.2143155138512
"rcp26","gfdl-esm2m","PAK_4","4","irrigation_gw_diversion",9.21464499474638
"rcp26","gfdl-esm2m","PAK_4","5","irrigation_gw_diversion",7.65734574206932
"rcp26","gfdl-esm2m","PAK_4","6","irrigation_gw_diversion",9.22076175008636
"rcp26","gfdl-esm2m","PAK_4","7","irrigation_gw_diversion",12.2000803486493
"rcp26","gfdl-esm2m","PAK_4","8","irrigation_gw_diversion",11.6698532245609
"rcp26","gfdl-esm2m","PAK_4","9","irrigation_gw_diversion",7.82300916415153
"rcp26","gfdl-esm2m","PAK_5","1","irrigation_gw_diversion",7.24877287664141
"rcp26","gfdl-esm2m","PAK_5","10","irrigation_gw_diversion",6.33126257473121
"rcp26","gfdl-esm2m","PAK_5","11","irrigation_gw_diversion",4.61922274091318
"rcp26","gfdl-esm2m","PAK_5","12","irrigation_gw_diversion",3.55531321301266
"rcp26","gfdl-esm2m","PAK_5","2","irrigation_gw_diversion",12.1500369544096
"rcp26","gfdl-esm2m","PAK_5","3","irrigation_gw_diversion",12.7907961824027
"rcp26","gfdl-esm2m","PAK_5","4","irrigation_gw_diversion",13.1202166317768
"rcp26","gfdl-esm2m","PAK_5","5","irrigation_gw_diversion",12.599851630907
"rcp26","gfdl-esm2m","PAK_5","6","irrigation_gw_diversion",14.8144140779304
"rcp26","gfdl-esm2m","PAK_5","7","irrigation_gw_diversion",17.7977069050083
"rcp26","gfdl-esm2m","PAK_5","8","irrigation_gw_diversion",17.4720295111688
"rcp26","gfdl-esm2m","PAK_5","9","irrigation_gw_diversion",12.0685267641345
"rcp26","gfdl-esm2m","PAK_6","1","irrigation_gw_diversion",9.5633418187483
"rcp26","gfdl-esm2m","PAK_6","10","irrigation_gw_diversion",5.3583074143564
"rcp26","gfdl-esm2m","PAK_6","11","irrigation_gw_diversion",4.97689594564352
"rcp26","gfdl-esm2m","PAK_6","12","irrigation_gw_diversion",4.50961559973531
"rcp26","gfdl-esm2m","PAK_6","2","irrigation_gw_diversion",15.0899334914511
"rcp26","gfdl-esm2m","PAK_6","3","irrigation_gw_diversion",15.860093157519
"rcp26","gfdl-esm2m","PAK_6","4","irrigation_gw_diversion",15.1662354017109
"rcp26","gfdl-esm2m","PAK_6","5","irrigation_gw_diversion",13.3090550517258
"rcp26","gfdl-esm2m","PAK_6","6","irrigation_gw_diversion",13.2188481250416
"rcp26","gfdl-esm2m","PAK_6","7","irrigation_gw_diversion",15.5632656256129
"rcp26","gfdl-esm2m","PAK_6","8","irrigation_gw_diversion",14.7771466023039
"rcp26","gfdl-esm2m","PAK_6","9","irrigation_gw_diversion",9.91044489200451
"rcp26","gfdl-esm2m","PAK_7","1","irrigation_gw_diversion",0.487588605340421
"rcp26","gfdl-esm2m","PAK_7","10","irrigation_gw_diversion",1.84090894444779
"rcp26","gfdl-esm2m","PAK_7","11","irrigation_gw_diversion",0.768969836287894
"rcp26","gfdl-esm2m","PAK_7","12","irrigation_gw_diversion",0.361875586874392
"rcp26","gfdl-esm2m","PAK_7","2","irrigation_gw_diversion",0.773668268609448
"rcp26","gfdl-esm2m","PAK_7","3","irrigation_gw_diversion",0.951679212321119
"rcp26","gfdl-esm2m","PAK_7","4","irrigation_gw_diversion",1.53492280629852
"rcp26","gfdl-esm2m","PAK_7","5","irrigation_gw_diversion",2.72783975981467
"rcp26","gfdl-esm2m","PAK_7","6","irrigation_gw_diversion",3.28588813793585
"rcp26","gfdl-esm2m","PAK_7","7","irrigation_gw_diversion",3.94098250526966
"rcp26","gfdl-esm2m","PAK_7","8","irrigation_gw_diversion",4.17190756278116
"rcp26","gfdl-esm2m","PAK_7","9","irrigation_gw_diversion",3.49386065793769
"rcp26","gfdl-esm2m","PAK_8","1","irrigation_gw_diversion",0.128857566506953
"rcp26","gfdl-esm2m","PAK_8","10","irrigation_gw_diversion",0.699911644592617
"rcp26","gfdl-esm2m","PAK_8","11","irrigation_gw_diversion",0.326130189367061
"rcp26","gfdl-esm2m","PAK_8","12","irrigation_gw_diversion",0.102096710013059
"rcp26","gfdl-esm2m","PAK_8","2","irrigation_gw_diversion",0.216576568930732
"rcp26","gfdl-esm2m","PAK_8","3","irrigation_gw_diversion",0.289387204181414
"rcp26","gfdl-esm2m","PAK_8","4","irrigation_gw_diversion",0.75193592151247
"rcp26","gfdl-esm2m","PAK_8","5","irrigation_gw_diversion",1.25983061826352
"rcp26","gfdl-esm2m","PAK_8","6","irrigation_gw_diversion",1.65477033698147
"rcp26","gfdl-esm2m","PAK_8","7","irrigation_gw_diversion",1.69459349844534
"rcp26","gfdl-esm2m","PAK_8","8","irrigation_gw_diversion",1.63265313957895
"rcp26","gfdl-esm2m","PAK_8","9","irrigation_gw_diversion",1.34127430060633
"rcp26","gfdl-esm2m","PAK_9","1","irrigation_gw_diversion",8.01859736857609
"rcp26","gfdl-esm2m","PAK_9","10","irrigation_gw_diversion",14.9582566391823
"rcp26","gfdl-esm2m","PAK_9","11","irrigation_gw_diversion",6.7028157989859
"rcp26","gfdl-esm2m","PAK_9","12","irrigation_gw_diversion",2.91715091019151
"rcp26","gfdl-esm2m","PAK_9","2","irrigation_gw_diversion",14.6768006311683
"rcp26","gfdl-esm2m","PAK_9","3","irrigation_gw_diversion",21.2455808600335
"rcp26","gfdl-esm2m","PAK_9","4","irrigation_gw_diversion",21.2991346657766
"rcp26","gfdl-esm2m","PAK_9","5","irrigation_gw_diversion",24.2544600755793
"rcp26","gfdl-esm2m","PAK_9","6","irrigation_gw_diversion",41.042182503057
"rcp26","gfdl-esm2m","PAK_9","7","irrigation_gw_diversion",60.6862510848864
"rcp26","gfdl-esm2m","PAK_9","8","irrigation_gw_diversion",54.3379315394795
"rcp26","gfdl-esm2m","PAK_9","9","irrigation_gw_diversion",33.3635238462796
"rcp26","hadgem2-es","AFG_1","1","irrigation_gw_diversion",0.767827796793199
"rcp26","hadgem2-es","AFG_1","10","irrigation_gw_diversion",0.4622483291345
"rcp26","hadgem2-es","AFG_1","11","irrigation_gw_diversion",0.397131389844825
"rcp26","hadgem2-es","AFG_1","12","irrigation_gw_diversion",0.40087728564168
"rcp26","hadgem2-es","AFG_1","2","irrigation_gw_diversion",1.00789945216865
"rcp26","hadgem2-es","AFG_1","3","irrigation_gw_diversion",1.66162969689072
"rcp26","hadgem2-es","AFG_1","4","irrigation_gw_diversion",1.52450073155297
"rcp26","hadgem2-es","AFG_1","5","irrigation_gw_diversion",1.24327458568963
"rcp26","hadgem2-es","AFG_1","6","irrigation_gw_diversion",0.971807400719999
"rcp26","hadgem2-es","AFG_1","7","irrigation_gw_diversion",1.22485192431613
"rcp26","hadgem2-es","AFG_1","8","irrigation_gw_diversion",1.34308075876755
"rcp26","hadgem2-es","AFG_1","9","irrigation_gw_diversion",0.982188877379545
"rcp26","hadgem2-es","AFG_2","1","irrigation_gw_diversion",0.685103071002968
"rcp26","hadgem2-es","AFG_2","10","irrigation_gw_diversion",0.905393991545371
"rcp26","hadgem2-es","AFG_2","11","irrigation_gw_diversion",0.517873634089095
"rcp26","hadgem2-es","AFG_2","12","irrigation_gw_diversion",0.450161392750623
"rcp26","hadgem2-es","AFG_2","2","irrigation_gw_diversion",0.743612575934855
"rcp26","hadgem2-es","AFG_2","3","irrigation_gw_diversion",1.71776816085299
"rcp26","hadgem2-es","AFG_2","4","irrigation_gw_diversion",1.92109413001027
"rcp26","hadgem2-es","AFG_2","5","irrigation_gw_diversion",2.10008246295142
"rcp26","hadgem2-es","AFG_2","6","irrigation_gw_diversion",2.34736995709137
"rcp26","hadgem2-es","AFG_2","7","irrigation_gw_diversion",3.11018748639116
"rcp26","hadgem2-es","AFG_2","8","irrigation_gw_diversion",3.27022477934261
"rcp26","hadgem2-es","AFG_2","9","irrigation_gw_diversion",2.19107945011506
"rcp26","hadgem2-es","CHN_1","11","irrigation_gw_diversion",0
"rcp26","hadgem2-es","CHN_1","12","irrigation_gw_diversion",0
"rcp26","hadgem2-es","CHN_1","3","irrigation_gw_diversion",0
"rcp26","hadgem2-es","CHN_1","4","irrigation_gw_diversion",0
"rcp26","hadgem2-es","CHN_1","5","irrigation_gw_diversion",0
"rcp26","hadgem2-es","IND_1","1","irrigation_gw_diversion",0
"rcp26","hadgem2-es","IND_1","10","irrigation_gw_diversion",0
"rcp26","hadgem2-es","IND_1","11","irrigation_gw_diversion",0
"rcp26","hadgem2-es","IND_1","12","irrigation_gw_diversion",0
"rcp26","hadgem2-es","IND_1","2","irrigation_gw_diversion",0
"rcp26","hadgem2-es","IND_1","3","irrigation_gw_diversion",0
"rcp26","hadgem2-es","IND_1","4","irrigation_gw_diversion",0
"rcp26","hadgem2-es","IND_1","5","irrigation_gw_diversion",0
"rcp26","hadgem2-es","IND_1","6","irrigation_gw_diversion",0
"rcp26","hadgem2-es","IND_1","7","irrigation_gw_diversion",0
"rcp26","hadgem2-es","IND_1","8","irrigation_gw_diversion",0
"rcp26","hadgem2-es","IND_1","9","irrigation_gw_diversion",0
"rcp26","hadgem2-es","IND_2","1","irrigation_gw_diversion",0.0122495929788593
"rcp26","hadgem2-es","IND_2","10","irrigation_gw_diversion",0.0412489089060089
"rcp26","hadgem2-es","IND_2","11","irrigation_gw_diversion",0.0225573131666705
"rcp26","hadgem2-es","IND_2","12","irrigation_gw_diversion",0.0180987186078896
"rcp26","hadgem2-es","IND_2","2","irrigation_gw_diversion",0.031026025905931
"rcp26","hadgem2-es","IND_2","3","irrigation_gw_diversion",0.063728392140531
"rcp26","hadgem2-es","IND_2","4","irrigation_gw_diversion",0.0751303858053144
"rcp26","hadgem2-es","IND_2","5","irrigation_gw_diversion",0.0603762893758926
"rcp26","hadgem2-es","IND_2","6","irrigation_gw_diversion",0.0277244799582594
"rcp26","hadgem2-es","IND_2","7","irrigation_gw_diversion",0.00537742091662237
"rcp26","hadgem2-es","IND_2","8","irrigation_gw_diversion",0.0240397515467103
"rcp26","hadgem2-es","IND_2","9","irrigation_gw_diversion",0.0654850070294171
"rcp26","hadgem2-es","IND_3","1","irrigation_gw_diversion",1.99078613603402
"rcp26","hadgem2-es","IND_3","10","irrigation_gw_diversion",2.69670521777328
"rcp26","hadgem2-es","IND_3","11","irrigation_gw_diversion",1.89517656141826
"rcp26","hadgem2-es","IND_3","12","irrigation_gw_diversion",1.78751667404769
"rcp26","hadgem2-es","IND_3","2","irrigation_gw_diversion",5.28371489892017
"rcp26","hadgem2-es","IND_3","3","irrigation_gw_diversion",8.20597066220772
"rcp26","hadgem2-es","IND_3","4","irrigation_gw_diversion",8.10130556254916
"rcp26","hadgem2-es","IND_3","5","irrigation_gw_diversion",6.27727615879102
"rcp26","hadgem2-es","IND_3","6","irrigation_gw_diversion",7.29472666950467
"rcp26","hadgem2-es","IND_3","7","irrigation_gw_diversion",5.31527164729718
"rcp26","hadgem2-es","IND_3","8","irrigation_gw_diversion",7.1510228830535
"rcp26","hadgem2-es","IND_3","9","irrigation_gw_diversion",5.67861783280014
"rcp26","hadgem2-es","IND_4","1","irrigation_gw_diversion",46.7648127044162
"rcp26","hadgem2-es","IND_4","10","irrigation_gw_diversion",37.3056934941703
"rcp26","hadgem2-es","IND_4","11","irrigation_gw_diversion",28.5592379158485
"rcp26","hadgem2-es","IND_4","12","irrigation_gw_diversion",27.3056845529616
"rcp26","hadgem2-es","IND_4","2","irrigation_gw_diversion",96.2623449641997
"rcp26","hadgem2-es","IND_4","3","irrigation_gw_diversion",141.727755461317
"rcp26","hadgem2-es","IND_4","4","irrigation_gw_diversion",137.110715517507
"rcp26","hadgem2-es","IND_4","5","irrigation_gw_diversion",103.829430181342
"rcp26","hadgem2-es","IND_4","6","irrigation_gw_diversion",92.9995192209874
"rcp26","hadgem2-es","IND_4","7","irrigation_gw_diversion",80.957772589453
"rcp26","hadgem2-es","IND_4","8","irrigation_gw_diversion",95.6133818168037
"rcp26","hadgem2-es","IND_4","9","irrigation_gw_diversion",61.0618889478377
"rcp26","hadgem2-es","IND_5","1","irrigation_gw_diversion",0
"rcp26","hadgem2-es","IND_5","10","irrigation_gw_diversion",0
"rcp26","hadgem2-es","IND_5","11","irrigation_gw_diversion",0
"rcp26","hadgem2-es","IND_5","12","irrigation_gw_diversion",0
"rcp26","hadgem2-es","IND_5","2","irrigation_gw_diversion",0
"rcp26","hadgem2-es","IND_5","3","irrigation_gw_diversion",0
"rcp26","hadgem2-es","IND_5","4","irrigation_gw_diversion",0
"rcp26","hadgem2-es","IND_5","5","irrigation_gw_diversion",0
"rcp26","hadgem2-es","IND_5","6","irrigation_gw_diversion",0
"rcp26","hadgem2-es","IND_5","7","irrigation_gw_diversion",0
"rcp26","hadgem2-es","IND_5","8","irrigation_gw_diversion",0
"rcp26","hadgem2-es","IND_5","9","irrigation_gw_diversion",0
"rcp26","hadgem2-es","IND_6","1","irrigation_gw_diversion",0
"rcp26","hadgem2-es","IND_6","10","irrigation_gw_diversion",0
"rcp26","hadgem2-es","IND_6","11","irrigation_gw_diversion",0
"rcp26","hadgem2-es","IND_6","12","irrigation_gw_diversion",0
"rcp26","hadgem2-es","IND_6","2","irrigation_gw_diversion",0
"rcp26","hadgem2-es","IND_6","3","irrigation_gw_diversion",0
"rcp26","hadgem2-es","IND_6","4","irrigation_gw_diversion",0
"rcp26","hadgem2-es","IND_6","5","irrigation_gw_diversion",0
"rcp26","hadgem2-es","IND_6","6","irrigation_gw_diversion",0
"rcp26","hadgem2-es","IND_6","7","irrigation_gw_diversion",0
"rcp26","hadgem2-es","IND_6","8","irrigation_gw_diversion",0
"rcp26","hadgem2-es","IND_6","9","irrigation_gw_diversion",0
"rcp26","hadgem2-es","PAK_1","1","irrigation_gw_diversion",1.17663276950086
"rcp26","hadgem2-es","PAK_1","10","irrigation_gw_diversion",1.06144762636057
"rcp26","hadgem2-es","PAK_1","11","irrigation_gw_diversion",0.759022701496307
"rcp26","hadgem2-es","PAK_1","12","irrigation_gw_diversion",0.663717481418914
"rcp26","hadgem2-es","PAK_1","2","irrigation_gw_diversion",2.11513369502585
"rcp26","hadgem2-es","PAK_1","3","irrigation_gw_diversion",3.48575760467761
"rcp26","hadgem2-es","PAK_1","4","irrigation_gw_diversion",3.61158853121233
"rcp26","hadgem2-es","PAK_1","5","irrigation_gw_diversion",3.45075667787363
"rcp26","hadgem2-es","PAK_1","6","irrigation_gw_diversion",3.41378863733679
"rcp26","hadgem2-es","PAK_1","7","irrigation_gw_diversion",3.02787277185695
"rcp26","hadgem2-es","PAK_1","8","irrigation_gw_diversion",3.26833856505885
"rcp26","hadgem2-es","PAK_1","9","irrigation_gw_diversion",2.26071864423306
"rcp26","hadgem2-es","PAK_10","1","irrigation_gw_diversion",17.8306973565242
"rcp26","hadgem2-es","PAK_10","10","irrigation_gw_diversion",13.9202431608537
"rcp26","hadgem2-es","PAK_10","11","irrigation_gw_diversion",9.52857992279468
"rcp26","hadgem2-es","PAK_10","12","irrigation_gw_diversion",7.42798011171797
"rcp26","hadgem2-es","PAK_10","2","irrigation_gw_diversion",34.965803316809
"rcp26","hadgem2-es","PAK_10","3","irrigation_gw_diversion",42.3477050050379
"rcp26","hadgem2-es","PAK_10","4","irrigation_gw_diversion",34.0888432145662
"rcp26","hadgem2-es","PAK_10","5","irrigation_gw_diversion",27.7340897951421
"rcp26","hadgem2-es","PAK_10","6","irrigation_gw_diversion",29.0471914807539
"rcp26","hadgem2-es","PAK_10","7","irrigation_gw_diversion",42.9835049125278
"rcp26","hadgem2-es","PAK_10","8","irrigation_gw_diversion",52.043868992277
"rcp26","hadgem2-es","PAK_10","9","irrigation_gw_diversion",34.5764100520615
"rcp26","hadgem2-es","PAK_11","1","irrigation_gw_diversion",0
"rcp26","hadgem2-es","PAK_11","10","irrigation_gw_diversion",0
"rcp26","hadgem2-es","PAK_11","11","irrigation_gw_diversion",0
"rcp26","hadgem2-es","PAK_11","12","irrigation_gw_diversion",0
"rcp26","hadgem2-es","PAK_11","2","irrigation_gw_diversion",0
"rcp26","hadgem2-es","PAK_11","3","irrigation_gw_diversion",0
"rcp26","hadgem2-es","PAK_11","4","irrigation_gw_diversion",0
"rcp26","hadgem2-es","PAK_11","5","irrigation_gw_diversion",0
"rcp26","hadgem2-es","PAK_11","6","irrigation_gw_diversion",0
"rcp26","hadgem2-es","PAK_11","7","irrigation_gw_diversion",0
"rcp26","hadgem2-es","PAK_11","8","irrigation_gw_diversion",0
"rcp26","hadgem2-es","PAK_11","9","irrigation_gw_diversion",0
"rcp26","hadgem2-es","PAK_12","1","irrigation_gw_diversion",0.33379515112017
"rcp26","hadgem2-es","PAK_12","10","irrigation_gw_diversion",0.292528797826516
"rcp26","hadgem2-es","PAK_12","11","irrigation_gw_diversion",0.203641228947916
"rcp26","hadgem2-es","PAK_12","12","irrigation_gw_diversion",0.160713769298055
"rcp26","hadgem2-es","PAK_12","2","irrigation_gw_diversion",0.506599813172188
"rcp26","hadgem2-es","PAK_12","3","irrigation_gw_diversion",0.708383336059351
"rcp26","hadgem2-es","PAK_12","4","irrigation_gw_diversion",0.650515570804737
"rcp26","hadgem2-es","PAK_12","5","irrigation_gw_diversion",0.631419495771309
"rcp26","hadgem2-es","PAK_12","6","irrigation_gw_diversion",0.717295757118078
"rcp26","hadgem2-es","PAK_12","7","irrigation_gw_diversion",0.822767899802804
"rcp26","hadgem2-es","PAK_12","8","irrigation_gw_diversion",0.808252605107703
"rcp26","hadgem2-es","PAK_12","9","irrigation_gw_diversion",0.573885075001811
"rcp26","hadgem2-es","PAK_2","1","irrigation_gw_diversion",3.58171689484452
"rcp26","hadgem2-es","PAK_2","10","irrigation_gw_diversion",3.97262422375696
"rcp26","hadgem2-es","PAK_2","11","irrigation_gw_diversion",2.29055881923751
"rcp26","hadgem2-es","PAK_2","12","irrigation_gw_diversion",1.68385245404122
"rcp26","hadgem2-es","PAK_2","2","irrigation_gw_diversion",6.92498999038253
"rcp26","hadgem2-es","PAK_2","3","irrigation_gw_diversion",10.3991338112149
"rcp26","hadgem2-es","PAK_2","4","irrigation_gw_diversion",10.6030639120973
"rcp26","hadgem2-es","PAK_2","5","irrigation_gw_diversion",9.86782167777684
"rcp26","hadgem2-es","PAK_2","6","irrigation_gw_diversion",12.8621788239041
"rcp26","hadgem2-es","PAK_2","7","irrigation_gw_diversion",11.9830014492882
"rcp26","hadgem2-es","PAK_2","8","irrigation_gw_diversion",13.5566642135229
"rcp26","hadgem2-es","PAK_2","9","irrigation_gw_diversion",9.16724649374434
"rcp26","hadgem2-es","PAK_3","1","irrigation_gw_diversion",3.0866720857788
"rcp26","hadgem2-es","PAK_3","10","irrigation_gw_diversion",2.66655288163352
"rcp26","hadgem2-es","PAK_3","11","irrigation_gw_diversion",1.60929574519235
"rcp26","hadgem2-es","PAK_3","12","irrigation_gw_diversion",1.29657781897935
"rcp26","hadgem2-es","PAK_3","2","irrigation_gw_diversion",5.7050100171319
"rcp26","hadgem2-es","PAK_3","3","irrigation_gw_diversion",7.40083097341382
"rcp26","hadgem2-es","PAK_3","4","irrigation_gw_diversion",6.67671647126229
"rcp26","hadgem2-es","PAK_3","5","irrigation_gw_diversion",5.42001861747138
"rcp26","hadgem2-es","PAK_3","6","irrigation_gw_diversion",6.76715225975816
"rcp26","hadgem2-es","PAK_3","7","irrigation_gw_diversion",9.30785759909656
"rcp26","hadgem2-es","PAK_3","8","irrigation_gw_diversion",10.2188681404572
"rcp26","hadgem2-es","PAK_3","9","irrigation_gw_diversion",6.64907992858558
"rcp26","hadgem2-es","PAK_4","1","irrigation_gw_diversion",5.87250162068835
"rcp26","hadgem2-es","PAK_4","10","irrigation_gw_diversion",3.68440726742069
"rcp26","hadgem2-es","PAK_4","11","irrigation_gw_diversion",3.01977654927065
"rcp26","hadgem2-es","PAK_4","12","irrigation_gw_diversion",2.99116130335519
"rcp26","hadgem2-es","PAK_4","2","irrigation_gw_diversion",8.64242344372787
"rcp26","hadgem2-es","PAK_4","3","irrigation_gw_diversion",10.7003112874278
"rcp26","hadgem2-es","PAK_4","4","irrigation_gw_diversion",9.21044379482535
"rcp26","hadgem2-es","PAK_4","5","irrigation_gw_diversion",7.59397179400616
"rcp26","hadgem2-es","PAK_4","6","irrigation_gw_diversion",9.31243379257701
"rcp26","hadgem2-es","PAK_4","7","irrigation_gw_diversion",11.7378688234298
"rcp26","hadgem2-es","PAK_4","8","irrigation_gw_diversion",11.1280154240881
"rcp26","hadgem2-es","PAK_4","9","irrigation_gw_diversion",7.85449908144851
"rcp26","hadgem2-es","PAK_5","1","irrigation_gw_diversion",8.24798119802625
"rcp26","hadgem2-es","PAK_5","10","irrigation_gw_diversion",5.60328049758051
"rcp26","hadgem2-es","PAK_5","11","irrigation_gw_diversion",4.59196266885797
"rcp26","hadgem2-es","PAK_5","12","irrigation_gw_diversion",3.99835416929967
"rcp26","hadgem2-es","PAK_5","2","irrigation_gw_diversion",13.3536737591053
"rcp26","hadgem2-es","PAK_5","3","irrigation_gw_diversion",16.1740740152792
"rcp26","hadgem2-es","PAK_5","4","irrigation_gw_diversion",14.7331339857556
"rcp26","hadgem2-es","PAK_5","5","irrigation_gw_diversion",13.2034622822688
"rcp26","hadgem2-es","PAK_5","6","irrigation_gw_diversion",13.5415542983522
"rcp26","hadgem2-es","PAK_5","7","irrigation_gw_diversion",15.2899307325429
"rcp26","hadgem2-es","PAK_5","8","irrigation_gw_diversion",14.8429939056166
"rcp26","hadgem2-es","PAK_5","9","irrigation_gw_diversion",11.0825128737731
"rcp26","hadgem2-es","PAK_6","1","irrigation_gw_diversion",9.90062212650393
"rcp26","hadgem2-es","PAK_6","10","irrigation_gw_diversion",5.040708473825
"rcp26","hadgem2-es","PAK_6","11","irrigation_gw_diversion",4.93804731301342
"rcp26","hadgem2-es","PAK_6","12","irrigation_gw_diversion",4.83699464819554
"rcp26","hadgem2-es","PAK_6","2","irrigation_gw_diversion",15.2685267109368
"rcp26","hadgem2-es","PAK_6","3","irrigation_gw_diversion",18.8082435433995
"rcp26","hadgem2-es","PAK_6","4","irrigation_gw_diversion",16.2330057603357
"rcp26","hadgem2-es","PAK_6","5","irrigation_gw_diversion",13.483592604031
"rcp26","hadgem2-es","PAK_6","6","irrigation_gw_diversion",12.4464893592551
"rcp26","hadgem2-es","PAK_6","7","irrigation_gw_diversion",13.9806406509546
"rcp26","hadgem2-es","PAK_6","8","irrigation_gw_diversion",13.0425724576194
"rcp26","hadgem2-es","PAK_6","9","irrigation_gw_diversion",9.33056071793108
"rcp26","hadgem2-es","PAK_7","1","irrigation_gw_diversion",0.703562248098639
"rcp26","hadgem2-es","PAK_7","10","irrigation_gw_diversion",1.68228402088843
"rcp26","hadgem2-es","PAK_7","11","irrigation_gw_diversion",0.869241253496263
"rcp26","hadgem2-es","PAK_7","12","irrigation_gw_diversion",0.517098247797582
"rcp26","hadgem2-es","PAK_7","2","irrigation_gw_diversion",0.899748539116374
"rcp26","hadgem2-es","PAK_7","3","irrigation_gw_diversion",1.65395656090804
"rcp26","hadgem2-es","PAK_7","4","irrigation_gw_diversion",1.94920188681396
"rcp26","hadgem2-es","PAK_7","5","irrigation_gw_diversion",2.62011451468331
"rcp26","hadgem2-es","PAK_7","6","irrigation_gw_diversion",3.10936244174243
"rcp26","hadgem2-es","PAK_7","7","irrigation_gw_diversion",3.24936271079283
"rcp26","hadgem2-es","PAK_7","8","irrigation_gw_diversion",3.59626190935368
"rcp26","hadgem2-es","PAK_7","9","irrigation_gw_diversion",2.96917219716044
"rcp26","hadgem2-es","PAK_8","1","irrigation_gw_diversion",0.176191688490944
"rcp26","hadgem2-es","PAK_8","10","irrigation_gw_diversion",0.680185723149149
"rcp26","hadgem2-es","PAK_8","11","irrigation_gw_diversion",0.35160341533434
"rcp26","hadgem2-es","PAK_8","12","irrigation_gw_diversion",0.218318027242382
"rcp26","hadgem2-es","PAK_8","2","irrigation_gw_diversion",0.197210223096389
"rcp26","hadgem2-es","PAK_8","3","irrigation_gw_diversion",0.4478714970267
"rcp26","hadgem2-es","PAK_8","4","irrigation_gw_diversion",0.869063422478443
"rcp26","hadgem2-es","PAK_8","5","irrigation_gw_diversion",1.25475961549968
"rcp26","hadgem2-es","PAK_8","6","irrigation_gw_diversion",1.65935304222428
"rcp26","hadgem2-es","PAK_8","7","irrigation_gw_diversion",1.25387698283631
"rcp26","hadgem2-es","PAK_8","8","irrigation_gw_diversion",1.42183794386292
"rcp26","hadgem2-es","PAK_8","9","irrigation_gw_diversion",1.20340113748171
"rcp26","hadgem2-es","PAK_9","1","irrigation_gw_diversion",6.69574575830692
"rcp26","hadgem2-es","PAK_9","10","irrigation_gw_diversion",11.5570520890614
"rcp26","hadgem2-es","PAK_9","11","irrigation_gw_diversion",5.35477056063293
"rcp26","hadgem2-es","PAK_9","12","irrigation_gw_diversion",3.05741435366783
"rcp26","hadgem2-es","PAK_9","2","irrigation_gw_diversion",13.3950530763174
"rcp26","hadgem2-es","PAK_9","3","irrigation_gw_diversion",19.4331528537419
"rcp26","hadgem2-es","PAK_9","4","irrigation_gw_diversion",19.0042565432941
"rcp26","hadgem2-es","PAK_9","5","irrigation_gw_diversion",19.5646946547862
"rcp26","hadgem2-es","PAK_9","6","irrigation_gw_diversion",34.4761047416057
"rcp26","hadgem2-es","PAK_9","7","irrigation_gw_diversion",38.5002694590471
"rcp26","hadgem2-es","PAK_9","8","irrigation_gw_diversion",44.3684651325493
"rcp26","hadgem2-es","PAK_9","9","irrigation_gw_diversion",28.2459364212788
"rcp26","ipsl-cm5a-lr","AFG_1","1","irrigation_gw_diversion",0.723126551807797
"rcp26","ipsl-cm5a-lr","AFG_1","10","irrigation_gw_diversion",0.476313384900903
"rcp26","ipsl-cm5a-lr","AFG_1","11","irrigation_gw_diversion",0.349765049336666
"rcp26","ipsl-cm5a-lr","AFG_1","12","irrigation_gw_diversion",0.359607537455056
"rcp26","ipsl-cm5a-lr","AFG_1","2","irrigation_gw_diversion",1.16521492334784
"rcp26","ipsl-cm5a-lr","AFG_1","3","irrigation_gw_diversion",1.7581441686472
"rcp26","ipsl-cm5a-lr","AFG_1","4","irrigation_gw_diversion",1.73418179058029
"rcp26","ipsl-cm5a-lr","AFG_1","5","irrigation_gw_diversion",1.39003827813015
"rcp26","ipsl-cm5a-lr","AFG_1","6","irrigation_gw_diversion",1.06179476203395
"rcp26","ipsl-cm5a-lr","AFG_1","7","irrigation_gw_diversion",1.27479726047778
"rcp26","ipsl-cm5a-lr","AFG_1","8","irrigation_gw_diversion",1.28996366410149
"rcp26","ipsl-cm5a-lr","AFG_1","9","irrigation_gw_diversion",0.951384570510808
"rcp26","ipsl-cm5a-lr","AFG_2","1","irrigation_gw_diversion",0.643508176594294
"rcp26","ipsl-cm5a-lr","AFG_2","10","irrigation_gw_diversion",0.910183808812347
"rcp26","ipsl-cm5a-lr","AFG_2","11","irrigation_gw_diversion",0.444213252753259
"rcp26","ipsl-cm5a-lr","AFG_2","12","irrigation_gw_diversion",0.363769213816521
"rcp26","ipsl-cm5a-lr","AFG_2","2","irrigation_gw_diversion",0.94221890654378
"rcp26","ipsl-cm5a-lr","AFG_2","3","irrigation_gw_diversion",1.60693016102854
"rcp26","ipsl-cm5a-lr","AFG_2","4","irrigation_gw_diversion",1.87879729119604
"rcp26","ipsl-cm5a-lr","AFG_2","5","irrigation_gw_diversion",2.10722009621585
"rcp26","ipsl-cm5a-lr","AFG_2","6","irrigation_gw_diversion",2.49730108872431
"rcp26","ipsl-cm5a-lr","AFG_2","7","irrigation_gw_diversion",3.21622951112132
"rcp26","ipsl-cm5a-lr","AFG_2","8","irrigation_gw_diversion",3.21638176545336
"rcp26","ipsl-cm5a-lr","AFG_2","9","irrigation_gw_diversion",2.15226152891885
"rcp26","ipsl-cm5a-lr","CHN_1","1","irrigation_gw_diversion",0
"rcp26","ipsl-cm5a-lr","CHN_1","11","irrigation_gw_diversion",0
"rcp26","ipsl-cm5a-lr","CHN_1","12","irrigation_gw_diversion",0
"rcp26","ipsl-cm5a-lr","CHN_1","3","irrigation_gw_diversion",0
"rcp26","ipsl-cm5a-lr","CHN_1","4","irrigation_gw_diversion",0
"rcp26","ipsl-cm5a-lr","CHN_1","5","irrigation_gw_diversion",0
"rcp26","ipsl-cm5a-lr","IND_1","1","irrigation_gw_diversion",0
"rcp26","ipsl-cm5a-lr","IND_1","10","irrigation_gw_diversion",0
"rcp26","ipsl-cm5a-lr","IND_1","11","irrigation_gw_diversion",0
"rcp26","ipsl-cm5a-lr","IND_1","12","irrigation_gw_diversion",0
"rcp26","ipsl-cm5a-lr","IND_1","2","irrigation_gw_diversion",0
"rcp26","ipsl-cm5a-lr","IND_1","3","irrigation_gw_diversion",0
"rcp26","ipsl-cm5a-lr","IND_1","4","irrigation_gw_diversion",0
"rcp26","ipsl-cm5a-lr","IND_1","5","irrigation_gw_diversion",0
"rcp26","ipsl-cm5a-lr","IND_1","6","irrigation_gw_diversion",0
"rcp26","ipsl-cm5a-lr","IND_1","7","irrigation_gw_diversion",0
"rcp26","ipsl-cm5a-lr","IND_1","8","irrigation_gw_diversion",0
"rcp26","ipsl-cm5a-lr","IND_1","9","irrigation_gw_diversion",0
"rcp26","ipsl-cm5a-lr","IND_2","1","irrigation_gw_diversion",0.0327137009502389
"rcp26","ipsl-cm5a-lr","IND_2","10","irrigation_gw_diversion",0.041397944219272
"rcp26","ipsl-cm5a-lr","IND_2","11","irrigation_gw_diversion",0.0190122479064046
"rcp26","ipsl-cm5a-lr","IND_2","12","irrigation_gw_diversion",0.013210140690957
"rcp26","ipsl-cm5a-lr","IND_2","2","irrigation_gw_diversion",0.0543439444273515
"rcp26","ipsl-cm5a-lr","IND_2","3","irrigation_gw_diversion",0.068213554055885
"rcp26","ipsl-cm5a-lr","IND_2","4","irrigation_gw_diversion",0.0842204591066931
"rcp26","ipsl-cm5a-lr","IND_2","5","irrigation_gw_diversion",0.0658782294810572
"rcp26","ipsl-cm5a-lr","IND_2","6","irrigation_gw_diversion",0.0305116315982891
"rcp26","ipsl-cm5a-lr","IND_2","7","irrigation_gw_diversion",0.0250555479116567
"rcp26","ipsl-cm5a-lr","IND_2","8","irrigation_gw_diversion",0.0269149832804069
"rcp26","ipsl-cm5a-lr","IND_2","9","irrigation_gw_diversion",0.0606142734521057
"rcp26","ipsl-cm5a-lr","IND_3","1","irrigation_gw_diversion",2.5213748494747
"rcp26","ipsl-cm5a-lr","IND_3","10","irrigation_gw_diversion",2.8409583339444
"rcp26","ipsl-cm5a-lr","IND_3","11","irrigation_gw_diversion",1.40895265004275
"rcp26","ipsl-cm5a-lr","IND_3","12","irrigation_gw_diversion",1.16528185052886
"rcp26","ipsl-cm5a-lr","IND_3","2","irrigation_gw_diversion",4.66788903203973
"rcp26","ipsl-cm5a-lr","IND_3","3","irrigation_gw_diversion",6.20336432406391
"rcp26","ipsl-cm5a-lr","IND_3","4","irrigation_gw_diversion",6.86498181544863
"rcp26","ipsl-cm5a-lr","IND_3","5","irrigation_gw_diversion",5.62806894077219
"rcp26","ipsl-cm5a-lr","IND_3","6","irrigation_gw_diversion",8.58605282145773
"rcp26","ipsl-cm5a-lr","IND_3","7","irrigation_gw_diversion",9.60187091203537
"rcp26","ipsl-cm5a-lr","IND_3","8","irrigation_gw_diversion",6.66588291303294
"rcp26","ipsl-cm5a-lr","IND_3","9","irrigation_gw_diversion",5.44228231227732
"rcp26","ipsl-cm5a-lr","IND_4","1","irrigation_gw_diversion",57.1443924027617
"rcp26","ipsl-cm5a-lr","IND_4","10","irrigation_gw_diversion",32.1943038307852
"rcp26","ipsl-cm5a-lr","IND_4","11","irrigation_gw_diversion",29.7994562791176
"rcp26","ipsl-cm5a-lr","IND_4","12","irrigation_gw_diversion",27.8248560539523
"rcp26","ipsl-cm5a-lr","IND_4","2","irrigation_gw_diversion",108.502210948616
"rcp26","ipsl-cm5a-lr","IND_4","3","irrigation_gw_diversion",153.463826147496
"rcp26","ipsl-cm5a-lr","IND_4","4","irrigation_gw_diversion",158.79416312119
"rcp26","ipsl-cm5a-lr","IND_4","5","irrigation_gw_diversion",117.277999365479
"rcp26","ipsl-cm5a-lr","IND_4","6","irrigation_gw_diversion",82.3853478997669
"rcp26","ipsl-cm5a-lr","IND_4","7","irrigation_gw_diversion",81.890287222768
"rcp26","ipsl-cm5a-lr","IND_4","8","irrigation_gw_diversion",55.6305273209079
"rcp26","ipsl-cm5a-lr","IND_4","9","irrigation_gw_diversion",45.6761357881759
"rcp26","ipsl-cm5a-lr","IND_5","1","irrigation_gw_diversion",0
"rcp26","ipsl-cm5a-lr","IND_5","10","irrigation_gw_diversion",0
"rcp26","ipsl-cm5a-lr","IND_5","11","irrigation_gw_diversion",0
"rcp26","ipsl-cm5a-lr","IND_5","12","irrigation_gw_diversion",0
"rcp26","ipsl-cm5a-lr","IND_5","2","irrigation_gw_diversion",0
"rcp26","ipsl-cm5a-lr","IND_5","3","irrigation_gw_diversion",0
"rcp26","ipsl-cm5a-lr","IND_5","4","irrigation_gw_diversion",0
"rcp26","ipsl-cm5a-lr","IND_5","5","irrigation_gw_diversion",0
"rcp26","ipsl-cm5a-lr","IND_5","6","irrigation_gw_diversion",0
"rcp26","ipsl-cm5a-lr","IND_5","7","irrigation_gw_diversion",0
"rcp26","ipsl-cm5a-lr","IND_5","8","irrigation_gw_diversion",0
"rcp26","ipsl-cm5a-lr","IND_5","9","irrigation_gw_diversion",0
"rcp26","ipsl-cm5a-lr","IND_6","1","irrigation_gw_diversion",0
"rcp26","ipsl-cm5a-lr","IND_6","10","irrigation_gw_diversion",0
"rcp26","ipsl-cm5a-lr","IND_6","11","irrigation_gw_diversion",0
"rcp26","ipsl-cm5a-lr","IND_6","12","irrigation_gw_diversion",0
"rcp26","ipsl-cm5a-lr","IND_6","2","irrigation_gw_diversion",0
"rcp26","ipsl-cm5a-lr","IND_6","3","irrigation_gw_diversion",0
"rcp26","ipsl-cm5a-lr","IND_6","4","irrigation_gw_diversion",0
"rcp26","ipsl-cm5a-lr","IND_6","5","irrigation_gw_diversion",0
"rcp26","ipsl-cm5a-lr","IND_6","6","irrigation_gw_diversion",0
"rcp26","ipsl-cm5a-lr","IND_6","7","irrigation_gw_diversion",0
"rcp26","ipsl-cm5a-lr","IND_6","8","irrigation_gw_diversion",0
"rcp26","ipsl-cm5a-lr","IND_6","9","irrigation_gw_diversion",0
"rcp26","ipsl-cm5a-lr","PAK_1","1","irrigation_gw_diversion",1.53818869429076
"rcp26","ipsl-cm5a-lr","PAK_1","10","irrigation_gw_diversion",1.12798894174357
"rcp26","ipsl-cm5a-lr","PAK_1","11","irrigation_gw_diversion",0.79746257907791
"rcp26","ipsl-cm5a-lr","PAK_1","12","irrigation_gw_diversion",0.623986936637377
"rcp26","ipsl-cm5a-lr","PAK_1","2","irrigation_gw_diversion",2.64560187444699
"rcp26","ipsl-cm5a-lr","PAK_1","3","irrigation_gw_diversion",3.91832275996022
"rcp26","ipsl-cm5a-lr","PAK_1","4","irrigation_gw_diversion",4.13470874133599
"rcp26","ipsl-cm5a-lr","PAK_1","5","irrigation_gw_diversion",3.92651100751174
"rcp26","ipsl-cm5a-lr","PAK_1","6","irrigation_gw_diversion",3.74406289523905
"rcp26","ipsl-cm5a-lr","PAK_1","7","irrigation_gw_diversion",4.25167344577121
"rcp26","ipsl-cm5a-lr","PAK_1","8","irrigation_gw_diversion",3.25648262168691
"rcp26","ipsl-cm5a-lr","PAK_1","9","irrigation_gw_diversion",2.23217260870549
"rcp26","ipsl-cm5a-lr","PAK_10","1","irrigation_gw_diversion",16.8352902230856
"rcp26","ipsl-cm5a-lr","PAK_10","10","irrigation_gw_diversion",12.7987034826254
"rcp26","ipsl-cm5a-lr","PAK_10","11","irrigation_gw_diversion",9.18334978594588
"rcp26","ipsl-cm5a-lr","PAK_10","12","irrigation_gw_diversion",8.23944709261678
"rcp26","ipsl-cm5a-lr","PAK_10","2","irrigation_gw_diversion",31.515515308719
"rcp26","ipsl-cm5a-lr","PAK_10","3","irrigation_gw_diversion",42.6594348688482
"rcp26","ipsl-cm5a-lr","PAK_10","4","irrigation_gw_diversion",40.0375336049945
"rcp26","ipsl-cm5a-lr","PAK_10","5","irrigation_gw_diversion",33.721239389237
"rcp26","ipsl-cm5a-lr","PAK_10","6","irrigation_gw_diversion",37.6630037614286
"rcp26","ipsl-cm5a-lr","PAK_10","7","irrigation_gw_diversion",46.0919938928154
"rcp26","ipsl-cm5a-lr","PAK_10","8","irrigation_gw_diversion",39.7827116866081
"rcp26","ipsl-cm5a-lr","PAK_10","9","irrigation_gw_diversion",27.8753173135436
"rcp26","ipsl-cm5a-lr","PAK_11","1","irrigation_gw_diversion",0
"rcp26","ipsl-cm5a-lr","PAK_11","10","irrigation_gw_diversion",0
"rcp26","ipsl-cm5a-lr","PAK_11","11","irrigation_gw_diversion",0
"rcp26","ipsl-cm5a-lr","PAK_11","12","irrigation_gw_diversion",0
"rcp26","ipsl-cm5a-lr","PAK_11","2","irrigation_gw_diversion",0
"rcp26","ipsl-cm5a-lr","PAK_11","3","irrigation_gw_diversion",0
"rcp26","ipsl-cm5a-lr","PAK_11","4","irrigation_gw_diversion",0
"rcp26","ipsl-cm5a-lr","PAK_11","5","irrigation_gw_diversion",0
"rcp26","ipsl-cm5a-lr","PAK_11","6","irrigation_gw_diversion",0
"rcp26","ipsl-cm5a-lr","PAK_11","7","irrigation_gw_diversion",0
"rcp26","ipsl-cm5a-lr","PAK_11","8","irrigation_gw_diversion",0
"rcp26","ipsl-cm5a-lr","PAK_11","9","irrigation_gw_diversion",0
"rcp26","ipsl-cm5a-lr","PAK_12","1","irrigation_gw_diversion",0.332775317034652
"rcp26","ipsl-cm5a-lr","PAK_12","10","irrigation_gw_diversion",0.322505574995779
"rcp26","ipsl-cm5a-lr","PAK_12","11","irrigation_gw_diversion",0.208387479374951
"rcp26","ipsl-cm5a-lr","PAK_12","12","irrigation_gw_diversion",0.159297912488379
"rcp26","ipsl-cm5a-lr","PAK_12","2","irrigation_gw_diversion",0.552930610907274
"rcp26","ipsl-cm5a-lr","PAK_12","3","irrigation_gw_diversion",0.77037474478898
"rcp26","ipsl-cm5a-lr","PAK_12","4","irrigation_gw_diversion",0.77194192735415
"rcp26","ipsl-cm5a-lr","PAK_12","5","irrigation_gw_diversion",0.746782000466698
"rcp26","ipsl-cm5a-lr","PAK_12","6","irrigation_gw_diversion",0.813187833620164
"rcp26","ipsl-cm5a-lr","PAK_12","7","irrigation_gw_diversion",0.943635466401123
"rcp26","ipsl-cm5a-lr","PAK_12","8","irrigation_gw_diversion",0.822356346891663
"rcp26","ipsl-cm5a-lr","PAK_12","9","irrigation_gw_diversion",0.58333209207843
"rcp26","ipsl-cm5a-lr","PAK_2","1","irrigation_gw_diversion",4.57941944421319
"rcp26","ipsl-cm5a-lr","PAK_2","10","irrigation_gw_diversion",4.40153830684241
"rcp26","ipsl-cm5a-lr","PAK_2","11","irrigation_gw_diversion",2.56237515861382
"rcp26","ipsl-cm5a-lr","PAK_2","12","irrigation_gw_diversion",2.07511512984243
"rcp26","ipsl-cm5a-lr","PAK_2","2","irrigation_gw_diversion",8.35049591656431
"rcp26","ipsl-cm5a-lr","PAK_2","3","irrigation_gw_diversion",12.3758751198664
"rcp26","ipsl-cm5a-lr","PAK_2","4","irrigation_gw_diversion",12.8796190954774
"rcp26","ipsl-cm5a-lr","PAK_2","5","irrigation_gw_diversion",11.837945116787
"rcp26","ipsl-cm5a-lr","PAK_2","6","irrigation_gw_diversion",14.6454779327235
"rcp26","ipsl-cm5a-lr","PAK_2","7","irrigation_gw_diversion",16.7560976139212
"rcp26","ipsl-cm5a-lr","PAK_2","8","irrigation_gw_diversion",12.5324316551067
"rcp26","ipsl-cm5a-lr","PAK_2","9","irrigation_gw_diversion",8.84966144524317
"rcp26","ipsl-cm5a-lr","PAK_3","1","irrigation_gw_diversion",3.43804291728984
"rcp26","ipsl-cm5a-lr","PAK_3","10","irrigation_gw_diversion",3.26641969356897
"rcp26","ipsl-cm5a-lr","PAK_3","11","irrigation_gw_diversion",1.91121159018897
"rcp26","ipsl-cm5a-lr","PAK_3","12","irrigation_gw_diversion",1.59458615910274
"rcp26","ipsl-cm5a-lr","PAK_3","2","irrigation_gw_diversion",6.30706942175798
"rcp26","ipsl-cm5a-lr","PAK_3","3","irrigation_gw_diversion",8.81758278205485
"rcp26","ipsl-cm5a-lr","PAK_3","4","irrigation_gw_diversion",8.52939740816278
"rcp26","ipsl-cm5a-lr","PAK_3","5","irrigation_gw_diversion",7.26654855276706
"rcp26","ipsl-cm5a-lr","PAK_3","6","irrigation_gw_diversion",8.56365325386247
"rcp26","ipsl-cm5a-lr","PAK_3","7","irrigation_gw_diversion",10.8624692589061
"rcp26","ipsl-cm5a-lr","PAK_3","8","irrigation_gw_diversion",10.0403296515268
"rcp26","ipsl-cm5a-lr","PAK_3","9","irrigation_gw_diversion",6.91623363307508
"rcp26","ipsl-cm5a-lr","PAK_4","1","irrigation_gw_diversion",5.68683361737696
"rcp26","ipsl-cm5a-lr","PAK_4","10","irrigation_gw_diversion",3.58038392525762
"rcp26","ipsl-cm5a-lr","PAK_4","11","irrigation_gw_diversion",2.92825304888904
"rcp26","ipsl-cm5a-lr","PAK_4","12","irrigation_gw_diversion",3.12988856444566
"rcp26","ipsl-cm5a-lr","PAK_4","2","irrigation_gw_diversion",7.93006815346117
"rcp26","ipsl-cm5a-lr","PAK_4","3","irrigation_gw_diversion",10.374167654787
"rcp26","ipsl-cm5a-lr","PAK_4","4","irrigation_gw_diversion",9.64504227772659
"rcp26","ipsl-cm5a-lr","PAK_4","5","irrigation_gw_diversion",8.08119331609902
"rcp26","ipsl-cm5a-lr","PAK_4","6","irrigation_gw_diversion",9.84356190722895
"rcp26","ipsl-cm5a-lr","PAK_4","7","irrigation_gw_diversion",12.6077181102047
"rcp26","ipsl-cm5a-lr","PAK_4","8","irrigation_gw_diversion",10.7357453317781
"rcp26","ipsl-cm5a-lr","PAK_4","9","irrigation_gw_diversion",7.14121148900818
"rcp26","ipsl-cm5a-lr","PAK_5","1","irrigation_gw_diversion",7.44795164236054
"rcp26","ipsl-cm5a-lr","PAK_5","10","irrigation_gw_diversion",5.82331275213648
"rcp26","ipsl-cm5a-lr","PAK_5","11","irrigation_gw_diversion",4.53880156571932
"rcp26","ipsl-cm5a-lr","PAK_5","12","irrigation_gw_diversion",4.10587368499692
"rcp26","ipsl-cm5a-lr","PAK_5","2","irrigation_gw_diversion",12.3126510331743
"rcp26","ipsl-cm5a-lr","PAK_5","3","irrigation_gw_diversion",15.0658527767399
"rcp26","ipsl-cm5a-lr","PAK_5","4","irrigation_gw_diversion",15.1611276801261
"rcp26","ipsl-cm5a-lr","PAK_5","5","irrigation_gw_diversion",13.5903201238416
"rcp26","ipsl-cm5a-lr","PAK_5","6","irrigation_gw_diversion",14.7293440405343
"rcp26","ipsl-cm5a-lr","PAK_5","7","irrigation_gw_diversion",16.1995206278048
"rcp26","ipsl-cm5a-lr","PAK_5","8","irrigation_gw_diversion",14.5540154736963
"rcp26","ipsl-cm5a-lr","PAK_5","9","irrigation_gw_diversion",11.083849127566
"rcp26","ipsl-cm5a-lr","PAK_6","1","irrigation_gw_diversion",9.17691344991563
"rcp26","ipsl-cm5a-lr","PAK_6","10","irrigation_gw_diversion",4.96873561682929
"rcp26","ipsl-cm5a-lr","PAK_6","11","irrigation_gw_diversion",5.08439586769235
"rcp26","ipsl-cm5a-lr","PAK_6","12","irrigation_gw_diversion",5.00753150890051
"rcp26","ipsl-cm5a-lr","PAK_6","2","irrigation_gw_diversion",14.8029427225931
"rcp26","ipsl-cm5a-lr","PAK_6","3","irrigation_gw_diversion",18.4009303396179
"rcp26","ipsl-cm5a-lr","PAK_6","4","irrigation_gw_diversion",16.9896049874722
"rcp26","ipsl-cm5a-lr","PAK_6","5","irrigation_gw_diversion",13.9629279090235
"rcp26","ipsl-cm5a-lr","PAK_6","6","irrigation_gw_diversion",13.0739875469302
"rcp26","ipsl-cm5a-lr","PAK_6","7","irrigation_gw_diversion",14.3979470100735
"rcp26","ipsl-cm5a-lr","PAK_6","8","irrigation_gw_diversion",12.3733535649101
"rcp26","ipsl-cm5a-lr","PAK_6","9","irrigation_gw_diversion",9.06652941299494
"rcp26","ipsl-cm5a-lr","PAK_7","1","irrigation_gw_diversion",0.752958891328532
"rcp26","ipsl-cm5a-lr","PAK_7","10","irrigation_gw_diversion",1.68948440725177
"rcp26","ipsl-cm5a-lr","PAK_7","11","irrigation_gw_diversion",0.664311523276189
"rcp26","ipsl-cm5a-lr","PAK_7","12","irrigation_gw_diversion",0.364318368009625
"rcp26","ipsl-cm5a-lr","PAK_7","2","irrigation_gw_diversion",1.16668366532674
"rcp26","ipsl-cm5a-lr","PAK_7","3","irrigation_gw_diversion",1.72382633844856
"rcp26","ipsl-cm5a-lr","PAK_7","4","irrigation_gw_diversion",2.07848872082866
"rcp26","ipsl-cm5a-lr","PAK_7","5","irrigation_gw_diversion",2.8501307511975
"rcp26","ipsl-cm5a-lr","PAK_7","6","irrigation_gw_diversion",3.36457858959276
"rcp26","ipsl-cm5a-lr","PAK_7","7","irrigation_gw_diversion",3.86850377452327
"rcp26","ipsl-cm5a-lr","PAK_7","8","irrigation_gw_diversion",3.79538851699671
"rcp26","ipsl-cm5a-lr","PAK_7","9","irrigation_gw_diversion",2.89157946800299
"rcp26","ipsl-cm5a-lr","PAK_8","1","irrigation_gw_diversion",0.204260252766321
"rcp26","ipsl-cm5a-lr","PAK_8","10","irrigation_gw_diversion",0.687072468769215
"rcp26","ipsl-cm5a-lr","PAK_8","11","irrigation_gw_diversion",0.317550343440143
"rcp26","ipsl-cm5a-lr","PAK_8","12","irrigation_gw_diversion",0.148924449713388
"rcp26","ipsl-cm5a-lr","PAK_8","2","irrigation_gw_diversion",0.293808105502929
"rcp26","ipsl-cm5a-lr","PAK_8","3","irrigation_gw_diversion",0.498734548788503
"rcp26","ipsl-cm5a-lr","PAK_8","4","irrigation_gw_diversion",0.917249790055336
"rcp26","ipsl-cm5a-lr","PAK_8","5","irrigation_gw_diversion",1.32468832343636
"rcp26","ipsl-cm5a-lr","PAK_8","6","irrigation_gw_diversion",1.72057560290543
"rcp26","ipsl-cm5a-lr","PAK_8","7","irrigation_gw_diversion",1.82313439657624
"rcp26","ipsl-cm5a-lr","PAK_8","8","irrigation_gw_diversion",1.69715097904443
"rcp26","ipsl-cm5a-lr","PAK_8","9","irrigation_gw_diversion",1.19886738637921
"rcp26","ipsl-cm5a-lr","PAK_9","1","irrigation_gw_diversion",8.38508116655833
"rcp26","ipsl-cm5a-lr","PAK_9","10","irrigation_gw_diversion",13.5499237303615
"rcp26","ipsl-cm5a-lr","PAK_9","11","irrigation_gw_diversion",6.26761857887759
"rcp26","ipsl-cm5a-lr","PAK_9","12","irrigation_gw_diversion",4.05019723388236
"rcp26","ipsl-cm5a-lr","PAK_9","2","irrigation_gw_diversion",16.0179716410063
"rcp26","ipsl-cm5a-lr","PAK_9","3","irrigation_gw_diversion",23.6295714459235
"rcp26","ipsl-cm5a-lr","PAK_9","4","irrigation_gw_diversion",24.5506793204688
"rcp26","ipsl-cm5a-lr","PAK_9","5","irrigation_gw_diversion",24.7150714511129
"rcp26","ipsl-cm5a-lr","PAK_9","6","irrigation_gw_diversion",41.6199940510992
"rcp26","ipsl-cm5a-lr","PAK_9","7","irrigation_gw_diversion",50.7679190196717
"rcp26","ipsl-cm5a-lr","PAK_9","8","irrigation_gw_diversion",38.1528050656034
"rcp26","ipsl-cm5a-lr","PAK_9","9","irrigation_gw_diversion",27.1894134079965
"rcp26","miroc5","AFG_1","1","irrigation_gw_diversion",0.769428593046412
"rcp26","miroc5","AFG_1","10","irrigation_gw_diversion",0.466230416080393
"rcp26","miroc5","AFG_1","11","irrigation_gw_diversion",0.401751309226116
"rcp26","miroc5","AFG_1","12","irrigation_gw_diversion",0.38811866770559
"rcp26","miroc5","AFG_1","2","irrigation_gw_diversion",1.06078442853455
"rcp26","miroc5","AFG_1","3","irrigation_gw_diversion",1.56227523705081
"rcp26","miroc5","AFG_1","4","irrigation_gw_diversion",1.63319403490569
"rcp26","miroc5","AFG_1","5","irrigation_gw_diversion",1.34305293022199
"rcp26","miroc5","AFG_1","6","irrigation_gw_diversion",1.05043666448045
"rcp26","miroc5","AFG_1","7","irrigation_gw_diversion",1.26331011631475
"rcp26","miroc5","AFG_1","8","irrigation_gw_diversion",1.36944678213173
"rcp26","miroc5","AFG_1","9","irrigation_gw_diversion",0.955393793359624
"rcp26","miroc5","AFG_2","1","irrigation_gw_diversion",0.679929761486907
"rcp26","miroc5","AFG_2","10","irrigation_gw_diversion",0.902333342570545
"rcp26","miroc5","AFG_2","11","irrigation_gw_diversion",0.507966951052929
"rcp26","miroc5","AFG_2","12","irrigation_gw_diversion",0.39698530503283
"rcp26","miroc5","AFG_2","2","irrigation_gw_diversion",0.741068484154681
"rcp26","miroc5","AFG_2","3","irrigation_gw_diversion",1.54158084341827
"rcp26","miroc5","AFG_2","4","irrigation_gw_diversion",2.06613830616662
"rcp26","miroc5","AFG_2","5","irrigation_gw_diversion",2.17432106581124
"rcp26","miroc5","AFG_2","6","irrigation_gw_diversion",2.47233195724644
"rcp26","miroc5","AFG_2","7","irrigation_gw_diversion",3.15785953446318
"rcp26","miroc5","AFG_2","8","irrigation_gw_diversion",3.22756507795662
"rcp26","miroc5","AFG_2","9","irrigation_gw_diversion",2.09697907040233
"rcp26","miroc5","CHN_1","1","irrigation_gw_diversion",0
"rcp26","miroc5","CHN_1","11","irrigation_gw_diversion",0
"rcp26","miroc5","CHN_1","12","irrigation_gw_diversion",0
"rcp26","miroc5","CHN_1","4","irrigation_gw_diversion",0
"rcp26","miroc5","CHN_1","5","irrigation_gw_diversion",0
"rcp26","miroc5","IND_1","1","irrigation_gw_diversion",0
"rcp26","miroc5","IND_1","10","irrigation_gw_diversion",0
"rcp26","miroc5","IND_1","11","irrigation_gw_diversion",0
"rcp26","miroc5","IND_1","12","irrigation_gw_diversion",0
"rcp26","miroc5","IND_1","2","irrigation_gw_diversion",0
"rcp26","miroc5","IND_1","3","irrigation_gw_diversion",0
"rcp26","miroc5","IND_1","4","irrigation_gw_diversion",0
"rcp26","miroc5","IND_1","5","irrigation_gw_diversion",0
"rcp26","miroc5","IND_1","6","irrigation_gw_diversion",0
"rcp26","miroc5","IND_1","7","irrigation_gw_diversion",0
"rcp26","miroc5","IND_1","8","irrigation_gw_diversion",0
"rcp26","miroc5","IND_1","9","irrigation_gw_diversion",0
"rcp26","miroc5","IND_2","1","irrigation_gw_diversion",0.0208684228216706
"rcp26","miroc5","IND_2","10","irrigation_gw_diversion",0.0395871437050725
"rcp26","miroc5","IND_2","11","irrigation_gw_diversion",0.018104159018578
"rcp26","miroc5","IND_2","12","irrigation_gw_diversion",0.0147695434933784
"rcp26","miroc5","IND_2","2","irrigation_gw_diversion",0.0269256288137294
"rcp26","miroc5","IND_2","3","irrigation_gw_diversion",0.0447593910245049
"rcp26","miroc5","IND_2","4","irrigation_gw_diversion",0.0773886257038915
"rcp26","miroc5","IND_2","5","irrigation_gw_diversion",0.057334866250334
"rcp26","miroc5","IND_2","6","irrigation_gw_diversion",0.0234620644049838
"rcp26","miroc5","IND_2","7","irrigation_gw_diversion",0.00425689649132129
"rcp26","miroc5","IND_2","8","irrigation_gw_diversion",0.0186590615319737
"rcp26","miroc5","IND_2","9","irrigation_gw_diversion",0.0628967655611286
"rcp26","miroc5","IND_3","1","irrigation_gw_diversion",2.38464259550598
"rcp26","miroc5","IND_3","10","irrigation_gw_diversion",3.19448904827671
"rcp26","miroc5","IND_3","11","irrigation_gw_diversion",1.91757722969665
"rcp26","miroc5","IND_3","12","irrigation_gw_diversion",1.62080403464163
"rcp26","miroc5","IND_3","2","irrigation_gw_diversion",3.99914633149812
"rcp26","miroc5","IND_3","3","irrigation_gw_diversion",5.67718714453213
"rcp26","miroc5","IND_3","4","irrigation_gw_diversion",7.96535117811647
"rcp26","miroc5","IND_3","5","irrigation_gw_diversion",7.05761575861339
"rcp26","miroc5","IND_3","6","irrigation_gw_diversion",9.33916643254898
"rcp26","miroc5","IND_3","7","irrigation_gw_diversion",5.66729599360484
"rcp26","miroc5","IND_3","8","irrigation_gw_diversion",6.39712926663697
"rcp26","miroc5","IND_3","9","irrigation_gw_diversion",6.41956083747651
"rcp26","miroc5","IND_4","1","irrigation_gw_diversion",62.6120114955857
"rcp26","miroc5","IND_4","10","irrigation_gw_diversion",35.2913510218437
"rcp26","miroc5","IND_4","11","irrigation_gw_diversion",32.2481296240256
"rcp26","miroc5","IND_4","12","irrigation_gw_diversion",30.4047594376587
"rcp26","miroc5","IND_4","2","irrigation_gw_diversion",98.7701017789711
"rcp26","miroc5","IND_4","3","irrigation_gw_diversion",140.875710281238
"rcp26","miroc5","IND_4","4","irrigation_gw_diversion",153.652199667262
"rcp26","miroc5","IND_4","5","irrigation_gw_diversion",115.676687658948
"rcp26","miroc5","IND_4","6","irrigation_gw_diversion",89.5439172556111
"rcp26","miroc5","IND_4","7","irrigation_gw_diversion",62.1959694606039
"rcp26","miroc5","IND_4","8","irrigation_gw_diversion",67.1578936627042
"rcp26","miroc5","IND_4","9","irrigation_gw_diversion",61.8796947361068
"rcp26","miroc5","IND_5","1","irrigation_gw_diversion",0
"rcp26","miroc5","IND_5","10","irrigation_gw_diversion",0
"rcp26","miroc5","IND_5","11","irrigation_gw_diversion",0
"rcp26","miroc5","IND_5","12","irrigation_gw_diversion",0
"rcp26","miroc5","IND_5","2","irrigation_gw_diversion",0
"rcp26","miroc5","IND_5","3","irrigation_gw_diversion",0
"rcp26","miroc5","IND_5","4","irrigation_gw_diversion",0
"rcp26","miroc5","IND_5","5","irrigation_gw_diversion",0
"rcp26","miroc5","IND_5","6","irrigation_gw_diversion",0
"rcp26","miroc5","IND_5","7","irrigation_gw_diversion",0
"rcp26","miroc5","IND_5","8","irrigation_gw_diversion",0
"rcp26","miroc5","IND_5","9","irrigation_gw_diversion",0
"rcp26","miroc5","IND_6","1","irrigation_gw_diversion",0
"rcp26","miroc5","IND_6","10","irrigation_gw_diversion",0
"rcp26","miroc5","IND_6","11","irrigation_gw_diversion",0
"rcp26","miroc5","IND_6","12","irrigation_gw_diversion",0
"rcp26","miroc5","IND_6","2","irrigation_gw_diversion",0
"rcp26","miroc5","IND_6","3","irrigation_gw_diversion",0
"rcp26","miroc5","IND_6","4","irrigation_gw_diversion",0
"rcp26","miroc5","IND_6","5","irrigation_gw_diversion",0
"rcp26","miroc5","IND_6","6","irrigation_gw_diversion",0
"rcp26","miroc5","IND_6","7","irrigation_gw_diversion",0
"rcp26","miroc5","IND_6","8","irrigation_gw_diversion",0
"rcp26","miroc5","IND_6","9","irrigation_gw_diversion",0
"rcp26","miroc5","PAK_1","1","irrigation_gw_diversion",1.53332419723751
"rcp26","miroc5","PAK_1","10","irrigation_gw_diversion",1.0552630101402
"rcp26","miroc5","PAK_1","11","irrigation_gw_diversion",0.762596540444705
"rcp26","miroc5","PAK_1","12","irrigation_gw_diversion",0.625074492291808
"rcp26","miroc5","PAK_1","2","irrigation_gw_diversion",2.22576583582703
"rcp26","miroc5","PAK_1","3","irrigation_gw_diversion",3.31881613086713
"rcp26","miroc5","PAK_1","4","irrigation_gw_diversion",3.9170078373098
"rcp26","miroc5","PAK_1","5","irrigation_gw_diversion",3.65182259421608
"rcp26","miroc5","PAK_1","6","irrigation_gw_diversion",3.49988437860702
"rcp26","miroc5","PAK_1","7","irrigation_gw_diversion",3.44511489809589
"rcp26","miroc5","PAK_1","8","irrigation_gw_diversion",3.50328440118855
"rcp26","miroc5","PAK_1","9","irrigation_gw_diversion",2.1537145470127
"rcp26","miroc5","PAK_10","1","irrigation_gw_diversion",20.1839187108196
"rcp26","miroc5","PAK_10","10","irrigation_gw_diversion",12.6514980765415
"rcp26","miroc5","PAK_10","11","irrigation_gw_diversion",10.5000665712155
"rcp26","miroc5","PAK_10","12","irrigation_gw_diversion",8.75554454299073
"rcp26","miroc5","PAK_10","2","irrigation_gw_diversion",34.7742600061294
"rcp26","miroc5","PAK_10","3","irrigation_gw_diversion",40.2440796048772
"rcp26","miroc5","PAK_10","4","irrigation_gw_diversion",37.2076821928424
"rcp26","miroc5","PAK_10","5","irrigation_gw_diversion",32.5182691066128
"rcp26","miroc5","PAK_10","6","irrigation_gw_diversion",34.4034302981515
"rcp26","miroc5","PAK_10","7","irrigation_gw_diversion",42.5437725010211
"rcp26","miroc5","PAK_10","8","irrigation_gw_diversion",44.1960929338813
"rcp26","miroc5","PAK_10","9","irrigation_gw_diversion",28.6100303505162
"rcp26","miroc5","PAK_11","1","irrigation_gw_diversion",0
"rcp26","miroc5","PAK_11","10","irrigation_gw_diversion",0
"rcp26","miroc5","PAK_11","11","irrigation_gw_diversion",0
"rcp26","miroc5","PAK_11","12","irrigation_gw_diversion",0
"rcp26","miroc5","PAK_11","2","irrigation_gw_diversion",0
"rcp26","miroc5","PAK_11","3","irrigation_gw_diversion",0
"rcp26","miroc5","PAK_11","4","irrigation_gw_diversion",0
"rcp26","miroc5","PAK_11","5","irrigation_gw_diversion",0
"rcp26","miroc5","PAK_11","6","irrigation_gw_diversion",0
"rcp26","miroc5","PAK_11","7","irrigation_gw_diversion",0
"rcp26","miroc5","PAK_11","8","irrigation_gw_diversion",0
"rcp26","miroc5","PAK_11","9","irrigation_gw_diversion",0
"rcp26","miroc5","PAK_12","1","irrigation_gw_diversion",0.371488311240076
"rcp26","miroc5","PAK_12","10","irrigation_gw_diversion",0.304886288032824
"rcp26","miroc5","PAK_12","11","irrigation_gw_diversion",0.221615590883599
"rcp26","miroc5","PAK_12","12","irrigation_gw_diversion",0.167697799208087
"rcp26","miroc5","PAK_12","2","irrigation_gw_diversion",0.52702610428567
"rcp26","miroc5","PAK_12","3","irrigation_gw_diversion",0.700474387494288
"rcp26","miroc5","PAK_12","4","irrigation_gw_diversion",0.710999078908777
"rcp26","miroc5","PAK_12","5","irrigation_gw_diversion",0.717331003104966
"rcp26","miroc5","PAK_12","6","irrigation_gw_diversion",0.785518750834068
"rcp26","miroc5","PAK_12","7","irrigation_gw_diversion",0.892275306438449
"rcp26","miroc5","PAK_12","8","irrigation_gw_diversion",0.883181786509054
"rcp26","miroc5","PAK_12","9","irrigation_gw_diversion",0.567563961205533
"rcp26","miroc5","PAK_2","1","irrigation_gw_diversion",4.81692835670002
"rcp26","miroc5","PAK_2","10","irrigation_gw_diversion",4.1653081695108
"rcp26","miroc5","PAK_2","11","irrigation_gw_diversion",2.63441940212493
"rcp26","miroc5","PAK_2","12","irrigation_gw_diversion",2.15813882743575
"rcp26","miroc5","PAK_2","2","irrigation_gw_diversion",7.69394832453461
"rcp26","miroc5","PAK_2","3","irrigation_gw_diversion",11.1346009692922
"rcp26","miroc5","PAK_2","4","irrigation_gw_diversion",11.9881468872938
"rcp26","miroc5","PAK_2","5","irrigation_gw_diversion",11.2801070667158
"rcp26","miroc5","PAK_2","6","irrigation_gw_diversion",13.6185828959346
"rcp26","miroc5","PAK_2","7","irrigation_gw_diversion",13.0528942880951
"rcp26","miroc5","PAK_2","8","irrigation_gw_diversion",13.5376589584701
"rcp26","miroc5","PAK_2","9","irrigation_gw_diversion",9.06498747155719
"rcp26","miroc5","PAK_3","1","irrigation_gw_diversion",3.91163734725632
"rcp26","miroc5","PAK_3","10","irrigation_gw_diversion",3.102538103789
"rcp26","miroc5","PAK_3","11","irrigation_gw_diversion",2.02478027515155
"rcp26","miroc5","PAK_3","12","irrigation_gw_diversion",1.63203208642871
"rcp26","miroc5","PAK_3","2","irrigation_gw_diversion",6.28601972664609
"rcp26","miroc5","PAK_3","3","irrigation_gw_diversion",8.07100182510383
"rcp26","miroc5","PAK_3","4","irrigation_gw_diversion",7.75688691119048
"rcp26","miroc5","PAK_3","5","irrigation_gw_diversion",6.95289012321531
"rcp26","miroc5","PAK_3","6","irrigation_gw_diversion",8.05223423579817
"rcp26","miroc5","PAK_3","7","irrigation_gw_diversion",10.2535461754128
"rcp26","miroc5","PAK_3","8","irrigation_gw_diversion",10.8899628082
"rcp26","miroc5","PAK_3","9","irrigation_gw_diversion",7.03808251487273
"rcp26","miroc5","PAK_4","1","irrigation_gw_diversion",6.0928662797391
"rcp26","miroc5","PAK_4","10","irrigation_gw_diversion",3.79923480171122
"rcp26","miroc5","PAK_4","11","irrigation_gw_diversion",3.10824916068866
"rcp26","miroc5","PAK_4","12","irrigation_gw_diversion",3.06797255641506
"rcp26","miroc5","PAK_4","2","irrigation_gw_diversion",8.00085912492101
"rcp26","miroc5","PAK_4","3","irrigation_gw_diversion",9.73839349999488
"rcp26","miroc5","PAK_4","4","irrigation_gw_diversion",9.785109488203
"rcp26","miroc5","PAK_4","5","irrigation_gw_diversion",8.06194825050136
"rcp26","miroc5","PAK_4","6","irrigation_gw_diversion",9.08130545774453
"rcp26","miroc5","PAK_4","7","irrigation_gw_diversion",11.3197654344948
"rcp26","miroc5","PAK_4","8","irrigation_gw_diversion",11.6729981185063
"rcp26","miroc5","PAK_4","9","irrigation_gw_diversion",7.97484300739371
"rcp26","miroc5","PAK_5","1","irrigation_gw_diversion",8.54367903246141
"rcp26","miroc5","PAK_5","10","irrigation_gw_diversion",5.90905961834749
"rcp26","miroc5","PAK_5","11","irrigation_gw_diversion",4.85579110383103
"rcp26","miroc5","PAK_5","12","irrigation_gw_diversion",4.20399173894801
"rcp26","miroc5","PAK_5","2","irrigation_gw_diversion",13.06591217786
"rcp26","miroc5","PAK_5","3","irrigation_gw_diversion",14.6672475518895
"rcp26","miroc5","PAK_5","4","irrigation_gw_diversion",14.9431592776067
"rcp26","miroc5","PAK_5","5","irrigation_gw_diversion",13.4966109459262
"rcp26","miroc5","PAK_5","6","irrigation_gw_diversion",13.2393007636325
"rcp26","miroc5","PAK_5","7","irrigation_gw_diversion",15.102848513101
"rcp26","miroc5","PAK_5","8","irrigation_gw_diversion",15.3378814626454
"rcp26","miroc5","PAK_5","9","irrigation_gw_diversion",11.2815400260357
"rcp26","miroc5","PAK_6","1","irrigation_gw_diversion",10.4884620919904
"rcp26","miroc5","PAK_6","10","irrigation_gw_diversion",5.06215823869506
"rcp26","miroc5","PAK_6","11","irrigation_gw_diversion",5.23424713605432
"rcp26","miroc5","PAK_6","12","irrigation_gw_diversion",5.04962989502715
"rcp26","miroc5","PAK_6","2","irrigation_gw_diversion",15.3041967281363
"rcp26","miroc5","PAK_6","3","irrigation_gw_diversion",17.2397256120686
"rcp26","miroc5","PAK_6","4","irrigation_gw_diversion",16.5138185423909
"rcp26","miroc5","PAK_6","5","irrigation_gw_diversion",13.7802023042609
"rcp26","miroc5","PAK_6","6","irrigation_gw_diversion",12.222024606988
"rcp26","miroc5","PAK_6","7","irrigation_gw_diversion",13.6501666828898
"rcp26","miroc5","PAK_6","8","irrigation_gw_diversion",13.2590690026678
"rcp26","miroc5","PAK_6","9","irrigation_gw_diversion",9.52748021520996
"rcp26","miroc5","PAK_7","1","irrigation_gw_diversion",0.752319516039799
"rcp26","miroc5","PAK_7","10","irrigation_gw_diversion",1.64289811159414
"rcp26","miroc5","PAK_7","11","irrigation_gw_diversion",0.777957623590035
"rcp26","miroc5","PAK_7","12","irrigation_gw_diversion",0.405215159933564
"rcp26","miroc5","PAK_7","2","irrigation_gw_diversion",0.770946319516526
"rcp26","miroc5","PAK_7","3","irrigation_gw_diversion",1.22780516414297
"rcp26","miroc5","PAK_7","4","irrigation_gw_diversion",2.0569963704469
"rcp26","miroc5","PAK_7","5","irrigation_gw_diversion",2.69972336672575
"rcp26","miroc5","PAK_7","6","irrigation_gw_diversion",3.26190129593324
"rcp26","miroc5","PAK_7","7","irrigation_gw_diversion",3.59849263228732
"rcp26","miroc5","PAK_7","8","irrigation_gw_diversion",3.76606279196955
"rcp26","miroc5","PAK_7","9","irrigation_gw_diversion",2.82761760685157
"rcp26","miroc5","PAK_8","1","irrigation_gw_diversion",0.168401723941194
"rcp26","miroc5","PAK_8","10","irrigation_gw_diversion",0.657929565810723
"rcp26","miroc5","PAK_8","11","irrigation_gw_diversion",0.30128996321123
"rcp26","miroc5","PAK_8","12","irrigation_gw_diversion",0.126174676230368
"rcp26","miroc5","PAK_8","2","irrigation_gw_diversion",0.165403398263647
"rcp26","miroc5","PAK_8","3","irrigation_gw_diversion",0.318209091851256
"rcp26","miroc5","PAK_8","4","irrigation_gw_diversion",0.928480839419532
"rcp26","miroc5","PAK_8","5","irrigation_gw_diversion",1.2368647599862
"rcp26","miroc5","PAK_8","6","irrigation_gw_diversion",1.63192336509098
"rcp26","miroc5","PAK_8","7","irrigation_gw_diversion",1.49272989474773
"rcp26","miroc5","PAK_8","8","irrigation_gw_diversion",1.65590201833182
"rcp26","miroc5","PAK_8","9","irrigation_gw_diversion",1.14058873801241
"rcp26","miroc5","PAK_9","1","irrigation_gw_diversion",9.4003539753761
"rcp26","miroc5","PAK_9","10","irrigation_gw_diversion",13.1100056212356
"rcp26","miroc5","PAK_9","11","irrigation_gw_diversion",6.65779680842269
"rcp26","miroc5","PAK_9","12","irrigation_gw_diversion",4.17016649133911
"rcp26","miroc5","PAK_9","2","irrigation_gw_diversion",15.4031889626391
"rcp26","miroc5","PAK_9","3","irrigation_gw_diversion",21.9755550503775
"rcp26","miroc5","PAK_9","4","irrigation_gw_diversion",22.8982535346925
"rcp26","miroc5","PAK_9","5","irrigation_gw_diversion",24.1822959993261
"rcp26","miroc5","PAK_9","6","irrigation_gw_diversion",38.8916722382249
"rcp26","miroc5","PAK_9","7","irrigation_gw_diversion",39.6149485651582
"rcp26","miroc5","PAK_9","8","irrigation_gw_diversion",43.0877190507657
"rcp26","miroc5","PAK_9","9","irrigation_gw_diversion",29.5754167890704
"rcp60","ensemble","AFG_1","1","irrigation_gw_diversion",0.715649758106517
"rcp60","ensemble","AFG_1","10","irrigation_gw_diversion",0.478378435368865
"rcp60","ensemble","AFG_1","11","irrigation_gw_diversion",0.392444109737201
"rcp60","ensemble","AFG_1","12","irrigation_gw_diversion",0.390571520060867
"rcp60","ensemble","AFG_1","2","irrigation_gw_diversion",1.06120413381544
"rcp60","ensemble","AFG_1","3","irrigation_gw_diversion",1.52319921869726
"rcp60","ensemble","AFG_1","4","irrigation_gw_diversion",1.53832637594956
"rcp60","ensemble","AFG_1","5","irrigation_gw_diversion",1.32930853908839
"rcp60","ensemble","AFG_1","6","irrigation_gw_diversion",1.01878235405812
"rcp60","ensemble","AFG_1","7","irrigation_gw_diversion",1.27806793395147
"rcp60","ensemble","AFG_1","8","irrigation_gw_diversion",1.34896600691282
"rcp60","ensemble","AFG_1","9","irrigation_gw_diversion",0.994960252354898
"rcp60","ensemble","AFG_2","1","irrigation_gw_diversion",0.654319356087463
"rcp60","ensemble","AFG_2","10","irrigation_gw_diversion",0.896923630115819
"rcp60","ensemble","AFG_2","11","irrigation_gw_diversion",0.507690166847442
"rcp60","ensemble","AFG_2","12","irrigation_gw_diversion",0.422555834524552
"rcp60","ensemble","AFG_2","2","irrigation_gw_diversion",0.824481843004294
"rcp60","ensemble","AFG_2","3","irrigation_gw_diversion",1.59213146481327
"rcp60","ensemble","AFG_2","4","irrigation_gw_diversion",1.93643111605699
"rcp60","ensemble","AFG_2","5","irrigation_gw_diversion",2.25072836537254
"rcp60","ensemble","AFG_2","6","irrigation_gw_diversion",2.35026277658617
"rcp60","ensemble","AFG_2","7","irrigation_gw_diversion",3.15642364947545
"rcp60","ensemble","AFG_2","8","irrigation_gw_diversion",3.19477628155593
"rcp60","ensemble","AFG_2","9","irrigation_gw_diversion",2.18098665087236
"rcp60","ensemble","CHN_1","11","irrigation_gw_diversion",0
"rcp60","ensemble","CHN_1","12","irrigation_gw_diversion",0
"rcp60","ensemble","CHN_1","3","irrigation_gw_diversion",0
"rcp60","ensemble","CHN_1","4","irrigation_gw_diversion",0
"rcp60","ensemble","CHN_1","5","irrigation_gw_diversion",0
"rcp60","ensemble","IND_1","1","irrigation_gw_diversion",0
"rcp60","ensemble","IND_1","10","irrigation_gw_diversion",0
"rcp60","ensemble","IND_1","11","irrigation_gw_diversion",0
"rcp60","ensemble","IND_1","12","irrigation_gw_diversion",0
"rcp60","ensemble","IND_1","2","irrigation_gw_diversion",0
"rcp60","ensemble","IND_1","3","irrigation_gw_diversion",0
"rcp60","ensemble","IND_1","4","irrigation_gw_diversion",0
"rcp60","ensemble","IND_1","5","irrigation_gw_diversion",0
"rcp60","ensemble","IND_1","6","irrigation_gw_diversion",0
"rcp60","ensemble","IND_1","7","irrigation_gw_diversion",0
"rcp60","ensemble","IND_1","8","irrigation_gw_diversion",0
"rcp60","ensemble","IND_1","9","irrigation_gw_diversion",0
"rcp60","ensemble","IND_2","1","irrigation_gw_diversion",0.0178350964911455
"rcp60","ensemble","IND_2","10","irrigation_gw_diversion",0.0421647975454297
"rcp60","ensemble","IND_2","11","irrigation_gw_diversion",0.0204811243812617
"rcp60","ensemble","IND_2","12","irrigation_gw_diversion",0.0109957419984902
"rcp60","ensemble","IND_2","2","irrigation_gw_diversion",0.0382362267613064
"rcp60","ensemble","IND_2","3","irrigation_gw_diversion",0.0577983005079807
"rcp60","ensemble","IND_2","4","irrigation_gw_diversion",0.0711166540641017
"rcp60","ensemble","IND_2","5","irrigation_gw_diversion",0.0590808175748986
"rcp60","ensemble","IND_2","6","irrigation_gw_diversion",0.0242558123847317
"rcp60","ensemble","IND_2","7","irrigation_gw_diversion",0.0069210909135111
"rcp60","ensemble","IND_2","8","irrigation_gw_diversion",0.0273867894867509
"rcp60","ensemble","IND_2","9","irrigation_gw_diversion",0.0630084753183409
"rcp60","ensemble","IND_3","1","irrigation_gw_diversion",2.37674995982374
"rcp60","ensemble","IND_3","10","irrigation_gw_diversion",2.80173237290557
"rcp60","ensemble","IND_3","11","irrigation_gw_diversion",1.78431781203712
"rcp60","ensemble","IND_3","12","irrigation_gw_diversion",1.38220279937296
"rcp60","ensemble","IND_3","2","irrigation_gw_diversion",5.23442517624521
"rcp60","ensemble","IND_3","3","irrigation_gw_diversion",7.29800574943358
"rcp60","ensemble","IND_3","4","irrigation_gw_diversion",7.35256253270374
"rcp60","ensemble","IND_3","5","irrigation_gw_diversion",6.18488488444539
"rcp60","ensemble","IND_3","6","irrigation_gw_diversion",7.75465348854216
"rcp60","ensemble","IND_3","7","irrigation_gw_diversion",6.66591009504675
"rcp60","ensemble","IND_3","8","irrigation_gw_diversion",7.14202898696124
"rcp60","ensemble","IND_3","9","irrigation_gw_diversion",5.68309888307516
"rcp60","ensemble","IND_4","1","irrigation_gw_diversion",54.540651734097
"rcp60","ensemble","IND_4","10","irrigation_gw_diversion",34.7491917109473
"rcp60","ensemble","IND_4","11","irrigation_gw_diversion",30.9724847766772
"rcp60","ensemble","IND_4","12","irrigation_gw_diversion",27.2894083947725
"rcp60","ensemble","IND_4","2","irrigation_gw_diversion",101.472262678801
"rcp60","ensemble","IND_4","3","irrigation_gw_diversion",151.664956237264
"rcp60","ensemble","IND_4","4","irrigation_gw_diversion",146.698729528382
"rcp60","ensemble","IND_4","5","irrigation_gw_diversion",117.80088865051
"rcp60","ensemble","IND_4","6","irrigation_gw_diversion",84.7214604816866
"rcp60","ensemble","IND_4","7","irrigation_gw_diversion",71.2360728563703
"rcp60","ensemble","IND_4","8","irrigation_gw_diversion",73.960184409262
"rcp60","ensemble","IND_4","9","irrigation_gw_diversion",54.8147129826228
"rcp60","ensemble","IND_5","1","irrigation_gw_diversion",0
"rcp60","ensemble","IND_5","10","irrigation_gw_diversion",0
"rcp60","ensemble","IND_5","11","irrigation_gw_diversion",0
"rcp60","ensemble","IND_5","12","irrigation_gw_diversion",0
"rcp60","ensemble","IND_5","2","irrigation_gw_diversion",0
"rcp60","ensemble","IND_5","3","irrigation_gw_diversion",0
"rcp60","ensemble","IND_5","4","irrigation_gw_diversion",0
"rcp60","ensemble","IND_5","5","irrigation_gw_diversion",0
"rcp60","ensemble","IND_5","6","irrigation_gw_diversion",0
"rcp60","ensemble","IND_5","7","irrigation_gw_diversion",0
"rcp60","ensemble","IND_5","8","irrigation_gw_diversion",0
"rcp60","ensemble","IND_5","9","irrigation_gw_diversion",0
"rcp60","ensemble","IND_6","1","irrigation_gw_diversion",0
"rcp60","ensemble","IND_6","10","irrigation_gw_diversion",0
"rcp60","ensemble","IND_6","11","irrigation_gw_diversion",0
"rcp60","ensemble","IND_6","12","irrigation_gw_diversion",0
"rcp60","ensemble","IND_6","2","irrigation_gw_diversion",0
"rcp60","ensemble","IND_6","3","irrigation_gw_diversion",0
"rcp60","ensemble","IND_6","4","irrigation_gw_diversion",0
"rcp60","ensemble","IND_6","5","irrigation_gw_diversion",0
"rcp60","ensemble","IND_6","6","irrigation_gw_diversion",0
"rcp60","ensemble","IND_6","7","irrigation_gw_diversion",0
"rcp60","ensemble","IND_6","8","irrigation_gw_diversion",0
"rcp60","ensemble","IND_6","9","irrigation_gw_diversion",0
"rcp60","ensemble","PAK_1","1","irrigation_gw_diversion",1.4290156548108
"rcp60","ensemble","PAK_1","10","irrigation_gw_diversion",1.15813654674119
"rcp60","ensemble","PAK_1","11","irrigation_gw_diversion",0.808600477908364
"rcp60","ensemble","PAK_1","12","irrigation_gw_diversion",0.59014412439668
"rcp60","ensemble","PAK_1","2","irrigation_gw_diversion",2.52412363067092
"rcp60","ensemble","PAK_1","3","irrigation_gw_diversion",3.65527092146766
"rcp60","ensemble","PAK_1","4","irrigation_gw_diversion",3.74871390626272
"rcp60","ensemble","PAK_1","5","irrigation_gw_diversion",3.73327741456454
"rcp60","ensemble","PAK_1","6","irrigation_gw_diversion",3.58013810105143
"rcp60","ensemble","PAK_1","7","irrigation_gw_diversion",3.66124941769563
"rcp60","ensemble","PAK_1","8","irrigation_gw_diversion",3.48438226600888
"rcp60","ensemble","PAK_1","9","irrigation_gw_diversion",2.34729442727019
"rcp60","ensemble","PAK_10","1","irrigation_gw_diversion",16.3361909630892
"rcp60","ensemble","PAK_10","10","irrigation_gw_diversion",13.5260420244898
"rcp60","ensemble","PAK_10","11","irrigation_gw_diversion",9.25865307365443
"rcp60","ensemble","PAK_10","12","irrigation_gw_diversion",7.30000214258027
"rcp60","ensemble","PAK_10","2","irrigation_gw_diversion",29.2173298981665
"rcp60","ensemble","PAK_10","3","irrigation_gw_diversion",40.8314377720099
"rcp60","ensemble","PAK_10","4","irrigation_gw_diversion",38.0402646249124
"rcp60","ensemble","PAK_10","5","irrigation_gw_diversion",34.0128573187635
"rcp60","ensemble","PAK_10","6","irrigation_gw_diversion",37.5159157302201
"rcp60","ensemble","PAK_10","7","irrigation_gw_diversion",47.5621256565455
"rcp60","ensemble","PAK_10","8","irrigation_gw_diversion",45.3043135726639
"rcp60","ensemble","PAK_10","9","irrigation_gw_diversion",29.2717413949094
"rcp60","ensemble","PAK_11","1","irrigation_gw_diversion",0
"rcp60","ensemble","PAK_11","10","irrigation_gw_diversion",0
"rcp60","ensemble","PAK_11","11","irrigation_gw_diversion",0
"rcp60","ensemble","PAK_11","12","irrigation_gw_diversion",0
"rcp60","ensemble","PAK_11","2","irrigation_gw_diversion",0
"rcp60","ensemble","PAK_11","3","irrigation_gw_diversion",0
"rcp60","ensemble","PAK_11","4","irrigation_gw_diversion",0
"rcp60","ensemble","PAK_11","5","irrigation_gw_diversion",0
"rcp60","ensemble","PAK_11","6","irrigation_gw_diversion",0
"rcp60","ensemble","PAK_11","7","irrigation_gw_diversion",0
"rcp60","ensemble","PAK_11","8","irrigation_gw_diversion",0
"rcp60","ensemble","PAK_11","9","irrigation_gw_diversion",0
"rcp60","ensemble","PAK_12","1","irrigation_gw_diversion",0.342977845110968
"rcp60","ensemble","PAK_12","10","irrigation_gw_diversion",0.328567869378023
"rcp60","ensemble","PAK_12","11","irrigation_gw_diversion",0.221681468730812
"rcp60","ensemble","PAK_12","12","irrigation_gw_diversion",0.169277854278273
"rcp60","ensemble","PAK_12","2","irrigation_gw_diversion",0.543848764971379
"rcp60","ensemble","PAK_12","3","irrigation_gw_diversion",0.710902165927416
"rcp60","ensemble","PAK_12","4","irrigation_gw_diversion",0.682457037866335
"rcp60","ensemble","PAK_12","5","irrigation_gw_diversion",0.712377657409304
"rcp60","ensemble","PAK_12","6","irrigation_gw_diversion",0.78155606815433
"rcp60","ensemble","PAK_12","7","irrigation_gw_diversion",0.912919056547967
"rcp60","ensemble","PAK_12","8","irrigation_gw_diversion",0.87694911473338
"rcp60","ensemble","PAK_12","9","irrigation_gw_diversion",0.613879095566429
"rcp60","ensemble","PAK_2","1","irrigation_gw_diversion",4.45320035720742
"rcp60","ensemble","PAK_2","10","irrigation_gw_diversion",4.54016660581347
"rcp60","ensemble","PAK_2","11","irrigation_gw_diversion",2.65987834756054
"rcp60","ensemble","PAK_2","12","irrigation_gw_diversion",1.95018986128842
"rcp60","ensemble","PAK_2","2","irrigation_gw_diversion",8.2924413420385
"rcp60","ensemble","PAK_2","3","irrigation_gw_diversion",11.9440885926511
"rcp60","ensemble","PAK_2","4","irrigation_gw_diversion",11.8885641319089
"rcp60","ensemble","PAK_2","5","irrigation_gw_diversion",11.6264590705869
"rcp60","ensemble","PAK_2","6","irrigation_gw_diversion",14.1575868439858
"rcp60","ensemble","PAK_2","7","irrigation_gw_diversion",14.7501855223488
"rcp60","ensemble","PAK_2","8","irrigation_gw_diversion",14.0394322581634
"rcp60","ensemble","PAK_2","9","irrigation_gw_diversion",9.52318609500957
"rcp60","ensemble","PAK_3","1","irrigation_gw_diversion",3.70317857013223
"rcp60","ensemble","PAK_3","10","irrigation_gw_diversion",3.44220685818462
"rcp60","ensemble","PAK_3","11","irrigation_gw_diversion",2.03382708114018
"rcp60","ensemble","PAK_3","12","irrigation_gw_diversion",1.63716030026779
"rcp60","ensemble","PAK_3","2","irrigation_gw_diversion",6.48541976699133
"rcp60","ensemble","PAK_3","3","irrigation_gw_diversion",8.5216576262179
"rcp60","ensemble","PAK_3","4","irrigation_gw_diversion",7.82204949615959
"rcp60","ensemble","PAK_3","5","irrigation_gw_diversion",7.14755811390741
"rcp60","ensemble","PAK_3","6","irrigation_gw_diversion",8.4277837614016
"rcp60","ensemble","PAK_3","7","irrigation_gw_diversion",10.8992269040035
"rcp60","ensemble","PAK_3","8","irrigation_gw_diversion",10.911796452307
"rcp60","ensemble","PAK_3","9","irrigation_gw_diversion",7.3823803642291
"rcp60","ensemble","PAK_4","1","irrigation_gw_diversion",5.89424226158792
"rcp60","ensemble","PAK_4","10","irrigation_gw_diversion",3.73035967715359
"rcp60","ensemble","PAK_4","11","irrigation_gw_diversion",2.85976538010662
"rcp60","ensemble","PAK_4","12","irrigation_gw_diversion",2.94684528762948
"rcp60","ensemble","PAK_4","2","irrigation_gw_diversion",8.25998943691253
"rcp60","ensemble","PAK_4","3","irrigation_gw_diversion",10.1656684124756
"rcp60","ensemble","PAK_4","4","irrigation_gw_diversion",9.57001827626526
"rcp60","ensemble","PAK_4","5","irrigation_gw_diversion",7.82934711474307
"rcp60","ensemble","PAK_4","6","irrigation_gw_diversion",9.40470614162858
"rcp60","ensemble","PAK_4","7","irrigation_gw_diversion",12.0038988814915
"rcp60","ensemble","PAK_4","8","irrigation_gw_diversion",11.2199443303627
"rcp60","ensemble","PAK_4","9","irrigation_gw_diversion",7.83479776662006
"rcp60","ensemble","PAK_5","1","irrigation_gw_diversion",7.7153570605732
"rcp60","ensemble","PAK_5","10","irrigation_gw_diversion",6.18359109294417
"rcp60","ensemble","PAK_5","11","irrigation_gw_diversion",4.66868424512825
"rcp60","ensemble","PAK_5","12","irrigation_gw_diversion",4.05780563691914
"rcp60","ensemble","PAK_5","2","irrigation_gw_diversion",12.5713642328245
"rcp60","ensemble","PAK_5","3","irrigation_gw_diversion",14.4919633546965
"rcp60","ensemble","PAK_5","4","irrigation_gw_diversion",14.3948764434757
"rcp60","ensemble","PAK_5","5","irrigation_gw_diversion",13.3626978605252
"rcp60","ensemble","PAK_5","6","irrigation_gw_diversion",14.3218673029365
"rcp60","ensemble","PAK_5","7","irrigation_gw_diversion",15.9948852663514
"rcp60","ensemble","PAK_5","8","irrigation_gw_diversion",15.3385882236184
"rcp60","ensemble","PAK_5","9","irrigation_gw_diversion",11.5162526415457
"rcp60","ensemble","PAK_6","1","irrigation_gw_diversion",9.68678592991796
"rcp60","ensemble","PAK_6","10","irrigation_gw_diversion",5.26003394723897
"rcp60","ensemble","PAK_6","11","irrigation_gw_diversion",5.10837824394631
"rcp60","ensemble","PAK_6","12","irrigation_gw_diversion",4.97322344202376
"rcp60","ensemble","PAK_6","2","irrigation_gw_diversion",15.0872939629505
"rcp60","ensemble","PAK_6","3","irrigation_gw_diversion",17.5557920829004
"rcp60","ensemble","PAK_6","4","irrigation_gw_diversion",16.1821943436537
"rcp60","ensemble","PAK_6","5","irrigation_gw_diversion",13.7825459990912
"rcp60","ensemble","PAK_6","6","irrigation_gw_diversion",12.6684649542249
"rcp60","ensemble","PAK_6","7","irrigation_gw_diversion",14.3473684112517
"rcp60","ensemble","PAK_6","8","irrigation_gw_diversion",13.1174358108838
"rcp60","ensemble","PAK_6","9","irrigation_gw_diversion",9.54074468409314
"rcp60","ensemble","PAK_7","1","irrigation_gw_diversion",0.679230328153166
"rcp60","ensemble","PAK_7","10","irrigation_gw_diversion",1.6877074002138
"rcp60","ensemble","PAK_7","11","irrigation_gw_diversion",0.768979997942622
"rcp60","ensemble","PAK_7","12","irrigation_gw_diversion",0.406491807722919
"rcp60","ensemble","PAK_7","2","irrigation_gw_diversion",0.95053798859153
"rcp60","ensemble","PAK_7","3","irrigation_gw_diversion",1.37038238635781
"rcp60","ensemble","PAK_7","4","irrigation_gw_diversion",1.8204941441582
"rcp60","ensemble","PAK_7","5","irrigation_gw_diversion",2.66893591675841
"rcp60","ensemble","PAK_7","6","irrigation_gw_diversion",3.14648815037173
"rcp60","ensemble","PAK_7","7","irrigation_gw_diversion",3.52744055052534
"rcp60","ensemble","PAK_7","8","irrigation_gw_diversion",3.7576713417699
"rcp60","ensemble","PAK_7","9","irrigation_gw_diversion",3.0384605852172
"rcp60","ensemble","PAK_8","1","irrigation_gw_diversion",0.170923305897381
"rcp60","ensemble","PAK_8","10","irrigation_gw_diversion",0.685616552384151
"rcp60","ensemble","PAK_8","11","irrigation_gw_diversion",0.327176136911467
"rcp60","ensemble","PAK_8","12","irrigation_gw_diversion",0.144861585909817
"rcp60","ensemble","PAK_8","2","irrigation_gw_diversion",0.244594814035901
"rcp60","ensemble","PAK_8","3","irrigation_gw_diversion",0.398177013463511
"rcp60","ensemble","PAK_8","4","irrigation_gw_diversion",0.841578159872298
"rcp60","ensemble","PAK_8","5","irrigation_gw_diversion",1.2520572603198
"rcp60","ensemble","PAK_8","6","irrigation_gw_diversion",1.61425686877885
"rcp60","ensemble","PAK_8","7","irrigation_gw_diversion",1.5011936205359
"rcp60","ensemble","PAK_8","8","irrigation_gw_diversion",1.58799716346486
"rcp60","ensemble","PAK_8","9","irrigation_gw_diversion",1.21499935645156
"rcp60","ensemble","PAK_9","1","irrigation_gw_diversion",8.56666289375031
"rcp60","ensemble","PAK_9","10","irrigation_gw_diversion",14.0932910229716
"rcp60","ensemble","PAK_9","11","irrigation_gw_diversion",6.65582877361295
"rcp60","ensemble","PAK_9","12","irrigation_gw_diversion",3.87080924823096
"rcp60","ensemble","PAK_9","2","irrigation_gw_diversion",16.0960842989209
"rcp60","ensemble","PAK_9","3","irrigation_gw_diversion",23.7052927947081
"rcp60","ensemble","PAK_9","4","irrigation_gw_diversion",23.0729781389325
"rcp60","ensemble","PAK_9","5","irrigation_gw_diversion",25.2170350650765
"rcp60","ensemble","PAK_9","6","irrigation_gw_diversion",40.8484311061964
"rcp60","ensemble","PAK_9","7","irrigation_gw_diversion",46.8896258270158
"rcp60","ensemble","PAK_9","8","irrigation_gw_diversion",45.290331933175
"rcp60","ensemble","PAK_9","9","irrigation_gw_diversion",30.1693490041504
"rcp60","gfdl-esm2m","AFG_1","1","irrigation_gw_diversion",0.676264785629473
"rcp60","gfdl-esm2m","AFG_1","10","irrigation_gw_diversion",0.477523708044348
"rcp60","gfdl-esm2m","AFG_1","11","irrigation_gw_diversion",0.409805765352825
"rcp60","gfdl-esm2m","AFG_1","12","irrigation_gw_diversion",0.365085655585744
"rcp60","gfdl-esm2m","AFG_1","2","irrigation_gw_diversion",0.943037598956299
"rcp60","gfdl-esm2m","AFG_1","3","irrigation_gw_diversion",1.24736389854435
"rcp60","gfdl-esm2m","AFG_1","4","irrigation_gw_diversion",1.48741378529543
"rcp60","gfdl-esm2m","AFG_1","5","irrigation_gw_diversion",1.32053520526524
"rcp60","gfdl-esm2m","AFG_1","6","irrigation_gw_diversion",0.98310823832484
"rcp60","gfdl-esm2m","AFG_1","7","irrigation_gw_diversion",1.27616754539495
"rcp60","gfdl-esm2m","AFG_1","8","irrigation_gw_diversion",1.46647271172329
"rcp60","gfdl-esm2m","AFG_1","9","irrigation_gw_diversion",1.11103683806171
"rcp60","gfdl-esm2m","AFG_2","1","irrigation_gw_diversion",0.610415527250651
"rcp60","gfdl-esm2m","AFG_2","10","irrigation_gw_diversion",0.865453671233411
"rcp60","gfdl-esm2m","AFG_2","11","irrigation_gw_diversion",0.538453771135254
"rcp60","gfdl-esm2m","AFG_2","12","irrigation_gw_diversion",0.41663663946001
"rcp60","gfdl-esm2m","AFG_2","2","irrigation_gw_diversion",0.696005925278313
"rcp60","gfdl-esm2m","AFG_2","3","irrigation_gw_diversion",1.32757617943639
"rcp60","gfdl-esm2m","AFG_2","4","irrigation_gw_diversion",1.97726611179144
"rcp60","gfdl-esm2m","AFG_2","5","irrigation_gw_diversion",2.43540406366621
"rcp60","gfdl-esm2m","AFG_2","6","irrigation_gw_diversion",2.26900089692473
"rcp60","gfdl-esm2m","AFG_2","7","irrigation_gw_diversion",3.15317928390453
"rcp60","gfdl-esm2m","AFG_2","8","irrigation_gw_diversion",3.27364511337191
"rcp60","gfdl-esm2m","AFG_2","9","irrigation_gw_diversion",2.39896049413176
"rcp60","gfdl-esm2m","CHN_1","1","irrigation_gw_diversion",0
"rcp60","gfdl-esm2m","CHN_1","11","irrigation_gw_diversion",0
"rcp60","gfdl-esm2m","CHN_1","12","irrigation_gw_diversion",0
"rcp60","gfdl-esm2m","CHN_1","3","irrigation_gw_diversion",0
"rcp60","gfdl-esm2m","CHN_1","4","irrigation_gw_diversion",0
"rcp60","gfdl-esm2m","CHN_1","5","irrigation_gw_diversion",0
"rcp60","gfdl-esm2m","IND_1","1","irrigation_gw_diversion",0
"rcp60","gfdl-esm2m","IND_1","10","irrigation_gw_diversion",0
"rcp60","gfdl-esm2m","IND_1","11","irrigation_gw_diversion",0
"rcp60","gfdl-esm2m","IND_1","12","irrigation_gw_diversion",0
"rcp60","gfdl-esm2m","IND_1","2","irrigation_gw_diversion",0
"rcp60","gfdl-esm2m","IND_1","3","irrigation_gw_diversion",0
"rcp60","gfdl-esm2m","IND_1","4","irrigation_gw_diversion",0
"rcp60","gfdl-esm2m","IND_1","5","irrigation_gw_diversion",0
"rcp60","gfdl-esm2m","IND_1","6","irrigation_gw_diversion",0
"rcp60","gfdl-esm2m","IND_1","7","irrigation_gw_diversion",0
"rcp60","gfdl-esm2m","IND_1","8","irrigation_gw_diversion",0
"rcp60","gfdl-esm2m","IND_1","9","irrigation_gw_diversion",0
"rcp60","gfdl-esm2m","IND_2","1","irrigation_gw_diversion",0.0183955529734194
"rcp60","gfdl-esm2m","IND_2","10","irrigation_gw_diversion",0.0427467796786769
"rcp60","gfdl-esm2m","IND_2","11","irrigation_gw_diversion",0.0210337457453708
"rcp60","gfdl-esm2m","IND_2","12","irrigation_gw_diversion",0.00680067998922789
"rcp60","gfdl-esm2m","IND_2","2","irrigation_gw_diversion",0.0410318722538488
"rcp60","gfdl-esm2m","IND_2","3","irrigation_gw_diversion",0.0493465818787344
"rcp60","gfdl-esm2m","IND_2","4","irrigation_gw_diversion",0.0667384556002783
"rcp60","gfdl-esm2m","IND_2","5","irrigation_gw_diversion",0.0539713046178492
"rcp60","gfdl-esm2m","IND_2","6","irrigation_gw_diversion",0.0165038501217029
"rcp60","gfdl-esm2m","IND_2","7","irrigation_gw_diversion",0.00532957126116923
"rcp60","gfdl-esm2m","IND_2","8","irrigation_gw_diversion",0.0321580299959586
"rcp60","gfdl-esm2m","IND_2","9","irrigation_gw_diversion",0.0663009994241412
"rcp60","gfdl-esm2m","IND_3","1","irrigation_gw_diversion",2.62537061896563
"rcp60","gfdl-esm2m","IND_3","10","irrigation_gw_diversion",2.74082648659325
"rcp60","gfdl-esm2m","IND_3","11","irrigation_gw_diversion",1.79116680166265
"rcp60","gfdl-esm2m","IND_3","12","irrigation_gw_diversion",1.24767900801229
"rcp60","gfdl-esm2m","IND_3","2","irrigation_gw_diversion",5.94325321672385
"rcp60","gfdl-esm2m","IND_3","3","irrigation_gw_diversion",7.22707147750157
"rcp60","gfdl-esm2m","IND_3","4","irrigation_gw_diversion",7.74040508514105
"rcp60","gfdl-esm2m","IND_3","5","irrigation_gw_diversion",6.28912499962572
"rcp60","gfdl-esm2m","IND_3","6","irrigation_gw_diversion",6.57807441199961
"rcp60","gfdl-esm2m","IND_3","7","irrigation_gw_diversion",6.11593005676036
"rcp60","gfdl-esm2m","IND_3","8","irrigation_gw_diversion",7.5509339922987
"rcp60","gfdl-esm2m","IND_3","9","irrigation_gw_diversion",5.85981106161422
"rcp60","gfdl-esm2m","IND_4","1","irrigation_gw_diversion",55.7034905707951
"rcp60","gfdl-esm2m","IND_4","10","irrigation_gw_diversion",34.4242353673266
"rcp60","gfdl-esm2m","IND_4","11","irrigation_gw_diversion",28.8126835416876
"rcp60","gfdl-esm2m","IND_4","12","irrigation_gw_diversion",25.3415094042086
"rcp60","gfdl-esm2m","IND_4","2","irrigation_gw_diversion",109.571715137051
"rcp60","gfdl-esm2m","IND_4","3","irrigation_gw_diversion",141.200296071215
"rcp60","gfdl-esm2m","IND_4","4","irrigation_gw_diversion",142.75723308467
"rcp60","gfdl-esm2m","IND_4","5","irrigation_gw_diversion",111.411042702761
"rcp60","gfdl-esm2m","IND_4","6","irrigation_gw_diversion",79.1001792329739
"rcp60","gfdl-esm2m","IND_4","7","irrigation_gw_diversion",72.5788871031133
"rcp60","gfdl-esm2m","IND_4","8","irrigation_gw_diversion",88.2463750195177
"rcp60","gfdl-esm2m","IND_4","9","irrigation_gw_diversion",61.3911712951005
"rcp60","gfdl-esm2m","IND_5","1","irrigation_gw_diversion",0
"rcp60","gfdl-esm2m","IND_5","10","irrigation_gw_diversion",0
"rcp60","gfdl-esm2m","IND_5","11","irrigation_gw_diversion",0
"rcp60","gfdl-esm2m","IND_5","12","irrigation_gw_diversion",0
"rcp60","gfdl-esm2m","IND_5","2","irrigation_gw_diversion",0
"rcp60","gfdl-esm2m","IND_5","3","irrigation_gw_diversion",0
"rcp60","gfdl-esm2m","IND_5","4","irrigation_gw_diversion",0
"rcp60","gfdl-esm2m","IND_5","5","irrigation_gw_diversion",0
"rcp60","gfdl-esm2m","IND_5","6","irrigation_gw_diversion",0
"rcp60","gfdl-esm2m","IND_5","7","irrigation_gw_diversion",0
"rcp60","gfdl-esm2m","IND_5","8","irrigation_gw_diversion",0
"rcp60","gfdl-esm2m","IND_5","9","irrigation_gw_diversion",0
"rcp60","gfdl-esm2m","IND_6","1","irrigation_gw_diversion",0
"rcp60","gfdl-esm2m","IND_6","10","irrigation_gw_diversion",0
"rcp60","gfdl-esm2m","IND_6","11","irrigation_gw_diversion",0
"rcp60","gfdl-esm2m","IND_6","12","irrigation_gw_diversion",0
"rcp60","gfdl-esm2m","IND_6","2","irrigation_gw_diversion",0
"rcp60","gfdl-esm2m","IND_6","3","irrigation_gw_diversion",0
"rcp60","gfdl-esm2m","IND_6","4","irrigation_gw_diversion",0
"rcp60","gfdl-esm2m","IND_6","5","irrigation_gw_diversion",0
"rcp60","gfdl-esm2m","IND_6","6","irrigation_gw_diversion",0
"rcp60","gfdl-esm2m","IND_6","7","irrigation_gw_diversion",0
"rcp60","gfdl-esm2m","IND_6","8","irrigation_gw_diversion",0
"rcp60","gfdl-esm2m","IND_6","9","irrigation_gw_diversion",0
"rcp60","gfdl-esm2m","PAK_1","1","irrigation_gw_diversion",1.40891720268303
"rcp60","gfdl-esm2m","PAK_1","10","irrigation_gw_diversion",1.14761465184898
"rcp60","gfdl-esm2m","PAK_1","11","irrigation_gw_diversion",0.781288348511133
"rcp60","gfdl-esm2m","PAK_1","12","irrigation_gw_diversion",0.420514522825904
"rcp60","gfdl-esm2m","PAK_1","2","irrigation_gw_diversion",2.59495043011236
"rcp60","gfdl-esm2m","PAK_1","3","irrigation_gw_diversion",3.40885356024473
"rcp60","gfdl-esm2m","PAK_1","4","irrigation_gw_diversion",3.69864141192694
"rcp60","gfdl-esm2m","PAK_1","5","irrigation_gw_diversion",3.60117436245663
"rcp60","gfdl-esm2m","PAK_1","6","irrigation_gw_diversion",3.08912485720263
"rcp60","gfdl-esm2m","PAK_1","7","irrigation_gw_diversion",3.40421471016017
"rcp60","gfdl-esm2m","PAK_1","8","irrigation_gw_diversion",3.79617970978153
"rcp60","gfdl-esm2m","PAK_1","9","irrigation_gw_diversion",2.49242621640123
"rcp60","gfdl-esm2m","PAK_10","1","irrigation_gw_diversion",17.0993962197701
"rcp60","gfdl-esm2m","PAK_10","10","irrigation_gw_diversion",13.2792289558224
"rcp60","gfdl-esm2m","PAK_10","11","irrigation_gw_diversion",9.22758070574524
"rcp60","gfdl-esm2m","PAK_10","12","irrigation_gw_diversion",7.26348649269026
"rcp60","gfdl-esm2m","PAK_10","2","irrigation_gw_diversion",31.1409244799938
"rcp60","gfdl-esm2m","PAK_10","3","irrigation_gw_diversion",39.976491503553
"rcp60","gfdl-esm2m","PAK_10","4","irrigation_gw_diversion",37.5921155365438
"rcp60","gfdl-esm2m","PAK_10","5","irrigation_gw_diversion",33.483789810468
"rcp60","gfdl-esm2m","PAK_10","6","irrigation_gw_diversion",34.4441557717678
"rcp60","gfdl-esm2m","PAK_10","7","irrigation_gw_diversion",45.6386883251188
"rcp60","gfdl-esm2m","PAK_10","8","irrigation_gw_diversion",47.4827920399681
"rcp60","gfdl-esm2m","PAK_10","9","irrigation_gw_diversion",29.61341609006
"rcp60","gfdl-esm2m","PAK_11","1","irrigation_gw_diversion",0
"rcp60","gfdl-esm2m","PAK_11","10","irrigation_gw_diversion",0
"rcp60","gfdl-esm2m","PAK_11","11","irrigation_gw_diversion",0
"rcp60","gfdl-esm2m","PAK_11","12","irrigation_gw_diversion",0
"rcp60","gfdl-esm2m","PAK_11","2","irrigation_gw_diversion",0
"rcp60","gfdl-esm2m","PAK_11","3","irrigation_gw_diversion",0
"rcp60","gfdl-esm2m","PAK_11","4","irrigation_gw_diversion",0
"rcp60","gfdl-esm2m","PAK_11","5","irrigation_gw_diversion",0
"rcp60","gfdl-esm2m","PAK_11","6","irrigation_gw_diversion",0
"rcp60","gfdl-esm2m","PAK_11","7","irrigation_gw_diversion",0
"rcp60","gfdl-esm2m","PAK_11","8","irrigation_gw_diversion",0
"rcp60","gfdl-esm2m","PAK_11","9","irrigation_gw_diversion",0
"rcp60","gfdl-esm2m","PAK_12","1","irrigation_gw_diversion",0.334696333308353
"rcp60","gfdl-esm2m","PAK_12","10","irrigation_gw_diversion",0.335453291898058
"rcp60","gfdl-esm2m","PAK_12","11","irrigation_gw_diversion",0.225569125274363
"rcp60","gfdl-esm2m","PAK_12","12","irrigation_gw_diversion",0.157377934975069
"rcp60","gfdl-esm2m","PAK_12","2","irrigation_gw_diversion",0.530046018418524
"rcp60","gfdl-esm2m","PAK_12","3","irrigation_gw_diversion",0.651270955878674
"rcp60","gfdl-esm2m","PAK_12","4","irrigation_gw_diversion",0.653890850012081
"rcp60","gfdl-esm2m","PAK_12","5","irrigation_gw_diversion",0.701105883851866
"rcp60","gfdl-esm2m","PAK_12","6","irrigation_gw_diversion",0.714318955149266
"rcp60","gfdl-esm2m","PAK_12","7","irrigation_gw_diversion",0.841494378362027
"rcp60","gfdl-esm2m","PAK_12","8","irrigation_gw_diversion",0.960025544787706
"rcp60","gfdl-esm2m","PAK_12","9","irrigation_gw_diversion",0.683399730781245
"rcp60","gfdl-esm2m","PAK_2","1","irrigation_gw_diversion",4.3408488290306
"rcp60","gfdl-esm2m","PAK_2","10","irrigation_gw_diversion",4.44775114837986
"rcp60","gfdl-esm2m","PAK_2","11","irrigation_gw_diversion",2.50150665727052
"rcp60","gfdl-esm2m","PAK_2","12","irrigation_gw_diversion",1.54890082543831
"rcp60","gfdl-esm2m","PAK_2","2","irrigation_gw_diversion",8.37670335352043
"rcp60","gfdl-esm2m","PAK_2","3","irrigation_gw_diversion",11.1062132353626
"rcp60","gfdl-esm2m","PAK_2","4","irrigation_gw_diversion",11.6010921444775
"rcp60","gfdl-esm2m","PAK_2","5","irrigation_gw_diversion",11.4333898576975
"rcp60","gfdl-esm2m","PAK_2","6","irrigation_gw_diversion",12.2530729380998
"rcp60","gfdl-esm2m","PAK_2","7","irrigation_gw_diversion",14.246827410307
"rcp60","gfdl-esm2m","PAK_2","8","irrigation_gw_diversion",15.6557382906648
"rcp60","gfdl-esm2m","PAK_2","9","irrigation_gw_diversion",9.89722390093111
"rcp60","gfdl-esm2m","PAK_3","1","irrigation_gw_diversion",3.67690917351906
"rcp60","gfdl-esm2m","PAK_3","10","irrigation_gw_diversion",3.45187343773504
"rcp60","gfdl-esm2m","PAK_3","11","irrigation_gw_diversion",1.96560533357827
"rcp60","gfdl-esm2m","PAK_3","12","irrigation_gw_diversion",1.52735639931342
"rcp60","gfdl-esm2m","PAK_3","2","irrigation_gw_diversion",6.34729303762066
"rcp60","gfdl-esm2m","PAK_3","3","irrigation_gw_diversion",8.15818122043857
"rcp60","gfdl-esm2m","PAK_3","4","irrigation_gw_diversion",7.61999413076198
"rcp60","gfdl-esm2m","PAK_3","5","irrigation_gw_diversion",7.08071682286822
"rcp60","gfdl-esm2m","PAK_3","6","irrigation_gw_diversion",7.66805060640055
"rcp60","gfdl-esm2m","PAK_3","7","irrigation_gw_diversion",9.91189539714252
"rcp60","gfdl-esm2m","PAK_3","8","irrigation_gw_diversion",11.5077558518631
"rcp60","gfdl-esm2m","PAK_3","9","irrigation_gw_diversion",7.79540905497994
"rcp60","gfdl-esm2m","PAK_4","1","irrigation_gw_diversion",6.02291814598408
"rcp60","gfdl-esm2m","PAK_4","10","irrigation_gw_diversion",3.6543280438597
"rcp60","gfdl-esm2m","PAK_4","11","irrigation_gw_diversion",2.66993257887598
"rcp60","gfdl-esm2m","PAK_4","12","irrigation_gw_diversion",2.61329720850556
"rcp60","gfdl-esm2m","PAK_4","2","irrigation_gw_diversion",8.51173261892692
"rcp60","gfdl-esm2m","PAK_4","3","irrigation_gw_diversion",10.1314428411092
"rcp60","gfdl-esm2m","PAK_4","4","irrigation_gw_diversion",9.65306799310679
"rcp60","gfdl-esm2m","PAK_4","5","irrigation_gw_diversion",7.66889388907645
"rcp60","gfdl-esm2m","PAK_4","6","irrigation_gw_diversion",9.41061083341087
"rcp60","gfdl-esm2m","PAK_4","7","irrigation_gw_diversion",11.5750926798803
"rcp60","gfdl-esm2m","PAK_4","8","irrigation_gw_diversion",11.6249172624861
"rcp60","gfdl-esm2m","PAK_4","9","irrigation_gw_diversion",8.21677894704048
"rcp60","gfdl-esm2m","PAK_5","1","irrigation_gw_diversion",7.65787905591213
"rcp60","gfdl-esm2m","PAK_5","10","irrigation_gw_diversion",6.23569788518856
"rcp60","gfdl-esm2m","PAK_5","11","irrigation_gw_diversion",4.49846836191006
"rcp60","gfdl-esm2m","PAK_5","12","irrigation_gw_diversion",3.82114502800646
"rcp60","gfdl-esm2m","PAK_5","2","irrigation_gw_diversion",12.5749480776425
"rcp60","gfdl-esm2m","PAK_5","3","irrigation_gw_diversion",13.580318382185
"rcp60","gfdl-esm2m","PAK_5","4","irrigation_gw_diversion",14.1305742882466
"rcp60","gfdl-esm2m","PAK_5","5","irrigation_gw_diversion",13.2315207852864
"rcp60","gfdl-esm2m","PAK_5","6","irrigation_gw_diversion",14.4065486965754
"rcp60","gfdl-esm2m","PAK_5","7","irrigation_gw_diversion",15.8975252882009
"rcp60","gfdl-esm2m","PAK_5","8","irrigation_gw_diversion",16.4656748328015
"rcp60","gfdl-esm2m","PAK_5","9","irrigation_gw_diversion",12.1263758438391
"rcp60","gfdl-esm2m","PAK_6","1","irrigation_gw_diversion",9.56565733550984
"rcp60","gfdl-esm2m","PAK_6","10","irrigation_gw_diversion",5.3809685111142
"rcp60","gfdl-esm2m","PAK_6","11","irrigation_gw_diversion",4.94393684688997
"rcp60","gfdl-esm2m","PAK_6","12","irrigation_gw_diversion",4.5118174515781
"rcp60","gfdl-esm2m","PAK_6","2","irrigation_gw_diversion",15.5039774508893
"rcp60","gfdl-esm2m","PAK_6","3","irrigation_gw_diversion",16.39556464444
"rcp60","gfdl-esm2m","PAK_6","4","irrigation_gw_diversion",15.8821141653655
"rcp60","gfdl-esm2m","PAK_6","5","irrigation_gw_diversion",13.7895904412364
"rcp60","gfdl-esm2m","PAK_6","6","irrigation_gw_diversion",12.9713825998826
"rcp60","gfdl-esm2m","PAK_6","7","irrigation_gw_diversion",14.2609486297844
"rcp60","gfdl-esm2m","PAK_6","8","irrigation_gw_diversion",14.1975485107988
"rcp60","gfdl-esm2m","PAK_6","9","irrigation_gw_diversion",9.95523712717812
"rcp60","gfdl-esm2m","PAK_7","1","irrigation_gw_diversion",0.561218514858315
"rcp60","gfdl-esm2m","PAK_7","10","irrigation_gw_diversion",1.6367551687701
"rcp60","gfdl-esm2m","PAK_7","11","irrigation_gw_diversion",0.807702307816904
"rcp60","gfdl-esm2m","PAK_7","12","irrigation_gw_diversion",0.350244123773293
"rcp60","gfdl-esm2m","PAK_7","2","irrigation_gw_diversion",0.870830348180703
"rcp60","gfdl-esm2m","PAK_7","3","irrigation_gw_diversion",1.09627351213498
"rcp60","gfdl-esm2m","PAK_7","4","irrigation_gw_diversion",1.67165295225937
"rcp60","gfdl-esm2m","PAK_7","5","irrigation_gw_diversion",2.59755936244452
"rcp60","gfdl-esm2m","PAK_7","6","irrigation_gw_diversion",2.90960515636693
"rcp60","gfdl-esm2m","PAK_7","7","irrigation_gw_diversion",3.34556133938706
"rcp60","gfdl-esm2m","PAK_7","8","irrigation_gw_diversion",3.92372821968503
"rcp60","gfdl-esm2m","PAK_7","9","irrigation_gw_diversion",3.48634493250924
"rcp60","gfdl-esm2m","PAK_8","1","irrigation_gw_diversion",0.159934784549386
"rcp60","gfdl-esm2m","PAK_8","10","irrigation_gw_diversion",0.666799493480456
"rcp60","gfdl-esm2m","PAK_8","11","irrigation_gw_diversion",0.313105357793635
"rcp60","gfdl-esm2m","PAK_8","12","irrigation_gw_diversion",0.118540167972028
"rcp60","gfdl-esm2m","PAK_8","2","irrigation_gw_diversion",0.265165604294994
"rcp60","gfdl-esm2m","PAK_8","3","irrigation_gw_diversion",0.343283420106703
"rcp60","gfdl-esm2m","PAK_8","4","irrigation_gw_diversion",0.82418723492929
"rcp60","gfdl-esm2m","PAK_8","5","irrigation_gw_diversion",1.19335656604249
"rcp60","gfdl-esm2m","PAK_8","6","irrigation_gw_diversion",1.39425959621497
"rcp60","gfdl-esm2m","PAK_8","7","irrigation_gw_diversion",1.37484143613629
"rcp60","gfdl-esm2m","PAK_8","8","irrigation_gw_diversion",1.63216904455813
"rcp60","gfdl-esm2m","PAK_8","9","irrigation_gw_diversion",1.30159661619219
"rcp60","gfdl-esm2m","PAK_9","1","irrigation_gw_diversion",8.37454438606676
"rcp60","gfdl-esm2m","PAK_9","10","irrigation_gw_diversion",13.6906466723222
"rcp60","gfdl-esm2m","PAK_9","11","irrigation_gw_diversion",6.25357966019758
"rcp60","gfdl-esm2m","PAK_9","12","irrigation_gw_diversion",3.51752392791066
"rcp60","gfdl-esm2m","PAK_9","2","irrigation_gw_diversion",16.2466020409007
"rcp60","gfdl-esm2m","PAK_9","3","irrigation_gw_diversion",22.225647823616
"rcp60","gfdl-esm2m","PAK_9","4","irrigation_gw_diversion",22.4182865216573
"rcp60","gfdl-esm2m","PAK_9","5","irrigation_gw_diversion",24.6367610823343
"rcp60","gfdl-esm2m","PAK_9","6","irrigation_gw_diversion",35.6159414157905
"rcp60","gfdl-esm2m","PAK_9","7","irrigation_gw_diversion",45.7389822067138
"rcp60","gfdl-esm2m","PAK_9","8","irrigation_gw_diversion",50.3408582047858
"rcp60","gfdl-esm2m","PAK_9","9","irrigation_gw_diversion",31.3442361216774
"rcp60","hadgem2-es","AFG_1","1","irrigation_gw_diversion",0.747468243070595
"rcp60","hadgem2-es","AFG_1","10","irrigation_gw_diversion",0.487232125168566
"rcp60","hadgem2-es","AFG_1","11","irrigation_gw_diversion",0.417669846695215
"rcp60","hadgem2-es","AFG_1","12","irrigation_gw_diversion",0.416856841583388
"rcp60","hadgem2-es","AFG_1","2","irrigation_gw_diversion",1.09965903974355
"rcp60","hadgem2-es","AFG_1","3","irrigation_gw_diversion",1.64277310798257
"rcp60","hadgem2-es","AFG_1","4","irrigation_gw_diversion",1.59801549442056
"rcp60","hadgem2-es","AFG_1","5","irrigation_gw_diversion",1.34371493832161
"rcp60","hadgem2-es","AFG_1","6","irrigation_gw_diversion",1.0333536532168
"rcp60","hadgem2-es","AFG_1","7","irrigation_gw_diversion",1.27060318544224
"rcp60","hadgem2-es","AFG_1","8","irrigation_gw_diversion",1.32597238463111
"rcp60","hadgem2-es","AFG_1","9","irrigation_gw_diversion",0.979157528396162
"rcp60","hadgem2-es","AFG_2","1","irrigation_gw_diversion",0.66371109676252
"rcp60","hadgem2-es","AFG_2","10","irrigation_gw_diversion",0.933532701638803
"rcp60","hadgem2-es","AFG_2","11","irrigation_gw_diversion",0.5354880566782
"rcp60","hadgem2-es","AFG_2","12","irrigation_gw_diversion",0.431339631091772
"rcp60","hadgem2-es","AFG_2","2","irrigation_gw_diversion",0.850699138586394
"rcp60","hadgem2-es","AFG_2","3","irrigation_gw_diversion",1.66732195289607
"rcp60","hadgem2-es","AFG_2","4","irrigation_gw_diversion",1.96318317220124
"rcp60","hadgem2-es","AFG_2","5","irrigation_gw_diversion",2.15076976326828
"rcp60","hadgem2-es","AFG_2","6","irrigation_gw_diversion",2.32847281442984
"rcp60","hadgem2-es","AFG_2","7","irrigation_gw_diversion",3.1256174715032
"rcp60","hadgem2-es","AFG_2","8","irrigation_gw_diversion",3.18139416117137
"rcp60","hadgem2-es","AFG_2","9","irrigation_gw_diversion",2.13840138824381
"rcp60","hadgem2-es","CHN_1","11","irrigation_gw_diversion",0
"rcp60","hadgem2-es","CHN_1","12","irrigation_gw_diversion",0
"rcp60","hadgem2-es","CHN_1","3","irrigation_gw_diversion",0
"rcp60","hadgem2-es","CHN_1","4","irrigation_gw_diversion",0
"rcp60","hadgem2-es","CHN_1","5","irrigation_gw_diversion",0
"rcp60","hadgem2-es","IND_1","1","irrigation_gw_diversion",0
"rcp60","hadgem2-es","IND_1","10","irrigation_gw_diversion",0
"rcp60","hadgem2-es","IND_1","11","irrigation_gw_diversion",0
"rcp60","hadgem2-es","IND_1","12","irrigation_gw_diversion",0
"rcp60","hadgem2-es","IND_1","2","irrigation_gw_diversion",0
"rcp60","hadgem2-es","IND_1","3","irrigation_gw_diversion",0
"rcp60","hadgem2-es","IND_1","4","irrigation_gw_diversion",0
"rcp60","hadgem2-es","IND_1","5","irrigation_gw_diversion",0
"rcp60","hadgem2-es","IND_1","6","irrigation_gw_diversion",0
"rcp60","hadgem2-es","IND_1","7","irrigation_gw_diversion",0
"rcp60","hadgem2-es","IND_1","8","irrigation_gw_diversion",0
"rcp60","hadgem2-es","IND_1","9","irrigation_gw_diversion",0
"rcp60","hadgem2-es","IND_2","1","irrigation_gw_diversion",0.0150793288606352
"rcp60","hadgem2-es","IND_2","10","irrigation_gw_diversion",0.0439268641044587
"rcp60","hadgem2-es","IND_2","11","irrigation_gw_diversion",0.024917112192288
"rcp60","hadgem2-es","IND_2","12","irrigation_gw_diversion",0.0157204077245783
"rcp60","hadgem2-es","IND_2","2","irrigation_gw_diversion",0.0346721672279716
"rcp60","hadgem2-es","IND_2","3","irrigation_gw_diversion",0.0652736330855206
"rcp60","hadgem2-es","IND_2","4","irrigation_gw_diversion",0.0786532459145818
"rcp60","hadgem2-es","IND_2","5","irrigation_gw_diversion",0.0661168762696812
"rcp60","hadgem2-es","IND_2","6","irrigation_gw_diversion",0.0303445863434774
"rcp60","hadgem2-es","IND_2","7","irrigation_gw_diversion",0.00616346304878855
"rcp60","hadgem2-es","IND_2","8","irrigation_gw_diversion",0.0255298622050963
"rcp60","hadgem2-es","IND_2","9","irrigation_gw_diversion",0.0690169464522585
"rcp60","hadgem2-es","IND_3","1","irrigation_gw_diversion",1.98792971470493
"rcp60","hadgem2-es","IND_3","10","irrigation_gw_diversion",2.98935000238216
"rcp60","hadgem2-es","IND_3","11","irrigation_gw_diversion",1.89760788333444
"rcp60","hadgem2-es","IND_3","12","irrigation_gw_diversion",1.50240591122858
"rcp60","hadgem2-es","IND_3","2","irrigation_gw_diversion",4.66777213248264
"rcp60","hadgem2-es","IND_3","3","irrigation_gw_diversion",7.32294563065859
"rcp60","hadgem2-es","IND_3","4","irrigation_gw_diversion",7.19142217032348
"rcp60","hadgem2-es","IND_3","5","irrigation_gw_diversion",6.22957343424987
"rcp60","hadgem2-es","IND_3","6","irrigation_gw_diversion",8.76783524276287
"rcp60","hadgem2-es","IND_3","7","irrigation_gw_diversion",5.43837213185414
"rcp60","hadgem2-es","IND_3","8","irrigation_gw_diversion",7.32191096404643
"rcp60","hadgem2-es","IND_3","9","irrigation_gw_diversion",6.34097155494245
"rcp60","hadgem2-es","IND_4","1","irrigation_gw_diversion",54.6984021223872
"rcp60","hadgem2-es","IND_4","10","irrigation_gw_diversion",33.3148754783924
"rcp60","hadgem2-es","IND_4","11","irrigation_gw_diversion",33.1783904833285
"rcp60","hadgem2-es","IND_4","12","irrigation_gw_diversion",30.5566442702585
"rcp60","hadgem2-es","IND_4","2","irrigation_gw_diversion",102.806368116681
"rcp60","hadgem2-es","IND_4","3","irrigation_gw_diversion",165.296420075854
"rcp60","hadgem2-es","IND_4","4","irrigation_gw_diversion",158.706111264142
"rcp60","hadgem2-es","IND_4","5","irrigation_gw_diversion",129.611633524642
"rcp60","hadgem2-es","IND_4","6","irrigation_gw_diversion",81.6458803804164
"rcp60","hadgem2-es","IND_4","7","irrigation_gw_diversion",49.7118886190439
"rcp60","hadgem2-es","IND_4","8","irrigation_gw_diversion",60.7815223702465
"rcp60","hadgem2-es","IND_4","9","irrigation_gw_diversion",49.9441403496056
"rcp60","hadgem2-es","IND_5","1","irrigation_gw_diversion",0
"rcp60","hadgem2-es","IND_5","10","irrigation_gw_diversion",0
"rcp60","hadgem2-es","IND_5","11","irrigation_gw_diversion",0
"rcp60","hadgem2-es","IND_5","12","irrigation_gw_diversion",0
"rcp60","hadgem2-es","IND_5","2","irrigation_gw_diversion",0
"rcp60","hadgem2-es","IND_5","3","irrigation_gw_diversion",0
"rcp60","hadgem2-es","IND_5","4","irrigation_gw_diversion",0
"rcp60","hadgem2-es","IND_5","5","irrigation_gw_diversion",0
"rcp60","hadgem2-es","IND_5","6","irrigation_gw_diversion",0
"rcp60","hadgem2-es","IND_5","7","irrigation_gw_diversion",0
"rcp60","hadgem2-es","IND_5","8","irrigation_gw_diversion",0
"rcp60","hadgem2-es","IND_5","9","irrigation_gw_diversion",0
"rcp60","hadgem2-es","IND_6","1","irrigation_gw_diversion",0
"rcp60","hadgem2-es","IND_6","10","irrigation_gw_diversion",0
"rcp60","hadgem2-es","IND_6","11","irrigation_gw_diversion",0
"rcp60","hadgem2-es","IND_6","12","irrigation_gw_diversion",0
"rcp60","hadgem2-es","IND_6","2","irrigation_gw_diversion",0
"rcp60","hadgem2-es","IND_6","3","irrigation_gw_diversion",0
"rcp60","hadgem2-es","IND_6","4","irrigation_gw_diversion",0
"rcp60","hadgem2-es","IND_6","5","irrigation_gw_diversion",0
"rcp60","hadgem2-es","IND_6","6","irrigation_gw_diversion",0
"rcp60","hadgem2-es","IND_6","7","irrigation_gw_diversion",0
"rcp60","hadgem2-es","IND_6","8","irrigation_gw_diversion",0
"rcp60","hadgem2-es","IND_6","9","irrigation_gw_diversion",0
"rcp60","hadgem2-es","PAK_1","1","irrigation_gw_diversion",1.53243598200105
"rcp60","hadgem2-es","PAK_1","10","irrigation_gw_diversion",1.24182598869841
"rcp60","hadgem2-es","PAK_1","11","irrigation_gw_diversion",0.895945575561143
"rcp60","hadgem2-es","PAK_1","12","irrigation_gw_diversion",0.728828814506824
"rcp60","hadgem2-es","PAK_1","2","irrigation_gw_diversion",2.46804600066292
"rcp60","hadgem2-es","PAK_1","3","irrigation_gw_diversion",3.99153762649601
"rcp60","hadgem2-es","PAK_1","4","irrigation_gw_diversion",4.03636152517718
"rcp60","hadgem2-es","PAK_1","5","irrigation_gw_diversion",3.98877286313731
"rcp60","hadgem2-es","PAK_1","6","irrigation_gw_diversion",4.19254875150155
"rcp60","hadgem2-es","PAK_1","7","irrigation_gw_diversion",3.6472688757902
"rcp60","hadgem2-es","PAK_1","8","irrigation_gw_diversion",3.45216261029101
"rcp60","hadgem2-es","PAK_1","9","irrigation_gw_diversion",2.60552637680199
"rcp60","hadgem2-es","PAK_10","1","irrigation_gw_diversion",17.4442993762438
"rcp60","hadgem2-es","PAK_10","10","irrigation_gw_diversion",14.4698845429701
"rcp60","hadgem2-es","PAK_10","11","irrigation_gw_diversion",9.48961623121068
"rcp60","hadgem2-es","PAK_10","12","irrigation_gw_diversion",7.65944628104805
"rcp60","hadgem2-es","PAK_10","2","irrigation_gw_diversion",30.6710311920638
"rcp60","hadgem2-es","PAK_10","3","irrigation_gw_diversion",44.1355577495091
"rcp60","hadgem2-es","PAK_10","4","irrigation_gw_diversion",41.4001885374597
"rcp60","hadgem2-es","PAK_10","5","irrigation_gw_diversion",37.0244308330317
"rcp60","hadgem2-es","PAK_10","6","irrigation_gw_diversion",43.8298094879397
"rcp60","hadgem2-es","PAK_10","7","irrigation_gw_diversion",53.1826975143632
"rcp60","hadgem2-es","PAK_10","8","irrigation_gw_diversion",51.3831899197659
"rcp60","hadgem2-es","PAK_10","9","irrigation_gw_diversion",33.8341152813852
"rcp60","hadgem2-es","PAK_11","1","irrigation_gw_diversion",0
"rcp60","hadgem2-es","PAK_11","10","irrigation_gw_diversion",0
"rcp60","hadgem2-es","PAK_11","11","irrigation_gw_diversion",0
"rcp60","hadgem2-es","PAK_11","12","irrigation_gw_diversion",0
"rcp60","hadgem2-es","PAK_11","2","irrigation_gw_diversion",0
"rcp60","hadgem2-es","PAK_11","3","irrigation_gw_diversion",0
"rcp60","hadgem2-es","PAK_11","4","irrigation_gw_diversion",0
"rcp60","hadgem2-es","PAK_11","5","irrigation_gw_diversion",0
"rcp60","hadgem2-es","PAK_11","6","irrigation_gw_diversion",0
"rcp60","hadgem2-es","PAK_11","7","irrigation_gw_diversion",0
"rcp60","hadgem2-es","PAK_11","8","irrigation_gw_diversion",0
"rcp60","hadgem2-es","PAK_11","9","irrigation_gw_diversion",0
"rcp60","hadgem2-es","PAK_12","1","irrigation_gw_diversion",0.355506256463524
"rcp60","hadgem2-es","PAK_12","10","irrigation_gw_diversion",0.332726970633861
"rcp60","hadgem2-es","PAK_12","11","irrigation_gw_diversion",0.226725847877015
"rcp60","hadgem2-es","PAK_12","12","irrigation_gw_diversion",0.179623771478241
"rcp60","hadgem2-es","PAK_12","2","irrigation_gw_diversion",0.546194122734722
"rcp60","hadgem2-es","PAK_12","3","irrigation_gw_diversion",0.760324388684334
"rcp60","hadgem2-es","PAK_12","4","irrigation_gw_diversion",0.70466272033276
"rcp60","hadgem2-es","PAK_12","5","irrigation_gw_diversion",0.721190882695826
"rcp60","hadgem2-es","PAK_12","6","irrigation_gw_diversion",0.845538199198697
"rcp60","hadgem2-es","PAK_12","7","irrigation_gw_diversion",0.945556414825864
"rcp60","hadgem2-es","PAK_12","8","irrigation_gw_diversion",0.861203267185338
"rcp60","hadgem2-es","PAK_12","9","irrigation_gw_diversion",0.628428562588645
"rcp60","hadgem2-es","PAK_2","1","irrigation_gw_diversion",4.80731388475194
"rcp60","hadgem2-es","PAK_2","10","irrigation_gw_diversion",4.95547099913851
"rcp60","hadgem2-es","PAK_2","11","irrigation_gw_diversion",2.82507633184278
"rcp60","hadgem2-es","PAK_2","12","irrigation_gw_diversion",2.17386476055434
"rcp60","hadgem2-es","PAK_2","2","irrigation_gw_diversion",8.62111107763493
"rcp60","hadgem2-es","PAK_2","3","irrigation_gw_diversion",13.1774157672469
"rcp60","hadgem2-es","PAK_2","4","irrigation_gw_diversion",12.8341777133194
"rcp60","hadgem2-es","PAK_2","5","irrigation_gw_diversion",12.5014660566478
"rcp60","hadgem2-es","PAK_2","6","irrigation_gw_diversion",16.9474513560333
"rcp60","hadgem2-es","PAK_2","7","irrigation_gw_diversion",14.882644607442
"rcp60","hadgem2-es","PAK_2","8","irrigation_gw_diversion",14.5778474670436
"rcp60","hadgem2-es","PAK_2","9","irrigation_gw_diversion",11.006206089335
"rcp60","hadgem2-es","PAK_3","1","irrigation_gw_diversion",3.99527524226921
"rcp60","hadgem2-es","PAK_3","10","irrigation_gw_diversion",3.61336909530331
"rcp60","hadgem2-es","PAK_3","11","irrigation_gw_diversion",2.10186431971908
"rcp60","hadgem2-es","PAK_3","12","irrigation_gw_diversion",1.75700223004944
"rcp60","hadgem2-es","PAK_3","2","irrigation_gw_diversion",6.87896156041657
"rcp60","hadgem2-es","PAK_3","3","irrigation_gw_diversion",9.17730485465676
"rcp60","hadgem2-es","PAK_3","4","irrigation_gw_diversion",8.319666335206
"rcp60","hadgem2-es","PAK_3","5","irrigation_gw_diversion",7.49044281454402
"rcp60","hadgem2-es","PAK_3","6","irrigation_gw_diversion",9.67993589124536
"rcp60","hadgem2-es","PAK_3","7","irrigation_gw_diversion",12.3852011892454
"rcp60","hadgem2-es","PAK_3","8","irrigation_gw_diversion",11.5964686269425
"rcp60","hadgem2-es","PAK_3","9","irrigation_gw_diversion",8.01890980725668
"rcp60","hadgem2-es","PAK_4","1","irrigation_gw_diversion",6.08299864629747
"rcp60","hadgem2-es","PAK_4","10","irrigation_gw_diversion",3.67348870341743
"rcp60","hadgem2-es","PAK_4","11","irrigation_gw_diversion",2.84736375439101
"rcp60","hadgem2-es","PAK_4","12","irrigation_gw_diversion",3.10437493006011
"rcp60","hadgem2-es","PAK_4","2","irrigation_gw_diversion",8.35357034190168
"rcp60","hadgem2-es","PAK_4","3","irrigation_gw_diversion",10.3831800316035
"rcp60","hadgem2-es","PAK_4","4","irrigation_gw_diversion",9.3584965347845
"rcp60","hadgem2-es","PAK_4","5","irrigation_gw_diversion",7.85339783560642
"rcp60","hadgem2-es","PAK_4","6","irrigation_gw_diversion",9.56594678566687
"rcp60","hadgem2-es","PAK_4","7","irrigation_gw_diversion",11.5377191550587
"rcp60","hadgem2-es","PAK_4","8","irrigation_gw_diversion",11.0494510939554
"rcp60","hadgem2-es","PAK_4","9","irrigation_gw_diversion",7.91935706688122
"rcp60","hadgem2-es","PAK_5","1","irrigation_gw_diversion",7.49327341054894
"rcp60","hadgem2-es","PAK_5","10","irrigation_gw_diversion",6.31068310307693
"rcp60","hadgem2-es","PAK_5","11","irrigation_gw_diversion",4.55447632218057
"rcp60","hadgem2-es","PAK_5","12","irrigation_gw_diversion",4.02059890423843
"rcp60","hadgem2-es","PAK_5","2","irrigation_gw_diversion",12.0296739013189
"rcp60","hadgem2-es","PAK_5","3","irrigation_gw_diversion",14.2130932406528
"rcp60","hadgem2-es","PAK_5","4","irrigation_gw_diversion",13.860319592332
"rcp60","hadgem2-es","PAK_5","5","irrigation_gw_diversion",13.1203792047607
"rcp60","hadgem2-es","PAK_5","6","irrigation_gw_diversion",15.2470573518709
"rcp60","hadgem2-es","PAK_5","7","irrigation_gw_diversion",16.2313376551509
"rcp60","hadgem2-es","PAK_5","8","irrigation_gw_diversion",15.5063923761587
"rcp60","hadgem2-es","PAK_5","9","irrigation_gw_diversion",12.0028399638495
"rcp60","hadgem2-es","PAK_6","1","irrigation_gw_diversion",9.6169344168506
"rcp60","hadgem2-es","PAK_6","10","irrigation_gw_diversion",5.3656346485501
"rcp60","hadgem2-es","PAK_6","11","irrigation_gw_diversion",5.02690293486876
"rcp60","hadgem2-es","PAK_6","12","irrigation_gw_diversion",5.11896671478539
"rcp60","hadgem2-es","PAK_6","2","irrigation_gw_diversion",14.6079434588868
"rcp60","hadgem2-es","PAK_6","3","irrigation_gw_diversion",18.0736028640899
"rcp60","hadgem2-es","PAK_6","4","irrigation_gw_diversion",15.8630230194799
"rcp60","hadgem2-es","PAK_6","5","irrigation_gw_diversion",13.5674093038505
"rcp60","hadgem2-es","PAK_6","6","irrigation_gw_diversion",12.915552743015
"rcp60","hadgem2-es","PAK_6","7","irrigation_gw_diversion",14.3083109369811
"rcp60","hadgem2-es","PAK_6","8","irrigation_gw_diversion",13.1511340503814
"rcp60","hadgem2-es","PAK_6","9","irrigation_gw_diversion",9.64692977642647
"rcp60","hadgem2-es","PAK_7","1","irrigation_gw_diversion",0.754139230896281
"rcp60","hadgem2-es","PAK_7","10","irrigation_gw_diversion",1.77372624588855
"rcp60","hadgem2-es","PAK_7","11","irrigation_gw_diversion",0.92727750563428
"rcp60","hadgem2-es","PAK_7","12","irrigation_gw_diversion",0.469536325913726
"rcp60","hadgem2-es","PAK_7","2","irrigation_gw_diversion",0.942479263942511
"rcp60","hadgem2-es","PAK_7","3","irrigation_gw_diversion",1.51074661828268
"rcp60","hadgem2-es","PAK_7","4","irrigation_gw_diversion",1.92658991324094
"rcp60","hadgem2-es","PAK_7","5","irrigation_gw_diversion",2.777859336203
"rcp60","hadgem2-es","PAK_7","6","irrigation_gw_diversion",3.30162017366913
"rcp60","hadgem2-es","PAK_7","7","irrigation_gw_diversion",3.46546730723872
"rcp60","hadgem2-es","PAK_7","8","irrigation_gw_diversion",3.60650124251298
"rcp60","hadgem2-es","PAK_7","9","irrigation_gw_diversion",3.03654958563018
"rcp60","hadgem2-es","PAK_8","1","irrigation_gw_diversion",0.188642501607838
"rcp60","hadgem2-es","PAK_8","10","irrigation_gw_diversion",0.726725583587764
"rcp60","hadgem2-es","PAK_8","11","irrigation_gw_diversion",0.387279633383146
"rcp60","hadgem2-es","PAK_8","12","irrigation_gw_diversion",0.187678948548732
"rcp60","hadgem2-es","PAK_8","2","irrigation_gw_diversion",0.216720476170656
"rcp60","hadgem2-es","PAK_8","3","irrigation_gw_diversion",0.427471868661453
"rcp60","hadgem2-es","PAK_8","4","irrigation_gw_diversion",0.881232600479309
"rcp60","hadgem2-es","PAK_8","5","irrigation_gw_diversion",1.32946221715137
"rcp60","hadgem2-es","PAK_8","6","irrigation_gw_diversion",1.75777175196702
"rcp60","hadgem2-es","PAK_8","7","irrigation_gw_diversion",1.41442783684752
"rcp60","hadgem2-es","PAK_8","8","irrigation_gw_diversion",1.43287644354677
"rcp60","hadgem2-es","PAK_8","9","irrigation_gw_diversion",1.27863945309379
"rcp60","hadgem2-es","PAK_9","1","irrigation_gw_diversion",9.31769855094127
"rcp60","hadgem2-es","PAK_9","10","irrigation_gw_diversion",15.555830255145
"rcp60","hadgem2-es","PAK_9","11","irrigation_gw_diversion",7.10032602793213
"rcp60","hadgem2-es","PAK_9","12","irrigation_gw_diversion",4.16620704915371
"rcp60","hadgem2-es","PAK_9","2","irrigation_gw_diversion",17.1689472702377
"rcp60","hadgem2-es","PAK_9","3","irrigation_gw_diversion",26.2034153854563
"rcp60","hadgem2-es","PAK_9","4","irrigation_gw_diversion",25.4343941716694
"rcp60","hadgem2-es","PAK_9","5","irrigation_gw_diversion",27.8677612323738
"rcp60","hadgem2-es","PAK_9","6","irrigation_gw_diversion",48.5176271307459
"rcp60","hadgem2-es","PAK_9","7","irrigation_gw_diversion",48.8753910059008
"rcp60","hadgem2-es","PAK_9","8","irrigation_gw_diversion",49.0750664488736
"rcp60","hadgem2-es","PAK_9","9","irrigation_gw_diversion",34.8206909376644
"rcp60","ipsl-cm5a-lr","AFG_1","1","irrigation_gw_diversion",0.722208457524687
"rcp60","ipsl-cm5a-lr","AFG_1","10","irrigation_gw_diversion",0.496946592344573
"rcp60","ipsl-cm5a-lr","AFG_1","11","irrigation_gw_diversion",0.37502959526761
"rcp60","ipsl-cm5a-lr","AFG_1","12","irrigation_gw_diversion",0.3903805647561
"rcp60","ipsl-cm5a-lr","AFG_1","2","irrigation_gw_diversion",1.14627614420086
"rcp60","ipsl-cm5a-lr","AFG_1","3","irrigation_gw_diversion",1.74945318408192
"rcp60","ipsl-cm5a-lr","AFG_1","4","irrigation_gw_diversion",1.47364359363749
"rcp60","ipsl-cm5a-lr","AFG_1","5","irrigation_gw_diversion",1.31294025845316
"rcp60","ipsl-cm5a-lr","AFG_1","6","irrigation_gw_diversion",1.04593444280696
"rcp60","ipsl-cm5a-lr","AFG_1","7","irrigation_gw_diversion",1.29516880290419
"rcp60","ipsl-cm5a-lr","AFG_1","8","irrigation_gw_diversion",1.35657345221455
"rcp60","ipsl-cm5a-lr","AFG_1","9","irrigation_gw_diversion",0.958829215312938
"rcp60","ipsl-cm5a-lr","AFG_2","1","irrigation_gw_diversion",0.681320672297609
"rcp60","ipsl-cm5a-lr","AFG_2","10","irrigation_gw_diversion",0.942776764535028
"rcp60","ipsl-cm5a-lr","AFG_2","11","irrigation_gw_diversion",0.505572129771197
"rcp60","ipsl-cm5a-lr","AFG_2","12","irrigation_gw_diversion",0.420283154855088
"rcp60","ipsl-cm5a-lr","AFG_2","2","irrigation_gw_diversion",0.861518168074683
"rcp60","ipsl-cm5a-lr","AFG_2","3","irrigation_gw_diversion",1.75095812668497
"rcp60","ipsl-cm5a-lr","AFG_2","4","irrigation_gw_diversion",1.63626032562121
"rcp60","ipsl-cm5a-lr","AFG_2","5","irrigation_gw_diversion",2.11615004606767
"rcp60","ipsl-cm5a-lr","AFG_2","6","irrigation_gw_diversion",2.44098347151741
"rcp60","ipsl-cm5a-lr","AFG_2","7","irrigation_gw_diversion",3.22253011636196
"rcp60","ipsl-cm5a-lr","AFG_2","8","irrigation_gw_diversion",3.27346400634543
"rcp60","ipsl-cm5a-lr","AFG_2","9","irrigation_gw_diversion",2.11037576467787
"rcp60","ipsl-cm5a-lr","CHN_1","11","irrigation_gw_diversion",0
"rcp60","ipsl-cm5a-lr","CHN_1","12","irrigation_gw_diversion",0
"rcp60","ipsl-cm5a-lr","CHN_1","3","irrigation_gw_diversion",0
"rcp60","ipsl-cm5a-lr","CHN_1","4","irrigation_gw_diversion",0
"rcp60","ipsl-cm5a-lr","CHN_1","5","irrigation_gw_diversion",0
"rcp60","ipsl-cm5a-lr","IND_1","1","irrigation_gw_diversion",0
"rcp60","ipsl-cm5a-lr","IND_1","10","irrigation_gw_diversion",0
"rcp60","ipsl-cm5a-lr","IND_1","11","irrigation_gw_diversion",0
"rcp60","ipsl-cm5a-lr","IND_1","12","irrigation_gw_diversion",0
"rcp60","ipsl-cm5a-lr","IND_1","2","irrigation_gw_diversion",0
"rcp60","ipsl-cm5a-lr","IND_1","3","irrigation_gw_diversion",0
"rcp60","ipsl-cm5a-lr","IND_1","4","irrigation_gw_diversion",0
"rcp60","ipsl-cm5a-lr","IND_1","5","irrigation_gw_diversion",0
"rcp60","ipsl-cm5a-lr","IND_1","6","irrigation_gw_diversion",0
"rcp60","ipsl-cm5a-lr","IND_1","7","irrigation_gw_diversion",0
"rcp60","ipsl-cm5a-lr","IND_1","8","irrigation_gw_diversion",0
"rcp60","ipsl-cm5a-lr","IND_1","9","irrigation_gw_diversion",0
"rcp60","ipsl-cm5a-lr","IND_2","1","irrigation_gw_diversion",0.0226017279529891
"rcp60","ipsl-cm5a-lr","IND_2","10","irrigation_gw_diversion",0.0436473131546836
"rcp60","ipsl-cm5a-lr","IND_2","11","irrigation_gw_diversion",0.0195850539260785
"rcp60","ipsl-cm5a-lr","IND_2","12","irrigation_gw_diversion",0.0120355112759724
"rcp60","ipsl-cm5a-lr","IND_2","2","irrigation_gw_diversion",0.0437197957883441
"rcp60","ipsl-cm5a-lr","IND_2","3","irrigation_gw_diversion",0.0744120270553725
"rcp60","ipsl-cm5a-lr","IND_2","4","irrigation_gw_diversion",0.066139109632417
"rcp60","ipsl-cm5a-lr","IND_2","5","irrigation_gw_diversion",0.0627005937001095
"rcp60","ipsl-cm5a-lr","IND_2","6","irrigation_gw_diversion",0.0283926948048887
"rcp60","ipsl-cm5a-lr","IND_2","7","irrigation_gw_diversion",0.0223803140641732
"rcp60","ipsl-cm5a-lr","IND_2","8","irrigation_gw_diversion",0.0364421176772563
"rcp60","ipsl-cm5a-lr","IND_2","9","irrigation_gw_diversion",0.0621461374875497
"rcp60","ipsl-cm5a-lr","IND_3","1","irrigation_gw_diversion",1.95620505399935
"rcp60","ipsl-cm5a-lr","IND_3","10","irrigation_gw_diversion",2.9287782402869
"rcp60","ipsl-cm5a-lr","IND_3","11","irrigation_gw_diversion",1.38130258186599
"rcp60","ipsl-cm5a-lr","IND_3","12","irrigation_gw_diversion",1.03074530467935
"rcp60","ipsl-cm5a-lr","IND_3","2","irrigation_gw_diversion",3.83916971546544
"rcp60","ipsl-cm5a-lr","IND_3","3","irrigation_gw_diversion",6.6890806263041
"rcp60","ipsl-cm5a-lr","IND_3","4","irrigation_gw_diversion",5.86000874260429
"rcp60","ipsl-cm5a-lr","IND_3","5","irrigation_gw_diversion",5.54215767814897
"rcp60","ipsl-cm5a-lr","IND_3","6","irrigation_gw_diversion",8.47243234872663
"rcp60","ipsl-cm5a-lr","IND_3","7","irrigation_gw_diversion",9.60761929630354
"rcp60","ipsl-cm5a-lr","IND_3","8","irrigation_gw_diversion",8.36103535007063
"rcp60","ipsl-cm5a-lr","IND_3","9","irrigation_gw_diversion",5.82355054803165
"rcp60","ipsl-cm5a-lr","IND_4","1","irrigation_gw_diversion",51.4494994537468
"rcp60","ipsl-cm5a-lr","IND_4","10","irrigation_gw_diversion",34.3446220963076
"rcp60","ipsl-cm5a-lr","IND_4","11","irrigation_gw_diversion",30.5786578808602
"rcp60","ipsl-cm5a-lr","IND_4","12","irrigation_gw_diversion",26.0943598947461
"rcp60","ipsl-cm5a-lr","IND_4","2","irrigation_gw_diversion",96.9956273829734
"rcp60","ipsl-cm5a-lr","IND_4","3","irrigation_gw_diversion",163.253261390495
"rcp60","ipsl-cm5a-lr","IND_4","4","irrigation_gw_diversion",138.53174290458
"rcp60","ipsl-cm5a-lr","IND_4","5","irrigation_gw_diversion",118.089798607234
"rcp60","ipsl-cm5a-lr","IND_4","6","irrigation_gw_diversion",84.0112277273815
"rcp60","ipsl-cm5a-lr","IND_4","7","irrigation_gw_diversion",83.7133540707225
"rcp60","ipsl-cm5a-lr","IND_4","8","irrigation_gw_diversion",69.7724496305828
"rcp60","ipsl-cm5a-lr","IND_4","9","irrigation_gw_diversion",52.2720946770206
"rcp60","ipsl-cm5a-lr","IND_5","1","irrigation_gw_diversion",0
"rcp60","ipsl-cm5a-lr","IND_5","10","irrigation_gw_diversion",0
"rcp60","ipsl-cm5a-lr","IND_5","11","irrigation_gw_diversion",0
"rcp60","ipsl-cm5a-lr","IND_5","12","irrigation_gw_diversion",0
"rcp60","ipsl-cm5a-lr","IND_5","2","irrigation_gw_diversion",0
"rcp60","ipsl-cm5a-lr","IND_5","3","irrigation_gw_diversion",0
"rcp60","ipsl-cm5a-lr","IND_5","4","irrigation_gw_diversion",0
"rcp60","ipsl-cm5a-lr","IND_5","5","irrigation_gw_diversion",0
"rcp60","ipsl-cm5a-lr","IND_5","6","irrigation_gw_diversion",0
"rcp60","ipsl-cm5a-lr","IND_5","7","irrigation_gw_diversion",0
"rcp60","ipsl-cm5a-lr","IND_5","8","irrigation_gw_diversion",0
"rcp60","ipsl-cm5a-lr","IND_5","9","irrigation_gw_diversion",0
"rcp60","ipsl-cm5a-lr","IND_6","1","irrigation_gw_diversion",0
"rcp60","ipsl-cm5a-lr","IND_6","10","irrigation_gw_diversion",0
"rcp60","ipsl-cm5a-lr","IND_6","11","irrigation_gw_diversion",0
"rcp60","ipsl-cm5a-lr","IND_6","12","irrigation_gw_diversion",0
"rcp60","ipsl-cm5a-lr","IND_6","2","irrigation_gw_diversion",0
"rcp60","ipsl-cm5a-lr","IND_6","3","irrigation_gw_diversion",0
"rcp60","ipsl-cm5a-lr","IND_6","4","irrigation_gw_diversion",0
"rcp60","ipsl-cm5a-lr","IND_6","5","irrigation_gw_diversion",0
"rcp60","ipsl-cm5a-lr","IND_6","6","irrigation_gw_diversion",0
"rcp60","ipsl-cm5a-lr","IND_6","7","irrigation_gw_diversion",0
"rcp60","ipsl-cm5a-lr","IND_6","8","irrigation_gw_diversion",0
"rcp60","ipsl-cm5a-lr","IND_6","9","irrigation_gw_diversion",0
"rcp60","ipsl-cm5a-lr","PAK_1","1","irrigation_gw_diversion",1.4400330234237
"rcp60","ipsl-cm5a-lr","PAK_1","10","irrigation_gw_diversion",1.20967598703753
"rcp60","ipsl-cm5a-lr","PAK_1","11","irrigation_gw_diversion",0.803649977959052
"rcp60","ipsl-cm5a-lr","PAK_1","12","irrigation_gw_diversion",0.67149579123688
"rcp60","ipsl-cm5a-lr","PAK_1","2","irrigation_gw_diversion",2.5467935927607
"rcp60","ipsl-cm5a-lr","PAK_1","3","irrigation_gw_diversion",4.0676420612209
"rcp60","ipsl-cm5a-lr","PAK_1","4","irrigation_gw_diversion",3.52549426456826
"rcp60","ipsl-cm5a-lr","PAK_1","5","irrigation_gw_diversion",3.76608914523441
"rcp60","ipsl-cm5a-lr","PAK_1","6","irrigation_gw_diversion",3.68953376643616
"rcp60","ipsl-cm5a-lr","PAK_1","7","irrigation_gw_diversion",4.30318068218196
"rcp60","ipsl-cm5a-lr","PAK_1","8","irrigation_gw_diversion",3.61368854835184
"rcp60","ipsl-cm5a-lr","PAK_1","9","irrigation_gw_diversion",2.29812942236079
"rcp60","ipsl-cm5a-lr","PAK_10","1","irrigation_gw_diversion",16.348144262842
"rcp60","ipsl-cm5a-lr","PAK_10","10","irrigation_gw_diversion",14.0776853070873
"rcp60","ipsl-cm5a-lr","PAK_10","11","irrigation_gw_diversion",9.42882444615542
"rcp60","ipsl-cm5a-lr","PAK_10","12","irrigation_gw_diversion",7.75583432366195
"rcp60","ipsl-cm5a-lr","PAK_10","2","irrigation_gw_diversion",30.1730270985371
"rcp60","ipsl-cm5a-lr","PAK_10","3","irrigation_gw_diversion",42.6567405296888
"rcp60","ipsl-cm5a-lr","PAK_10","4","irrigation_gw_diversion",36.8662391492441
"rcp60","ipsl-cm5a-lr","PAK_10","5","irrigation_gw_diversion",32.8330890778746
"rcp60","ipsl-cm5a-lr","PAK_10","6","irrigation_gw_diversion",37.6386424446485
"rcp60","ipsl-cm5a-lr","PAK_10","7","irrigation_gw_diversion",47.7192379737451
"rcp60","ipsl-cm5a-lr","PAK_10","8","irrigation_gw_diversion",42.5570932181047
"rcp60","ipsl-cm5a-lr","PAK_10","9","irrigation_gw_diversion",28.1321832296279
"rcp60","ipsl-cm5a-lr","PAK_11","1","irrigation_gw_diversion",0
"rcp60","ipsl-cm5a-lr","PAK_11","10","irrigation_gw_diversion",0
"rcp60","ipsl-cm5a-lr","PAK_11","11","irrigation_gw_diversion",0
"rcp60","ipsl-cm5a-lr","PAK_11","12","irrigation_gw_diversion",0
"rcp60","ipsl-cm5a-lr","PAK_11","2","irrigation_gw_diversion",0
"rcp60","ipsl-cm5a-lr","PAK_11","3","irrigation_gw_diversion",0
"rcp60","ipsl-cm5a-lr","PAK_11","4","irrigation_gw_diversion",0
"rcp60","ipsl-cm5a-lr","PAK_11","5","irrigation_gw_diversion",0
"rcp60","ipsl-cm5a-lr","PAK_11","6","irrigation_gw_diversion",0
"rcp60","ipsl-cm5a-lr","PAK_11","7","irrigation_gw_diversion",0
"rcp60","ipsl-cm5a-lr","PAK_11","8","irrigation_gw_diversion",0
"rcp60","ipsl-cm5a-lr","PAK_11","9","irrigation_gw_diversion",0
"rcp60","ipsl-cm5a-lr","PAK_12","1","irrigation_gw_diversion",0.337306353463402
"rcp60","ipsl-cm5a-lr","PAK_12","10","irrigation_gw_diversion",0.348570497910237
"rcp60","ipsl-cm5a-lr","PAK_12","11","irrigation_gw_diversion",0.21342789038787
"rcp60","ipsl-cm5a-lr","PAK_12","12","irrigation_gw_diversion",0.172656082789548
"rcp60","ipsl-cm5a-lr","PAK_12","2","irrigation_gw_diversion",0.565023570618656
"rcp60","ipsl-cm5a-lr","PAK_12","3","irrigation_gw_diversion",0.779599827386412
"rcp60","ipsl-cm5a-lr","PAK_12","4","irrigation_gw_diversion",0.666989144452957
"rcp60","ipsl-cm5a-lr","PAK_12","5","irrigation_gw_diversion",0.714205477699684
"rcp60","ipsl-cm5a-lr","PAK_12","6","irrigation_gw_diversion",0.811723178973548
"rcp60","ipsl-cm5a-lr","PAK_12","7","irrigation_gw_diversion",0.977587464240615
"rcp60","ipsl-cm5a-lr","PAK_12","8","irrigation_gw_diversion",0.887945802269688
"rcp60","ipsl-cm5a-lr","PAK_12","9","irrigation_gw_diversion",0.594233443565686
"rcp60","ipsl-cm5a-lr","PAK_2","1","irrigation_gw_diversion",4.33402764527098
"rcp60","ipsl-cm5a-lr","PAK_2","10","irrigation_gw_diversion",4.70309499337975
"rcp60","ipsl-cm5a-lr","PAK_2","11","irrigation_gw_diversion",2.66841145296395
"rcp60","ipsl-cm5a-lr","PAK_2","12","irrigation_gw_diversion",2.08679867650927
"rcp60","ipsl-cm5a-lr","PAK_2","2","irrigation_gw_diversion",8.10415726740213
"rcp60","ipsl-cm5a-lr","PAK_2","3","irrigation_gw_diversion",12.7123079365317
"rcp60","ipsl-cm5a-lr","PAK_2","4","irrigation_gw_diversion",11.5082399401021
"rcp60","ipsl-cm5a-lr","PAK_2","5","irrigation_gw_diversion",11.5003173959431
"rcp60","ipsl-cm5a-lr","PAK_2","6","irrigation_gw_diversion",14.4346740214124
"rcp60","ipsl-cm5a-lr","PAK_2","7","irrigation_gw_diversion",16.9762167711752
"rcp60","ipsl-cm5a-lr","PAK_2","8","irrigation_gw_diversion",14.1753586308731
"rcp60","ipsl-cm5a-lr","PAK_2","9","irrigation_gw_diversion",9.3300412486829
"rcp60","ipsl-cm5a-lr","PAK_3","1","irrigation_gw_diversion",3.54737884332946
"rcp60","ipsl-cm5a-lr","PAK_3","10","irrigation_gw_diversion",3.60046505350389
"rcp60","ipsl-cm5a-lr","PAK_3","11","irrigation_gw_diversion",2.01326309298123
"rcp60","ipsl-cm5a-lr","PAK_3","12","irrigation_gw_diversion",1.66926628625604
"rcp60","ipsl-cm5a-lr","PAK_3","2","irrigation_gw_diversion",6.50590265857653
"rcp60","ipsl-cm5a-lr","PAK_3","3","irrigation_gw_diversion",8.91803466980322
"rcp60","ipsl-cm5a-lr","PAK_3","4","irrigation_gw_diversion",7.64626260404331
"rcp60","ipsl-cm5a-lr","PAK_3","5","irrigation_gw_diversion",7.00090015144551
"rcp60","ipsl-cm5a-lr","PAK_3","6","irrigation_gw_diversion",8.53866150888649
"rcp60","ipsl-cm5a-lr","PAK_3","7","irrigation_gw_diversion",11.2799580861705
"rcp60","ipsl-cm5a-lr","PAK_3","8","irrigation_gw_diversion",10.6894392370337
"rcp60","ipsl-cm5a-lr","PAK_3","9","irrigation_gw_diversion",7.0690758159342
"rcp60","ipsl-cm5a-lr","PAK_4","1","irrigation_gw_diversion",5.66989670358114
"rcp60","ipsl-cm5a-lr","PAK_4","10","irrigation_gw_diversion",3.81061266461652
"rcp60","ipsl-cm5a-lr","PAK_4","11","irrigation_gw_diversion",2.88509004398499
"rcp60","ipsl-cm5a-lr","PAK_4","12","irrigation_gw_diversion",3.0772750456974
"rcp60","ipsl-cm5a-lr","PAK_4","2","irrigation_gw_diversion",8.23994744832873
"rcp60","ipsl-cm5a-lr","PAK_4","3","irrigation_gw_diversion",10.2559924041514
"rcp60","ipsl-cm5a-lr","PAK_4","4","irrigation_gw_diversion",9.39725624305933
"rcp60","ipsl-cm5a-lr","PAK_4","5","irrigation_gw_diversion",7.53855797965686
"rcp60","ipsl-cm5a-lr","PAK_4","6","irrigation_gw_diversion",9.51949946017308
"rcp60","ipsl-cm5a-lr","PAK_4","7","irrigation_gw_diversion",13.1316780316012
"rcp60","ipsl-cm5a-lr","PAK_4","8","irrigation_gw_diversion",10.8933470946536
"rcp60","ipsl-cm5a-lr","PAK_4","9","irrigation_gw_diversion",7.27952524961645
"rcp60","ipsl-cm5a-lr","PAK_5","1","irrigation_gw_diversion",7.42242033999644
"rcp60","ipsl-cm5a-lr","PAK_5","10","irrigation_gw_diversion",6.36925237669196
"rcp60","ipsl-cm5a-lr","PAK_5","11","irrigation_gw_diversion",4.65403117189092
"rcp60","ipsl-cm5a-lr","PAK_5","12","irrigation_gw_diversion",4.1000287006979
"rcp60","ipsl-cm5a-lr","PAK_5","2","irrigation_gw_diversion",12.4170111278524
"rcp60","ipsl-cm5a-lr","PAK_5","3","irrigation_gw_diversion",14.6651825140483
"rcp60","ipsl-cm5a-lr","PAK_5","4","irrigation_gw_diversion",14.322958671991
"rcp60","ipsl-cm5a-lr","PAK_5","5","irrigation_gw_diversion",13.1246709026882
"rcp60","ipsl-cm5a-lr","PAK_5","6","irrigation_gw_diversion",14.5843509728435
"rcp60","ipsl-cm5a-lr","PAK_5","7","irrigation_gw_diversion",16.7545914913391
"rcp60","ipsl-cm5a-lr","PAK_5","8","irrigation_gw_diversion",15.144820701284
"rcp60","ipsl-cm5a-lr","PAK_5","9","irrigation_gw_diversion",11.0337882321801
"rcp60","ipsl-cm5a-lr","PAK_6","1","irrigation_gw_diversion",9.44333869019734
"rcp60","ipsl-cm5a-lr","PAK_6","10","irrigation_gw_diversion",5.29755092102094
"rcp60","ipsl-cm5a-lr","PAK_6","11","irrigation_gw_diversion",5.13964126340691
"rcp60","ipsl-cm5a-lr","PAK_6","12","irrigation_gw_diversion",5.10411228668352
"rcp60","ipsl-cm5a-lr","PAK_6","2","irrigation_gw_diversion",14.9847044159763
"rcp60","ipsl-cm5a-lr","PAK_6","3","irrigation_gw_diversion",17.7715342969951
"rcp60","ipsl-cm5a-lr","PAK_6","4","irrigation_gw_diversion",16.2779044025615
"rcp60","ipsl-cm5a-lr","PAK_6","5","irrigation_gw_diversion",13.7290380693799
"rcp60","ipsl-cm5a-lr","PAK_6","6","irrigation_gw_diversion",12.8785811536907
"rcp60","ipsl-cm5a-lr","PAK_6","7","irrigation_gw_diversion",14.7482380350759
"rcp60","ipsl-cm5a-lr","PAK_6","8","irrigation_gw_diversion",12.675099926584
"rcp60","ipsl-cm5a-lr","PAK_6","9","irrigation_gw_diversion",9.25215482738507
"rcp60","ipsl-cm5a-lr","PAK_7","1","irrigation_gw_diversion",0.753524730260484
"rcp60","ipsl-cm5a-lr","PAK_7","10","irrigation_gw_diversion",1.77756398670076
"rcp60","ipsl-cm5a-lr","PAK_7","11","irrigation_gw_diversion",0.730121474358835
"rcp60","ipsl-cm5a-lr","PAK_7","12","irrigation_gw_diversion",0.443236983853269
"rcp60","ipsl-cm5a-lr","PAK_7","2","irrigation_gw_diversion",1.07196200746705
"rcp60","ipsl-cm5a-lr","PAK_7","3","irrigation_gw_diversion",1.73624594245063
"rcp60","ipsl-cm5a-lr","PAK_7","4","irrigation_gw_diversion",1.73030835171013
"rcp60","ipsl-cm5a-lr","PAK_7","5","irrigation_gw_diversion",2.6887054044342
"rcp60","ipsl-cm5a-lr","PAK_7","6","irrigation_gw_diversion",3.28448624045762
"rcp60","ipsl-cm5a-lr","PAK_7","7","irrigation_gw_diversion",3.96509295861254
"rcp60","ipsl-cm5a-lr","PAK_7","8","irrigation_gw_diversion",3.95124714011313
"rcp60","ipsl-cm5a-lr","PAK_7","9","irrigation_gw_diversion",2.89699127226431
"rcp60","ipsl-cm5a-lr","PAK_8","1","irrigation_gw_diversion",0.196332055707565
"rcp60","ipsl-cm5a-lr","PAK_8","10","irrigation_gw_diversion",0.71024793680955
"rcp60","ipsl-cm5a-lr","PAK_8","11","irrigation_gw_diversion",0.327413891489612
"rcp60","ipsl-cm5a-lr","PAK_8","12","irrigation_gw_diversion",0.168347709400622
"rcp60","ipsl-cm5a-lr","PAK_8","2","irrigation_gw_diversion",0.263218181072209
"rcp60","ipsl-cm5a-lr","PAK_8","3","irrigation_gw_diversion",0.50164996790733
"rcp60","ipsl-cm5a-lr","PAK_8","4","irrigation_gw_diversion",0.786135150791239
"rcp60","ipsl-cm5a-lr","PAK_8","5","irrigation_gw_diversion",1.26270985737231
"rcp60","ipsl-cm5a-lr","PAK_8","6","irrigation_gw_diversion",1.70466489826665
"rcp60","ipsl-cm5a-lr","PAK_8","7","irrigation_gw_diversion",1.8385012351072
"rcp60","ipsl-cm5a-lr","PAK_8","8","irrigation_gw_diversion",1.77781913912186
"rcp60","ipsl-cm5a-lr","PAK_8","9","irrigation_gw_diversion",1.18763862665575
"rcp60","ipsl-cm5a-lr","PAK_9","1","irrigation_gw_diversion",8.21975165592664
"rcp60","ipsl-cm5a-lr","PAK_9","10","irrigation_gw_diversion",14.4701717990404
"rcp60","ipsl-cm5a-lr","PAK_9","11","irrigation_gw_diversion",6.53098395058282
"rcp60","ipsl-cm5a-lr","PAK_9","12","irrigation_gw_diversion",3.98618188682006
"rcp60","ipsl-cm5a-lr","PAK_9","2","irrigation_gw_diversion",15.4453170556707
"rcp60","ipsl-cm5a-lr","PAK_9","3","irrigation_gw_diversion",24.6450720190803
"rcp60","ipsl-cm5a-lr","PAK_9","4","irrigation_gw_diversion",22.11272629468
"rcp60","ipsl-cm5a-lr","PAK_9","5","irrigation_gw_diversion",24.7069938329528
"rcp60","ipsl-cm5a-lr","PAK_9","6","irrigation_gw_diversion",41.8488658059082
"rcp60","ipsl-cm5a-lr","PAK_9","7","irrigation_gw_diversion",51.6872035464396
"rcp60","ipsl-cm5a-lr","PAK_9","8","irrigation_gw_diversion",44.289171273855
"rcp60","ipsl-cm5a-lr","PAK_9","9","irrigation_gw_diversion",29.80211972659
"rcp60","miroc5","AFG_1","1","irrigation_gw_diversion",0.716657544572606
"rcp60","miroc5","AFG_1","10","irrigation_gw_diversion",0.451811319767573
"rcp60","miroc5","AFG_1","11","irrigation_gw_diversion",0.367317384613065
"rcp60","miroc5","AFG_1","12","irrigation_gw_diversion",0.389963022705221
"rcp60","miroc5","AFG_1","2","irrigation_gw_diversion",1.05637814204249
"rcp60","miroc5","AFG_1","3","irrigation_gw_diversion",1.4584581167811
"rcp60","miroc5","AFG_1","4","irrigation_gw_diversion",1.59423262390988
"rcp60","miroc5","AFG_1","5","irrigation_gw_diversion",1.34004375264269
"rcp60","miroc5","AFG_1","6","irrigation_gw_diversion",1.01273308713302
"rcp60","miroc5","AFG_1","7","irrigation_gw_diversion",1.27033220067709
"rcp60","miroc5","AFG_1","8","irrigation_gw_diversion",1.24684549239903
"rcp60","miroc5","AFG_1","9","irrigation_gw_diversion",0.930817418482965
"rcp60","miroc5","AFG_2","1","irrigation_gw_diversion",0.654707566382944
"rcp60","miroc5","AFG_2","10","irrigation_gw_diversion",0.845931385987657
"rcp60","miroc5","AFG_2","11","irrigation_gw_diversion",0.451659281803319
"rcp60","miroc5","AFG_2","12","irrigation_gw_diversion",0.419677190983816
"rcp60","miroc5","AFG_2","2","irrigation_gw_diversion",0.886544295768142
"rcp60","miroc5","AFG_2","3","irrigation_gw_diversion",1.60687259431417
"rcp60","miroc5","AFG_2","4","irrigation_gw_diversion",2.1801496453332
"rcp60","miroc5","AFG_2","5","irrigation_gw_diversion",2.31745984945707
"rcp60","miroc5","AFG_2","6","irrigation_gw_diversion",2.36259392570864
"rcp60","miroc5","AFG_2","7","irrigation_gw_diversion",3.12438293049011
"rcp60","miroc5","AFG_2","8","irrigation_gw_diversion",3.0506018481104
"rcp60","miroc5","AFG_2","9","irrigation_gw_diversion",2.07620895836447
"rcp60","miroc5","CHN_1","1","irrigation_gw_diversion",0
"rcp60","miroc5","CHN_1","11","irrigation_gw_diversion",0
"rcp60","miroc5","CHN_1","12","irrigation_gw_diversion",0
"rcp60","miroc5","CHN_1","4","irrigation_gw_diversion",0
"rcp60","miroc5","CHN_1","5","irrigation_gw_diversion",0
"rcp60","miroc5","IND_1","1","irrigation_gw_diversion",0
"rcp60","miroc5","IND_1","10","irrigation_gw_diversion",0
"rcp60","miroc5","IND_1","11","irrigation_gw_diversion",0
"rcp60","miroc5","IND_1","12","irrigation_gw_diversion",0
"rcp60","miroc5","IND_1","2","irrigation_gw_diversion",0
"rcp60","miroc5","IND_1","3","irrigation_gw_diversion",0
"rcp60","miroc5","IND_1","4","irrigation_gw_diversion",0
"rcp60","miroc5","IND_1","5","irrigation_gw_diversion",0
"rcp60","miroc5","IND_1","6","irrigation_gw_diversion",0
"rcp60","miroc5","IND_1","7","irrigation_gw_diversion",0
"rcp60","miroc5","IND_1","8","irrigation_gw_diversion",0
"rcp60","miroc5","IND_1","9","irrigation_gw_diversion",0
"rcp60","miroc5","IND_2","1","irrigation_gw_diversion",0.0162296941722078
"rcp60","miroc5","IND_2","10","irrigation_gw_diversion",0.0383382333885196
"rcp60","miroc5","IND_2","11","irrigation_gw_diversion",0.0164041653997052
"rcp60","miroc5","IND_2","12","irrigation_gw_diversion",0.0100023121764996
"rcp60","miroc5","IND_2","2","irrigation_gw_diversion",0.0343519684235098
"rcp60","miroc5","IND_2","3","irrigation_gw_diversion",0.0437135833310079
"rcp60","miroc5","IND_2","4","irrigation_gw_diversion",0.0729667729755804
"rcp60","miroc5","IND_2","5","irrigation_gw_diversion",0.0535344955483428
"rcp60","miroc5","IND_2","6","irrigation_gw_diversion",0.0217978116907314
"rcp60","miroc5","IND_2","7","irrigation_gw_diversion",0.00468468201622713
"rcp60","miroc5","IND_2","8","irrigation_gw_diversion",0.0171995860468706
"rcp60","miroc5","IND_2","9","irrigation_gw_diversion",0.0545698170166052
"rcp60","miroc5","IND_3","1","irrigation_gw_diversion",2.27168198013586
"rcp60","miroc5","IND_3","10","irrigation_gw_diversion",3.03163362905842
"rcp60","miroc5","IND_3","11","irrigation_gw_diversion",1.98335592776259
"rcp60","miroc5","IND_3","12","irrigation_gw_diversion",1.43381279876264
"rcp60","miroc5","IND_3","2","irrigation_gw_diversion",4.79436799261298
"rcp60","miroc5","IND_3","3","irrigation_gw_diversion",6.27893372078294
"rcp60","miroc5","IND_3","4","irrigation_gw_diversion",8.40949835258606
"rcp60","miroc5","IND_3","5","irrigation_gw_diversion",7.25580624645242
"rcp60","miroc5","IND_3","6","irrigation_gw_diversion",8.64814297625329
"rcp60","miroc5","IND_3","7","irrigation_gw_diversion",6.40230678442931
"rcp60","miroc5","IND_3","8","irrigation_gw_diversion",5.99688068857548
"rcp60","miroc5","IND_3","9","irrigation_gw_diversion",5.16416313093121
"rcp60","miroc5","IND_4","1","irrigation_gw_diversion",56.7463470274078
"rcp60","miroc5","IND_4","10","irrigation_gw_diversion",36.7210900902587
"rcp60","miroc5","IND_4","11","irrigation_gw_diversion",31.3233336699812
"rcp60","miroc5","IND_4","12","irrigation_gw_diversion",27.2342660990707
"rcp60","miroc5","IND_4","2","irrigation_gw_diversion",96.849397518093
"rcp60","miroc5","IND_4","3","irrigation_gw_diversion",137.189746273103
"rcp60","miroc5","IND_4","4","irrigation_gw_diversion",146.883550629803
"rcp60","miroc5","IND_4","5","irrigation_gw_diversion",112.10358753727
"rcp60","miroc5","IND_4","6","irrigation_gw_diversion",92.5922424007564
"rcp60","miroc5","IND_4","7","irrigation_gw_diversion",79.7503870404797
"rcp60","miroc5","IND_4","8","irrigation_gw_diversion",78.3781703944104
"rcp60","miroc5","IND_4","9","irrigation_gw_diversion",53.9446200677513
"rcp60","miroc5","IND_5","1","irrigation_gw_diversion",0
"rcp60","miroc5","IND_5","10","irrigation_gw_diversion",0
"rcp60","miroc5","IND_5","11","irrigation_gw_diversion",0
"rcp60","miroc5","IND_5","12","irrigation_gw_diversion",0
"rcp60","miroc5","IND_5","2","irrigation_gw_diversion",0
"rcp60","miroc5","IND_5","3","irrigation_gw_diversion",0
"rcp60","miroc5","IND_5","4","irrigation_gw_diversion",0
"rcp60","miroc5","IND_5","5","irrigation_gw_diversion",0
"rcp60","miroc5","IND_5","6","irrigation_gw_diversion",0
"rcp60","miroc5","IND_5","7","irrigation_gw_diversion",0
"rcp60","miroc5","IND_5","8","irrigation_gw_diversion",0
"rcp60","miroc5","IND_5","9","irrigation_gw_diversion",0
"rcp60","miroc5","IND_6","1","irrigation_gw_diversion",0
"rcp60","miroc5","IND_6","10","irrigation_gw_diversion",0
"rcp60","miroc5","IND_6","11","irrigation_gw_diversion",0
"rcp60","miroc5","IND_6","12","irrigation_gw_diversion",0
"rcp60","miroc5","IND_6","2","irrigation_gw_diversion",0
"rcp60","miroc5","IND_6","3","irrigation_gw_diversion",0
"rcp60","miroc5","IND_6","4","irrigation_gw_diversion",0
"rcp60","miroc5","IND_6","5","irrigation_gw_diversion",0
"rcp60","miroc5","IND_6","6","irrigation_gw_diversion",0
"rcp60","miroc5","IND_6","7","irrigation_gw_diversion",0
"rcp60","miroc5","IND_6","8","irrigation_gw_diversion",0
"rcp60","miroc5","IND_6","9","irrigation_gw_diversion",0
"rcp60","miroc5","PAK_1","1","irrigation_gw_diversion",1.34978085148009
"rcp60","miroc5","PAK_1","10","irrigation_gw_diversion",1.0334295636807
"rcp60","miroc5","PAK_1","11","irrigation_gw_diversion",0.754859594099216
"rcp60","miroc5","PAK_1","12","irrigation_gw_diversion",0.558714217258396
"rcp60","miroc5","PAK_1","2","irrigation_gw_diversion",2.48896718242341
"rcp60","miroc5","PAK_1","3","irrigation_gw_diversion",3.16705016720605
"rcp60","miroc5","PAK_1","4","irrigation_gw_diversion",3.7411992931687
"rcp60","miroc5","PAK_1","5","irrigation_gw_diversion",3.57707328010204
"rcp60","miroc5","PAK_1","6","irrigation_gw_diversion",3.34934502488609
"rcp60","miroc5","PAK_1","7","irrigation_gw_diversion",3.30822886909706
"rcp60","miroc5","PAK_1","8","irrigation_gw_diversion",3.07549822862645
"rcp60","miroc5","PAK_1","9","irrigation_gw_diversion",1.99309569058956
"rcp60","miroc5","PAK_10","1","irrigation_gw_diversion",18.0812961292032
"rcp60","miroc5","PAK_10","10","irrigation_gw_diversion",14.9106086627825
"rcp60","miroc5","PAK_10","11","irrigation_gw_diversion",11.2956645385256
"rcp60","miroc5","PAK_10","12","irrigation_gw_diversion",8.21347487719894
"rcp60","miroc5","PAK_10","2","irrigation_gw_diversion",33.6473054713974
"rcp60","miroc5","PAK_10","3","irrigation_gw_diversion",39.7509269888867
"rcp60","miroc5","PAK_10","4","irrigation_gw_diversion",36.3025150632387
"rcp60","miroc5","PAK_10","5","irrigation_gw_diversion",32.7101196181054
"rcp60","miroc5","PAK_10","6","irrigation_gw_diversion",34.2446489769551
"rcp60","miroc5","PAK_10","7","irrigation_gw_diversion",44.5082837630821
"rcp60","miroc5","PAK_10","8","irrigation_gw_diversion",43.1990281657177
"rcp60","miroc5","PAK_10","9","irrigation_gw_diversion",29.6402902472487
"rcp60","miroc5","PAK_11","1","irrigation_gw_diversion",0
"rcp60","miroc5","PAK_11","10","irrigation_gw_diversion",0
"rcp60","miroc5","PAK_11","11","irrigation_gw_diversion",0
"rcp60","miroc5","PAK_11","12","irrigation_gw_diversion",0
"rcp60","miroc5","PAK_11","2","irrigation_gw_diversion",0
"rcp60","miroc5","PAK_11","3","irrigation_gw_diversion",0
"rcp60","miroc5","PAK_11","4","irrigation_gw_diversion",0
"rcp60","miroc5","PAK_11","5","irrigation_gw_diversion",0
"rcp60","miroc5","PAK_11","6","irrigation_gw_diversion",0
"rcp60","miroc5","PAK_11","7","irrigation_gw_diversion",0
"rcp60","miroc5","PAK_11","8","irrigation_gw_diversion",0
"rcp60","miroc5","PAK_11","9","irrigation_gw_diversion",0
"rcp60","miroc5","PAK_12","1","irrigation_gw_diversion",0.344402437057608
"rcp60","miroc5","PAK_12","10","irrigation_gw_diversion",0.297520716108189
"rcp60","miroc5","PAK_12","11","irrigation_gw_diversion",0.221003011296783
"rcp60","miroc5","PAK_12","12","irrigation_gw_diversion",0.167456386904168
"rcp60","miroc5","PAK_12","2","irrigation_gw_diversion",0.534207087803847
"rcp60","miroc5","PAK_12","3","irrigation_gw_diversion",0.652533004223702
"rcp60","miroc5","PAK_12","4","irrigation_gw_diversion",0.704285435303517
"rcp60","miroc5","PAK_12","5","irrigation_gw_diversion",0.713008384636703
"rcp60","miroc5","PAK_12","6","irrigation_gw_diversion",0.754643940437872
"rcp60","miroc5","PAK_12","7","irrigation_gw_diversion",0.889390930810931
"rcp60","miroc5","PAK_12","8","irrigation_gw_diversion",0.798621838617095
"rcp60","miroc5","PAK_12","9","irrigation_gw_diversion",0.549454642586098
"rcp60","miroc5","PAK_2","1","irrigation_gw_diversion",4.33061104036018
"rcp60","miroc5","PAK_2","10","irrigation_gw_diversion",4.05434927755613
"rcp60","miroc5","PAK_2","11","irrigation_gw_diversion",2.64451893947115
"rcp60","miroc5","PAK_2","12","irrigation_gw_diversion",1.99119514152213
"rcp60","miroc5","PAK_2","2","irrigation_gw_diversion",8.06779358311141
"rcp60","miroc5","PAK_2","3","irrigation_gw_diversion",10.7804174144867
"rcp60","miroc5","PAK_2","4","irrigation_gw_diversion",11.6107467645188
"rcp60","miroc5","PAK_2","5","irrigation_gw_diversion",11.0706630139292
"rcp60","miroc5","PAK_2","6","irrigation_gw_diversion",12.9951490613327
"rcp60","miroc5","PAK_2","7","irrigation_gw_diversion",12.9345739640264
"rcp60","miroc5","PAK_2","8","irrigation_gw_diversion",11.7489657809234
"rcp60","miroc5","PAK_2","9","irrigation_gw_diversion",7.85927328406593
"rcp60","miroc5","PAK_3","1","irrigation_gw_diversion",3.59315102909769
"rcp60","miroc5","PAK_3","10","irrigation_gw_diversion",3.1031198510055
"rcp60","miroc5","PAK_3","11","irrigation_gw_diversion",2.05457557051792
"rcp60","miroc5","PAK_3","12","irrigation_gw_diversion",1.59501627952171
"rcp60","miroc5","PAK_3","2","irrigation_gw_diversion",6.20952179302578
"rcp60","miroc5","PAK_3","3","irrigation_gw_diversion",7.8331097892777
"rcp60","miroc5","PAK_3","4","irrigation_gw_diversion",7.70227494292514
"rcp60","miroc5","PAK_3","5","irrigation_gw_diversion",7.01817266275655
"rcp60","miroc5","PAK_3","6","irrigation_gw_diversion",7.82448702524477
"rcp60","miroc5","PAK_3","7","irrigation_gw_diversion",10.0210233855116
"rcp60","miroc5","PAK_3","8","irrigation_gw_diversion",9.85352213698666
"rcp60","miroc5","PAK_3","9","irrigation_gw_diversion",6.64612682278428
"rcp60","miroc5","PAK_4","1","irrigation_gw_diversion",6.04768475440688
"rcp60","miroc5","PAK_4","10","irrigation_gw_diversion",3.71503164501282
"rcp60","miroc5","PAK_4","11","irrigation_gw_diversion",3.08356705791432
"rcp60","miroc5","PAK_4","12","irrigation_gw_diversion",3.08522437625796
"rcp60","miroc5","PAK_4","2","irrigation_gw_diversion",8.35579700179864
"rcp60","miroc5","PAK_4","3","irrigation_gw_diversion",9.97996278483412
"rcp60","miroc5","PAK_4","4","irrigation_gw_diversion",9.73518217754531
"rcp60","miroc5","PAK_4","5","irrigation_gw_diversion",8.11335675979873
"rcp60","miroc5","PAK_4","6","irrigation_gw_diversion",8.94020019705689
"rcp60","miroc5","PAK_4","7","irrigation_gw_diversion",11.5940791884021
"rcp60","miroc5","PAK_4","8","irrigation_gw_diversion",11.2161961484073
"rcp60","miroc5","PAK_4","9","irrigation_gw_diversion",7.86098039015724
"rcp60","miroc5","PAK_5","1","irrigation_gw_diversion",8.27531021192967
"rcp60","miroc5","PAK_5","10","irrigation_gw_diversion",5.81873103360305
"rcp60","miroc5","PAK_5","11","irrigation_gw_diversion",4.98779672682226
"rcp60","miroc5","PAK_5","12","irrigation_gw_diversion",4.29417952575215
"rcp60","miroc5","PAK_5","2","irrigation_gw_diversion",13.2532180412793
"rcp60","miroc5","PAK_5","3","irrigation_gw_diversion",15.457401874517
"rcp60","miroc5","PAK_5","4","irrigation_gw_diversion",15.2875303595935
"rcp60","miroc5","PAK_5","5","irrigation_gw_diversion",14.0029122477058
"rcp60","miroc5","PAK_5","6","irrigation_gw_diversion",13.0495121449331
"rcp60","miroc5","PAK_5","7","irrigation_gw_diversion",15.096086683745
"rcp60","miroc5","PAK_5","8","irrigation_gw_diversion",14.2374648801748
"rcp60","miroc5","PAK_5","9","irrigation_gw_diversion",10.9020066199865
"rcp60","miroc5","PAK_6","1","irrigation_gw_diversion",5.55619940743914
"rcp60","miroc5","PAK_6","10","irrigation_gw_diversion",7.48653053270904
"rcp60","miroc5","PAK_6","11","irrigation_gw_diversion",5.75231763164108
"rcp60","miroc5","PAK_6","12","irrigation_gw_diversion",3.99318020667928
"rcp60","miroc5","PAK_6","2","irrigation_gw_diversion",9.32391116166143
"rcp60","miroc5","PAK_6","3","irrigation_gw_diversion",10.8078757878749
"rcp60","miroc5","PAK_6","4","irrigation_gw_diversion",14.0851373847818
"rcp60","miroc5","PAK_6","5","irrigation_gw_diversion",15.1117828027245
"rcp60","miroc5","PAK_6","6","irrigation_gw_diversion",16.9097750686471
"rcp60","miroc5","PAK_6","7","irrigation_gw_diversion",18.9690506512625
"rcp60","miroc5","PAK_6","8","irrigation_gw_diversion",16.4205557637507
"rcp60","miroc5","PAK_6","9","irrigation_gw_diversion",12.5223202419476
"rcp60","miroc5","PAK_7","1","irrigation_gw_diversion",0.649271960271091
"rcp60","miroc5","PAK_7","10","irrigation_gw_diversion",1.5627842156954
"rcp60","miroc5","PAK_7","11","irrigation_gw_diversion",0.610857709556312
"rcp60","miroc5","PAK_7","12","irrigation_gw_diversion",0.362953114681677
"rcp60","miroc5","PAK_7","2","irrigation_gw_diversion",0.924072327777603
"rcp60","miroc5","PAK_7","3","irrigation_gw_diversion",1.16607892902494
"rcp60","miroc5","PAK_7","4","irrigation_gw_diversion",1.95342534448434
"rcp60","miroc5","PAK_7","5","irrigation_gw_diversion",2.61161957038249
"rcp60","miroc5","PAK_7","6","irrigation_gw_diversion",3.09024104414777
"rcp60","miroc5","PAK_7","7","irrigation_gw_diversion",3.3685533035825
"rcp60","miroc5","PAK_7","8","irrigation_gw_diversion",3.54920873743302
"rcp60","miroc5","PAK_7","9","irrigation_gw_diversion",2.73395651649378
"rcp60","miroc5","PAK_8","1","irrigation_gw_diversion",0.139429787180928
"rcp60","miroc5","PAK_8","10","irrigation_gw_diversion",0.638693194384641
"rcp60","miroc5","PAK_8","11","irrigation_gw_diversion",0.280905667802812
"rcp60","miroc5","PAK_8","12","irrigation_gw_diversion",0.105429330835619
"rcp60","miroc5","PAK_8","2","irrigation_gw_diversion",0.237822694996529
"rcp60","miroc5","PAK_8","3","irrigation_gw_diversion",0.330321624664437
"rcp60","miroc5","PAK_8","4","irrigation_gw_diversion",0.876024708852473
"rcp60","miroc5","PAK_8","5","irrigation_gw_diversion",1.22270039682726
"rcp60","miroc5","PAK_8","6","irrigation_gw_diversion",1.60033122229088
"rcp60","miroc5","PAK_8","7","irrigation_gw_diversion",1.41710509128859
"rcp60","miroc5","PAK_8","8","irrigation_gw_diversion",1.50912402558123
"rcp60","miroc5","PAK_8","9","irrigation_gw_diversion",1.09212273856329
"rcp60","miroc5","PAK_9","1","irrigation_gw_diversion",8.35465705250204
"rcp60","miroc5","PAK_9","10","irrigation_gw_diversion",12.656515376109
"rcp60","miroc5","PAK_9","11","irrigation_gw_diversion",6.7384254658456
"rcp60","miroc5","PAK_9","12","irrigation_gw_diversion",3.81332411415373
"rcp60","miroc5","PAK_9","2","irrigation_gw_diversion",15.5234709378989
"rcp60","miroc5","PAK_9","3","irrigation_gw_diversion",21.7470361321436
"rcp60","miroc5","PAK_9","4","irrigation_gw_diversion",22.3265058698921
"rcp60","miroc5","PAK_9","5","irrigation_gw_diversion",23.6566240206193
"rcp60","miroc5","PAK_9","6","irrigation_gw_diversion",37.411289712328
"rcp60","miroc5","PAK_9","7","irrigation_gw_diversion",41.4467456632495
"rcp60","miroc5","PAK_9","8","irrigation_gw_diversion",37.4563042173268
"rcp60","miroc5","PAK_9","9","irrigation_gw_diversion",24.7103488589255
