crop,node,year,time,value
wheat,1|AFGHAN_SOUTH,2010,1,10.8312751759277
wheat,1|AFGHAN_SOUTH,2010,2,15.2830038474456
wheat,1|AFGHAN_SOUTH,2010,3,25.8636933624141
wheat,1|AFGHAN_SOUTH,2010,4,23.2870039264848
wheat,1|AFGHAN_SOUTH,2010,5,16.0771647072415
wheat,1|AFGHAN_SOUTH,2010,11,4.07884496848149
wheat,1|AFGHAN_SOUTH,2010,12,5.07912723651399
wheat,1|AFGHAN_SOUTH,2020,1,10.8312751759277
wheat,1|AFGHAN_SOUTH,2020,2,15.2830038474456
wheat,1|AFGHAN_SOUTH,2020,3,25.8636933624141
wheat,1|AFGHAN_SOUTH,2020,4,23.2870039264848
wheat,1|AFGHAN_SOUTH,2020,5,16.0771647072415
wheat,1|AFGHAN_SOUTH,2020,11,4.07884496848149
wheat,1|AFGHAN_SOUTH,2020,12,5.07912723651399
wheat,1|AFGHAN_SOUTH,2030,1,10.8312751759277
wheat,1|AFGHAN_SOUTH,2030,2,15.2830038474456
wheat,1|AFGHAN_SOUTH,2030,3,25.8636933624141
wheat,1|AFGHAN_SOUTH,2030,4,23.2870039264848
wheat,1|AFGHAN_SOUTH,2030,5,16.0771647072415
wheat,1|AFGHAN_SOUTH,2030,11,4.07884496848149
wheat,1|AFGHAN_SOUTH,2030,12,5.07912723651399
wheat,1|AFGHAN_SOUTH,2040,1,10.8312751759277
wheat,1|AFGHAN_SOUTH,2040,2,15.2830038474456
wheat,1|AFGHAN_SOUTH,2040,3,25.8636933624141
wheat,1|AFGHAN_SOUTH,2040,4,23.2870039264848
wheat,1|AFGHAN_SOUTH,2040,5,16.0771647072415
wheat,1|AFGHAN_SOUTH,2040,11,4.07884496848149
wheat,1|AFGHAN_SOUTH,2040,12,5.07912723651399
wheat,1|AFGHAN_SOUTH,2050,1,10.8312751759277
wheat,1|AFGHAN_SOUTH,2050,2,15.2830038474456
wheat,1|AFGHAN_SOUTH,2050,3,25.8636933624141
wheat,1|AFGHAN_SOUTH,2050,4,23.2870039264848
wheat,1|AFGHAN_SOUTH,2050,5,16.0771647072415
wheat,1|AFGHAN_SOUTH,2050,11,4.07884496848149
wheat,1|AFGHAN_SOUTH,2050,12,5.07912723651399
wheat,1|AFGHAN_SOUTH,2060,1,10.8312751759277
wheat,1|AFGHAN_SOUTH,2060,2,15.2830038474456
wheat,1|AFGHAN_SOUTH,2060,3,25.8636933624141
wheat,1|AFGHAN_SOUTH,2060,4,23.2870039264848
wheat,1|AFGHAN_SOUTH,2060,5,16.0771647072415
wheat,1|AFGHAN_SOUTH,2060,11,4.07884496848149
wheat,1|AFGHAN_SOUTH,2060,12,5.07912723651399
wheat,2|AFGHAN_NORTH,2010,1,3.37867987480752
wheat,2|AFGHAN_NORTH,2010,2,4.2211953632505
wheat,2|AFGHAN_NORTH,2010,3,9.97006177154409
wheat,2|AFGHAN_NORTH,2010,4,9.96534274122279
wheat,2|AFGHAN_NORTH,2010,5,8.67672428820947
wheat,2|AFGHAN_NORTH,2010,11,1.51067679449906
wheat,2|AFGHAN_NORTH,2010,12,1.83927146520152
wheat,2|AFGHAN_NORTH,2020,1,3.37867987480752
wheat,2|AFGHAN_NORTH,2020,2,4.2211953632505
wheat,2|AFGHAN_NORTH,2020,3,9.97006177154409
wheat,2|AFGHAN_NORTH,2020,4,9.96534274122279
wheat,2|AFGHAN_NORTH,2020,5,8.67672428820947
wheat,2|AFGHAN_NORTH,2020,11,1.51067679449906
wheat,2|AFGHAN_NORTH,2020,12,1.83927146520152
wheat,2|AFGHAN_NORTH,2030,1,3.37867987480752
wheat,2|AFGHAN_NORTH,2030,2,4.2211953632505
wheat,2|AFGHAN_NORTH,2030,3,9.97006177154409
wheat,2|AFGHAN_NORTH,2030,4,9.96534274122279
wheat,2|AFGHAN_NORTH,2030,5,8.67672428820947
wheat,2|AFGHAN_NORTH,2030,11,1.51067679449906
wheat,2|AFGHAN_NORTH,2030,12,1.83927146520152
wheat,2|AFGHAN_NORTH,2040,1,3.37867987480752
wheat,2|AFGHAN_NORTH,2040,2,4.2211953632505
wheat,2|AFGHAN_NORTH,2040,3,9.97006177154409
wheat,2|AFGHAN_NORTH,2040,4,9.96534274122279
wheat,2|AFGHAN_NORTH,2040,5,8.67672428820947
wheat,2|AFGHAN_NORTH,2040,11,1.51067679449906
wheat,2|AFGHAN_NORTH,2040,12,1.83927146520152
wheat,2|AFGHAN_NORTH,2050,1,3.37867987480752
wheat,2|AFGHAN_NORTH,2050,2,4.2211953632505
wheat,2|AFGHAN_NORTH,2050,3,9.97006177154409
wheat,2|AFGHAN_NORTH,2050,4,9.96534274122279
wheat,2|AFGHAN_NORTH,2050,5,8.67672428820947
wheat,2|AFGHAN_NORTH,2050,11,1.51067679449906
wheat,2|AFGHAN_NORTH,2050,12,1.83927146520152
wheat,2|AFGHAN_NORTH,2060,1,3.37867987480752
wheat,2|AFGHAN_NORTH,2060,2,4.2211953632505
wheat,2|AFGHAN_NORTH,2060,3,9.97006177154409
wheat,2|AFGHAN_NORTH,2060,4,9.96534274122279
wheat,2|AFGHAN_NORTH,2060,5,8.67672428820947
wheat,2|AFGHAN_NORTH,2060,11,1.51067679449906
wheat,2|AFGHAN_NORTH,2060,12,1.83927146520152
wheat,3|CHINA,2010,3,0.630605111331245
wheat,3|CHINA,2010,4,5.4404122852275
wheat,3|CHINA,2010,5,5.92022243315031
wheat,3|CHINA,2010,11,1.66218002140941
wheat,3|CHINA,2010,12,1.33769889072454
wheat,3|CHINA,2020,3,0.630605111331245
wheat,3|CHINA,2020,4,5.4404122852275
wheat,3|CHINA,2020,5,5.92022243315031
wheat,3|CHINA,2020,11,1.66218002140941
wheat,3|CHINA,2020,12,1.33769889072454
wheat,3|CHINA,2030,3,0.630605111331245
wheat,3|CHINA,2030,4,5.4404122852275
wheat,3|CHINA,2030,5,5.92022243315031
wheat,3|CHINA,2030,11,1.66218002140941
wheat,3|CHINA,2030,12,1.33769889072454
wheat,3|CHINA,2040,3,0.630605111331245
wheat,3|CHINA,2040,4,5.4404122852275
wheat,3|CHINA,2040,5,5.92022243315031
wheat,3|CHINA,2040,11,1.66218002140941
wheat,3|CHINA,2040,12,1.33769889072454
wheat,3|CHINA,2050,3,0.630605111331245
wheat,3|CHINA,2050,4,5.4404122852275
wheat,3|CHINA,2050,5,5.92022243315031
wheat,3|CHINA,2050,11,1.66218002140941
wheat,3|CHINA,2050,12,1.33769889072454
wheat,3|CHINA,2060,3,0.630605111331245
wheat,3|CHINA,2060,4,5.4404122852275
wheat,3|CHINA,2060,5,5.92022243315031
wheat,3|CHINA,2060,11,1.66218002140941
wheat,3|CHINA,2060,12,1.33769889072454
wheat,6|INDIA_WEST,2010,1,2.49267683922919
wheat,6|INDIA_WEST,2010,2,2.90457987523235
wheat,6|INDIA_WEST,2010,3,9.44276804339315
wheat,6|INDIA_WEST,2010,4,10.7902092817374
wheat,6|INDIA_WEST,2010,5,9.46142581225892
wheat,6|INDIA_WEST,2010,11,2.23774406270061
wheat,6|INDIA_WEST,2010,12,1.94197563090991
wheat,6|INDIA_WEST,2020,1,2.49267683922919
wheat,6|INDIA_WEST,2020,2,2.90457987523235
wheat,6|INDIA_WEST,2020,3,9.44276804339315
wheat,6|INDIA_WEST,2020,4,10.7902092817374
wheat,6|INDIA_WEST,2020,5,9.46142581225892
wheat,6|INDIA_WEST,2020,11,2.23774406270061
wheat,6|INDIA_WEST,2020,12,1.94197563090991
wheat,6|INDIA_WEST,2030,1,2.49267683922919
wheat,6|INDIA_WEST,2030,2,2.90457987523235
wheat,6|INDIA_WEST,2030,3,9.44276804339315
wheat,6|INDIA_WEST,2030,4,10.7902092817374
wheat,6|INDIA_WEST,2030,5,9.46142581225892
wheat,6|INDIA_WEST,2030,11,2.23774406270061
wheat,6|INDIA_WEST,2030,12,1.94197563090991
wheat,6|INDIA_WEST,2040,1,2.49267683922919
wheat,6|INDIA_WEST,2040,2,2.90457987523235
wheat,6|INDIA_WEST,2040,3,9.44276804339315
wheat,6|INDIA_WEST,2040,4,10.7902092817374
wheat,6|INDIA_WEST,2040,5,9.46142581225892
wheat,6|INDIA_WEST,2040,11,2.23774406270061
wheat,6|INDIA_WEST,2040,12,1.94197563090991
wheat,6|INDIA_WEST,2050,1,2.49267683922919
wheat,6|INDIA_WEST,2050,2,2.90457987523235
wheat,6|INDIA_WEST,2050,3,9.44276804339315
wheat,6|INDIA_WEST,2050,4,10.7902092817374
wheat,6|INDIA_WEST,2050,5,9.46142581225892
wheat,6|INDIA_WEST,2050,11,2.23774406270061
wheat,6|INDIA_WEST,2050,12,1.94197563090991
wheat,6|INDIA_WEST,2060,1,2.49267683922919
wheat,6|INDIA_WEST,2060,2,2.90457987523235
wheat,6|INDIA_WEST,2060,3,9.44276804339315
wheat,6|INDIA_WEST,2060,4,10.7902092817374
wheat,6|INDIA_WEST,2060,5,9.46142581225892
wheat,6|INDIA_WEST,2060,11,2.23774406270061
wheat,6|INDIA_WEST,2060,12,1.94197563090991
wheat,7|INDIA_WEST,2010,1,6.93023151116531
wheat,7|INDIA_WEST,2010,2,11.9079050787971
wheat,7|INDIA_WEST,2010,3,30.8459174366074
wheat,7|INDIA_WEST,2010,4,35.0498662935268
wheat,7|INDIA_WEST,2010,5,24.6785094835215
wheat,7|INDIA_WEST,2010,11,5.7035194217811
wheat,7|INDIA_WEST,2010,12,4.84466959262926
wheat,7|INDIA_WEST,2020,1,6.93023151116531
wheat,7|INDIA_WEST,2020,2,11.9079050787971
wheat,7|INDIA_WEST,2020,3,30.8459174366074
wheat,7|INDIA_WEST,2020,4,35.0498662935268
wheat,7|INDIA_WEST,2020,5,24.6785094835215
wheat,7|INDIA_WEST,2020,11,5.7035194217811
wheat,7|INDIA_WEST,2020,12,4.84466959262926
wheat,7|INDIA_WEST,2030,1,6.93023151116531
wheat,7|INDIA_WEST,2030,2,11.9079050787971
wheat,7|INDIA_WEST,2030,3,30.8459174366074
wheat,7|INDIA_WEST,2030,4,35.0498662935268
wheat,7|INDIA_WEST,2030,5,24.6785094835215
wheat,7|INDIA_WEST,2030,11,5.7035194217811
wheat,7|INDIA_WEST,2030,12,4.84466959262926
wheat,7|INDIA_WEST,2040,1,6.93023151116531
wheat,7|INDIA_WEST,2040,2,11.9079050787971
wheat,7|INDIA_WEST,2040,3,30.8459174366074
wheat,7|INDIA_WEST,2040,4,35.0498662935268
wheat,7|INDIA_WEST,2040,5,24.6785094835215
wheat,7|INDIA_WEST,2040,11,5.7035194217811
wheat,7|INDIA_WEST,2040,12,4.84466959262926
wheat,7|INDIA_WEST,2050,1,6.93023151116531
wheat,7|INDIA_WEST,2050,2,11.9079050787971
wheat,7|INDIA_WEST,2050,3,30.8459174366074
wheat,7|INDIA_WEST,2050,4,35.0498662935268
wheat,7|INDIA_WEST,2050,5,24.6785094835215
wheat,7|INDIA_WEST,2050,11,5.7035194217811
wheat,7|INDIA_WEST,2050,12,4.84466959262926
wheat,7|INDIA_WEST,2060,1,6.93023151116531
wheat,7|INDIA_WEST,2060,2,11.9079050787971
wheat,7|INDIA_WEST,2060,3,30.8459174366074
wheat,7|INDIA_WEST,2060,4,35.0498662935268
wheat,7|INDIA_WEST,2060,5,24.6785094835215
wheat,7|INDIA_WEST,2060,11,5.7035194217811
wheat,7|INDIA_WEST,2060,12,4.84466959262926
wheat,8|INDIA_WEST,2010,1,2.3705003275672
wheat,8|INDIA_WEST,2010,2,4.22490790253369
wheat,8|INDIA_WEST,2010,3,8.53273000906709
wheat,8|INDIA_WEST,2010,4,8.30963084320314
wheat,8|INDIA_WEST,2010,5,5.30279587422674
wheat,8|INDIA_WEST,2010,11,1.19762162432332
wheat,8|INDIA_WEST,2010,12,1.31646689820054
wheat,8|INDIA_WEST,2020,1,2.3705003275672
wheat,8|INDIA_WEST,2020,2,4.22490790253369
wheat,8|INDIA_WEST,2020,3,8.53273000906709
wheat,8|INDIA_WEST,2020,4,8.30963084320314
wheat,8|INDIA_WEST,2020,5,5.30279587422674
wheat,8|INDIA_WEST,2020,11,1.19762162432332
wheat,8|INDIA_WEST,2020,12,1.31646689820054
wheat,8|INDIA_WEST,2030,1,2.3705003275672
wheat,8|INDIA_WEST,2030,2,4.22490790253369
wheat,8|INDIA_WEST,2030,3,8.53273000906709
wheat,8|INDIA_WEST,2030,4,8.30963084320314
wheat,8|INDIA_WEST,2030,5,5.30279587422674
wheat,8|INDIA_WEST,2030,11,1.19762162432332
wheat,8|INDIA_WEST,2030,12,1.31646689820054
wheat,8|INDIA_WEST,2040,1,2.3705003275672
wheat,8|INDIA_WEST,2040,2,4.22490790253369
wheat,8|INDIA_WEST,2040,3,8.53273000906709
wheat,8|INDIA_WEST,2040,4,8.30963084320314
wheat,8|INDIA_WEST,2040,5,5.30279587422674
wheat,8|INDIA_WEST,2040,11,1.19762162432332
wheat,8|INDIA_WEST,2040,12,1.31646689820054
wheat,8|INDIA_WEST,2050,1,2.3705003275672
wheat,8|INDIA_WEST,2050,2,4.22490790253369
wheat,8|INDIA_WEST,2050,3,8.53273000906709
wheat,8|INDIA_WEST,2050,4,8.30963084320314
wheat,8|INDIA_WEST,2050,5,5.30279587422674
wheat,8|INDIA_WEST,2050,11,1.19762162432332
wheat,8|INDIA_WEST,2050,12,1.31646689820054
wheat,8|INDIA_WEST,2060,1,2.3705003275672
wheat,8|INDIA_WEST,2060,2,4.22490790253369
wheat,8|INDIA_WEST,2060,3,8.53273000906709
wheat,8|INDIA_WEST,2060,4,8.30963084320314
wheat,8|INDIA_WEST,2060,5,5.30279587422674
wheat,8|INDIA_WEST,2060,11,1.19762162432332
wheat,8|INDIA_WEST,2060,12,1.31646689820054
wheat,9|INDIA_EAST,2010,1,11.0738232600634
wheat,9|INDIA_EAST,2010,2,18.8924642424087
wheat,9|INDIA_EAST,2010,3,31.3306210284279
wheat,9|INDIA_EAST,2010,4,27.5802715457026
wheat,9|INDIA_EAST,2010,5,16.507706323205
wheat,9|INDIA_EAST,2010,11,4.04707114237881
wheat,9|INDIA_EAST,2010,12,5.0757522841837
wheat,9|INDIA_EAST,2020,1,11.0738232600634
wheat,9|INDIA_EAST,2020,2,18.8924642424087
wheat,9|INDIA_EAST,2020,3,31.3306210284279
wheat,9|INDIA_EAST,2020,4,27.5802715457026
wheat,9|INDIA_EAST,2020,5,16.507706323205
wheat,9|INDIA_EAST,2020,11,4.04707114237881
wheat,9|INDIA_EAST,2020,12,5.0757522841837
wheat,9|INDIA_EAST,2030,1,11.0738232600634
wheat,9|INDIA_EAST,2030,2,18.8924642424087
wheat,9|INDIA_EAST,2030,3,31.3306210284279
wheat,9|INDIA_EAST,2030,4,27.5802715457026
wheat,9|INDIA_EAST,2030,5,16.507706323205
wheat,9|INDIA_EAST,2030,11,4.04707114237881
wheat,9|INDIA_EAST,2030,12,5.0757522841837
wheat,9|INDIA_EAST,2040,1,11.0738232600634
wheat,9|INDIA_EAST,2040,2,18.8924642424087
wheat,9|INDIA_EAST,2040,3,31.3306210284279
wheat,9|INDIA_EAST,2040,4,27.5802715457026
wheat,9|INDIA_EAST,2040,5,16.507706323205
wheat,9|INDIA_EAST,2040,11,4.04707114237881
wheat,9|INDIA_EAST,2040,12,5.0757522841837
wheat,9|INDIA_EAST,2050,1,11.0738232600634
wheat,9|INDIA_EAST,2050,2,18.8924642424087
wheat,9|INDIA_EAST,2050,3,31.3306210284279
wheat,9|INDIA_EAST,2050,4,27.5802715457026
wheat,9|INDIA_EAST,2050,5,16.507706323205
wheat,9|INDIA_EAST,2050,11,4.04707114237881
wheat,9|INDIA_EAST,2050,12,5.0757522841837
wheat,9|INDIA_EAST,2060,1,11.0738232600634
wheat,9|INDIA_EAST,2060,2,18.8924642424087
wheat,9|INDIA_EAST,2060,3,31.3306210284279
wheat,9|INDIA_EAST,2060,4,27.5802715457026
wheat,9|INDIA_EAST,2060,5,16.507706323205
wheat,9|INDIA_EAST,2060,11,4.04707114237881
wheat,9|INDIA_EAST,2060,12,5.0757522841837
wheat,10|INDIA_WEST,2010,1,1.23751314315381
wheat,10|INDIA_WEST,2010,2,2.1183082553656
wheat,10|INDIA_WEST,2010,3,4.65656592082253
wheat,10|INDIA_WEST,2010,4,7.16234315001734
wheat,10|INDIA_WEST,2010,5,6.12578565900011
wheat,10|INDIA_WEST,2010,11,0.799301770831736
wheat,10|INDIA_WEST,2010,12,0.734397506611459
wheat,10|INDIA_WEST,2020,1,1.23751314315381
wheat,10|INDIA_WEST,2020,2,2.1183082553656
wheat,10|INDIA_WEST,2020,3,4.65656592082253
wheat,10|INDIA_WEST,2020,4,7.16234315001734
wheat,10|INDIA_WEST,2020,5,6.12578565900011
wheat,10|INDIA_WEST,2020,11,0.799301770831736
wheat,10|INDIA_WEST,2020,12,0.734397506611459
wheat,10|INDIA_WEST,2030,1,1.23751314315381
wheat,10|INDIA_WEST,2030,2,2.1183082553656
wheat,10|INDIA_WEST,2030,3,4.65656592082253
wheat,10|INDIA_WEST,2030,4,7.16234315001734
wheat,10|INDIA_WEST,2030,5,6.12578565900011
wheat,10|INDIA_WEST,2030,11,0.799301770831736
wheat,10|INDIA_WEST,2030,12,0.734397506611459
wheat,10|INDIA_WEST,2040,1,1.23751314315381
wheat,10|INDIA_WEST,2040,2,2.1183082553656
wheat,10|INDIA_WEST,2040,3,4.65656592082253
wheat,10|INDIA_WEST,2040,4,7.16234315001734
wheat,10|INDIA_WEST,2040,5,6.12578565900011
wheat,10|INDIA_WEST,2040,11,0.799301770831736
wheat,10|INDIA_WEST,2040,12,0.734397506611459
wheat,10|INDIA_WEST,2050,1,1.23751314315381
wheat,10|INDIA_WEST,2050,2,2.1183082553656
wheat,10|INDIA_WEST,2050,3,4.65656592082253
wheat,10|INDIA_WEST,2050,4,7.16234315001734
wheat,10|INDIA_WEST,2050,5,6.12578565900011
wheat,10|INDIA_WEST,2050,11,0.799301770831736
wheat,10|INDIA_WEST,2050,12,0.734397506611459
wheat,10|INDIA_WEST,2060,1,1.23751314315381
wheat,10|INDIA_WEST,2060,2,2.1183082553656
wheat,10|INDIA_WEST,2060,3,4.65656592082253
wheat,10|INDIA_WEST,2060,4,7.16234315001734
wheat,10|INDIA_WEST,2060,5,6.12578565900011
wheat,10|INDIA_WEST,2060,11,0.799301770831736
wheat,10|INDIA_WEST,2060,12,0.734397506611459
wheat,11|INDIA_WEST,2010,1,1.17244132085722
wheat,11|INDIA_WEST,2010,2,2.07107322420361
wheat,11|INDIA_WEST,2010,3,5.24237410710416
wheat,11|INDIA_WEST,2010,4,8.18598213744644
wheat,11|INDIA_WEST,2010,5,7.6814397797775
wheat,11|INDIA_WEST,2010,11,1.03129411123823
wheat,11|INDIA_WEST,2010,12,0.88323572299695
wheat,11|INDIA_WEST,2020,1,1.17244132085722
wheat,11|INDIA_WEST,2020,2,2.07107322420361
wheat,11|INDIA_WEST,2020,3,5.24237410710416
wheat,11|INDIA_WEST,2020,4,8.18598213744644
wheat,11|INDIA_WEST,2020,5,7.6814397797775
wheat,11|INDIA_WEST,2020,11,1.03129411123823
wheat,11|INDIA_WEST,2020,12,0.88323572299695
wheat,11|INDIA_WEST,2030,1,1.17244132085722
wheat,11|INDIA_WEST,2030,2,2.07107322420361
wheat,11|INDIA_WEST,2030,3,5.24237410710416
wheat,11|INDIA_WEST,2030,4,8.18598213744644
wheat,11|INDIA_WEST,2030,5,7.6814397797775
wheat,11|INDIA_WEST,2030,11,1.03129411123823
wheat,11|INDIA_WEST,2030,12,0.88323572299695
wheat,11|INDIA_WEST,2040,1,1.17244132085722
wheat,11|INDIA_WEST,2040,2,2.07107322420361
wheat,11|INDIA_WEST,2040,3,5.24237410710416
wheat,11|INDIA_WEST,2040,4,8.18598213744644
wheat,11|INDIA_WEST,2040,5,7.6814397797775
wheat,11|INDIA_WEST,2040,11,1.03129411123823
wheat,11|INDIA_WEST,2040,12,0.88323572299695
wheat,11|INDIA_WEST,2050,1,1.17244132085722
wheat,11|INDIA_WEST,2050,2,2.07107322420361
wheat,11|INDIA_WEST,2050,3,5.24237410710416
wheat,11|INDIA_WEST,2050,4,8.18598213744644
wheat,11|INDIA_WEST,2050,5,7.6814397797775
wheat,11|INDIA_WEST,2050,11,1.03129411123823
wheat,11|INDIA_WEST,2050,12,0.88323572299695
wheat,11|INDIA_WEST,2060,1,1.17244132085722
wheat,11|INDIA_WEST,2060,2,2.07107322420361
wheat,11|INDIA_WEST,2060,3,5.24237410710416
wheat,11|INDIA_WEST,2060,4,8.18598213744644
wheat,11|INDIA_WEST,2060,5,7.6814397797775
wheat,11|INDIA_WEST,2060,11,1.03129411123823
wheat,11|INDIA_WEST,2060,12,0.88323572299695
wheat,12|PAKISTAN,2010,1,2.40953039939724
wheat,12|PAKISTAN,2010,2,3.82646240244742
wheat,12|PAKISTAN,2010,3,6.42593141962625
wheat,12|PAKISTAN,2010,4,5.79468449610968
wheat,12|PAKISTAN,2010,5,3.94593313799182
wheat,12|PAKISTAN,2010,11,0.81054183709751
wheat,12|PAKISTAN,2010,12,0.945929576603503
wheat,12|PAKISTAN,2020,1,2.40953039939724
wheat,12|PAKISTAN,2020,2,3.82646240244742
wheat,12|PAKISTAN,2020,3,6.42593141962625
wheat,12|PAKISTAN,2020,4,5.79468449610968
wheat,12|PAKISTAN,2020,5,3.94593313799182
wheat,12|PAKISTAN,2020,11,0.81054183709751
wheat,12|PAKISTAN,2020,12,0.945929576603503
wheat,12|PAKISTAN,2030,1,2.40953039939724
wheat,12|PAKISTAN,2030,2,3.82646240244742
wheat,12|PAKISTAN,2030,3,6.42593141962625
wheat,12|PAKISTAN,2030,4,5.79468449610968
wheat,12|PAKISTAN,2030,5,3.94593313799182
wheat,12|PAKISTAN,2030,11,0.81054183709751
wheat,12|PAKISTAN,2030,12,0.945929576603503
wheat,12|PAKISTAN,2040,1,2.40953039939724
wheat,12|PAKISTAN,2040,2,3.82646240244742
wheat,12|PAKISTAN,2040,3,6.42593141962625
wheat,12|PAKISTAN,2040,4,5.79468449610968
wheat,12|PAKISTAN,2040,5,3.94593313799182
wheat,12|PAKISTAN,2040,11,0.81054183709751
wheat,12|PAKISTAN,2040,12,0.945929576603503
wheat,12|PAKISTAN,2050,1,2.40953039939724
wheat,12|PAKISTAN,2050,2,3.82646240244742
wheat,12|PAKISTAN,2050,3,6.42593141962625
wheat,12|PAKISTAN,2050,4,5.79468449610968
wheat,12|PAKISTAN,2050,5,3.94593313799182
wheat,12|PAKISTAN,2050,11,0.81054183709751
wheat,12|PAKISTAN,2050,12,0.945929576603503
wheat,12|PAKISTAN,2060,1,2.40953039939724
wheat,12|PAKISTAN,2060,2,3.82646240244742
wheat,12|PAKISTAN,2060,3,6.42593141962625
wheat,12|PAKISTAN,2060,4,5.79468449610968
wheat,12|PAKISTAN,2060,5,3.94593313799182
wheat,12|PAKISTAN,2060,11,0.81054183709751
wheat,12|PAKISTAN,2060,12,0.945929576603503
wheat,13|PAKISTAN,2010,1,3.36157725453205
wheat,13|PAKISTAN,2010,2,5.62319755737667
wheat,13|PAKISTAN,2010,3,8.85264244027135
wheat,13|PAKISTAN,2010,4,7.60197813088588
wheat,13|PAKISTAN,2010,5,4.78203943520102
wheat,13|PAKISTAN,2010,11,1.00149418008201
wheat,13|PAKISTAN,2010,12,1.31260204359204
wheat,13|PAKISTAN,2020,1,3.36157725453205
wheat,13|PAKISTAN,2020,2,5.62319755737667
wheat,13|PAKISTAN,2020,3,8.85264244027135
wheat,13|PAKISTAN,2020,4,7.60197813088588
wheat,13|PAKISTAN,2020,5,4.78203943520102
wheat,13|PAKISTAN,2020,11,1.00149418008201
wheat,13|PAKISTAN,2020,12,1.31260204359204
wheat,13|PAKISTAN,2030,1,3.36157725453205
wheat,13|PAKISTAN,2030,2,5.62319755737667
wheat,13|PAKISTAN,2030,3,8.85264244027135
wheat,13|PAKISTAN,2030,4,7.60197813088588
wheat,13|PAKISTAN,2030,5,4.78203943520102
wheat,13|PAKISTAN,2030,11,1.00149418008201
wheat,13|PAKISTAN,2030,12,1.31260204359204
wheat,13|PAKISTAN,2040,1,3.36157725453205
wheat,13|PAKISTAN,2040,2,5.62319755737667
wheat,13|PAKISTAN,2040,3,8.85264244027135
wheat,13|PAKISTAN,2040,4,7.60197813088588
wheat,13|PAKISTAN,2040,5,4.78203943520102
wheat,13|PAKISTAN,2040,11,1.00149418008201
wheat,13|PAKISTAN,2040,12,1.31260204359204
wheat,13|PAKISTAN,2050,1,3.36157725453205
wheat,13|PAKISTAN,2050,2,5.62319755737667
wheat,13|PAKISTAN,2050,3,8.85264244027135
wheat,13|PAKISTAN,2050,4,7.60197813088588
wheat,13|PAKISTAN,2050,5,4.78203943520102
wheat,13|PAKISTAN,2050,11,1.00149418008201
wheat,13|PAKISTAN,2050,12,1.31260204359204
wheat,13|PAKISTAN,2060,1,3.36157725453205
wheat,13|PAKISTAN,2060,2,5.62319755737667
wheat,13|PAKISTAN,2060,3,8.85264244027135
wheat,13|PAKISTAN,2060,4,7.60197813088588
wheat,13|PAKISTAN,2060,5,4.78203943520102
wheat,13|PAKISTAN,2060,11,1.00149418008201
wheat,13|PAKISTAN,2060,12,1.31260204359204
wheat,14|PAKISTAN,2010,1,4.3135015359951
wheat,14|PAKISTAN,2010,2,7.05805876913665
wheat,14|PAKISTAN,2010,3,9.86083859219335
wheat,14|PAKISTAN,2010,4,7.8221261465476
wheat,14|PAKISTAN,2010,5,4.73147047944117
wheat,14|PAKISTAN,2010,11,1.16095816533251
wheat,14|PAKISTAN,2010,12,1.62755909007176
wheat,14|PAKISTAN,2020,1,4.3135015359951
wheat,14|PAKISTAN,2020,2,7.05805876913665
wheat,14|PAKISTAN,2020,3,9.86083859219335
wheat,14|PAKISTAN,2020,4,7.8221261465476
wheat,14|PAKISTAN,2020,5,4.73147047944117
wheat,14|PAKISTAN,2020,11,1.16095816533251
wheat,14|PAKISTAN,2020,12,1.62755909007176
wheat,14|PAKISTAN,2030,1,4.3135015359951
wheat,14|PAKISTAN,2030,2,7.05805876913665
wheat,14|PAKISTAN,2030,3,9.86083859219335
wheat,14|PAKISTAN,2030,4,7.8221261465476
wheat,14|PAKISTAN,2030,5,4.73147047944117
wheat,14|PAKISTAN,2030,11,1.16095816533251
wheat,14|PAKISTAN,2030,12,1.62755909007176
wheat,14|PAKISTAN,2040,1,4.3135015359951
wheat,14|PAKISTAN,2040,2,7.05805876913665
wheat,14|PAKISTAN,2040,3,9.86083859219335
wheat,14|PAKISTAN,2040,4,7.8221261465476
wheat,14|PAKISTAN,2040,5,4.73147047944117
wheat,14|PAKISTAN,2040,11,1.16095816533251
wheat,14|PAKISTAN,2040,12,1.62755909007176
wheat,14|PAKISTAN,2050,1,4.3135015359951
wheat,14|PAKISTAN,2050,2,7.05805876913665
wheat,14|PAKISTAN,2050,3,9.86083859219335
wheat,14|PAKISTAN,2050,4,7.8221261465476
wheat,14|PAKISTAN,2050,5,4.73147047944117
wheat,14|PAKISTAN,2050,11,1.16095816533251
wheat,14|PAKISTAN,2050,12,1.62755909007176
wheat,14|PAKISTAN,2060,1,4.3135015359951
wheat,14|PAKISTAN,2060,2,7.05805876913665
wheat,14|PAKISTAN,2060,3,9.86083859219335
wheat,14|PAKISTAN,2060,4,7.8221261465476
wheat,14|PAKISTAN,2060,5,4.73147047944117
wheat,14|PAKISTAN,2060,11,1.16095816533251
wheat,14|PAKISTAN,2060,12,1.62755909007176
wheat,15|PAKISTAN,2010,1,59.0780546170862
wheat,15|PAKISTAN,2010,2,78.9026876198701
wheat,15|PAKISTAN,2010,3,101.295702631061
wheat,15|PAKISTAN,2010,4,74.1768974637715
wheat,15|PAKISTAN,2010,5,41.8633183019107
wheat,15|PAKISTAN,2010,11,14.300311272158
wheat,15|PAKISTAN,2010,12,23.914488726764
wheat,15|PAKISTAN,2020,1,59.0780546170862
wheat,15|PAKISTAN,2020,2,78.9026876198701
wheat,15|PAKISTAN,2020,3,101.295702631061
wheat,15|PAKISTAN,2020,4,74.1768974637715
wheat,15|PAKISTAN,2020,5,41.8633183019107
wheat,15|PAKISTAN,2020,11,14.300311272158
wheat,15|PAKISTAN,2020,12,23.914488726764
wheat,15|PAKISTAN,2030,1,59.0780546170862
wheat,15|PAKISTAN,2030,2,78.9026876198701
wheat,15|PAKISTAN,2030,3,101.295702631061
wheat,15|PAKISTAN,2030,4,74.1768974637715
wheat,15|PAKISTAN,2030,5,41.8633183019107
wheat,15|PAKISTAN,2030,11,14.300311272158
wheat,15|PAKISTAN,2030,12,23.914488726764
wheat,15|PAKISTAN,2040,1,59.0780546170862
wheat,15|PAKISTAN,2040,2,78.9026876198701
wheat,15|PAKISTAN,2040,3,101.295702631061
wheat,15|PAKISTAN,2040,4,74.1768974637715
wheat,15|PAKISTAN,2040,5,41.8633183019107
wheat,15|PAKISTAN,2040,11,14.300311272158
wheat,15|PAKISTAN,2040,12,23.914488726764
wheat,15|PAKISTAN,2050,1,59.0780546170862
wheat,15|PAKISTAN,2050,2,78.9026876198701
wheat,15|PAKISTAN,2050,3,101.295702631061
wheat,15|PAKISTAN,2050,4,74.1768974637715
wheat,15|PAKISTAN,2050,5,41.8633183019107
wheat,15|PAKISTAN,2050,11,14.300311272158
wheat,15|PAKISTAN,2050,12,23.914488726764
wheat,15|PAKISTAN,2060,1,59.0780546170862
wheat,15|PAKISTAN,2060,2,78.9026876198701
wheat,15|PAKISTAN,2060,3,101.295702631061
wheat,15|PAKISTAN,2060,4,74.1768974637715
wheat,15|PAKISTAN,2060,5,41.8633183019107
wheat,15|PAKISTAN,2060,11,14.300311272158
wheat,15|PAKISTAN,2060,12,23.914488726764
wheat,16|PAKISTAN,2010,1,8.52247693670267
wheat,16|PAKISTAN,2010,2,12.9895770462624
wheat,16|PAKISTAN,2010,3,17.7297484713902
wheat,16|PAKISTAN,2010,4,13.4374291141898
wheat,16|PAKISTAN,2010,5,7.95620948421524
wheat,16|PAKISTAN,2010,11,2.24881263234676
wheat,16|PAKISTAN,2010,12,3.31302465361153
wheat,16|PAKISTAN,2020,1,8.52247693670267
wheat,16|PAKISTAN,2020,2,12.9895770462624
wheat,16|PAKISTAN,2020,3,17.7297484713902
wheat,16|PAKISTAN,2020,4,13.4374291141898
wheat,16|PAKISTAN,2020,5,7.95620948421524
wheat,16|PAKISTAN,2020,11,2.24881263234676
wheat,16|PAKISTAN,2020,12,3.31302465361153
wheat,16|PAKISTAN,2030,1,8.52247693670267
wheat,16|PAKISTAN,2030,2,12.9895770462624
wheat,16|PAKISTAN,2030,3,17.7297484713902
wheat,16|PAKISTAN,2030,4,13.4374291141898
wheat,16|PAKISTAN,2030,5,7.95620948421524
wheat,16|PAKISTAN,2030,11,2.24881263234676
wheat,16|PAKISTAN,2030,12,3.31302465361153
wheat,16|PAKISTAN,2040,1,8.52247693670267
wheat,16|PAKISTAN,2040,2,12.9895770462624
wheat,16|PAKISTAN,2040,3,17.7297484713902
wheat,16|PAKISTAN,2040,4,13.4374291141898
wheat,16|PAKISTAN,2040,5,7.95620948421524
wheat,16|PAKISTAN,2040,11,2.24881263234676
wheat,16|PAKISTAN,2040,12,3.31302465361153
wheat,16|PAKISTAN,2050,1,8.52247693670267
wheat,16|PAKISTAN,2050,2,12.9895770462624
wheat,16|PAKISTAN,2050,3,17.7297484713902
wheat,16|PAKISTAN,2050,4,13.4374291141898
wheat,16|PAKISTAN,2050,5,7.95620948421524
wheat,16|PAKISTAN,2050,11,2.24881263234676
wheat,16|PAKISTAN,2050,12,3.31302465361153
wheat,16|PAKISTAN,2060,1,8.52247693670267
wheat,16|PAKISTAN,2060,2,12.9895770462624
wheat,16|PAKISTAN,2060,3,17.7297484713902
wheat,16|PAKISTAN,2060,4,13.4374291141898
wheat,16|PAKISTAN,2060,5,7.95620948421524
wheat,16|PAKISTAN,2060,11,2.24881263234676
wheat,16|PAKISTAN,2060,12,3.31302465361153
wheat,17|PAKISTAN,2010,1,5.68325463866008
wheat,17|PAKISTAN,2010,2,8.39253319356794
wheat,17|PAKISTAN,2010,3,11.7046237488465
wheat,17|PAKISTAN,2010,4,8.99791999442468
wheat,17|PAKISTAN,2010,5,5.37803419489104
wheat,17|PAKISTAN,2010,10,3.72393853409139e-06
wheat,17|PAKISTAN,2010,11,1.6590725531506
wheat,17|PAKISTAN,2010,12,2.33431916739608
wheat,17|PAKISTAN,2020,1,5.68325463866008
wheat,17|PAKISTAN,2020,2,8.39253319356794
wheat,17|PAKISTAN,2020,3,11.7046237488465
wheat,17|PAKISTAN,2020,4,8.99791999442468
wheat,17|PAKISTAN,2020,5,5.37803419489104
wheat,17|PAKISTAN,2020,10,3.72393853409139e-06
wheat,17|PAKISTAN,2020,11,1.6590725531506
wheat,17|PAKISTAN,2020,12,2.33431916739608
wheat,17|PAKISTAN,2030,1,5.68325463866008
wheat,17|PAKISTAN,2030,2,8.39253319356794
wheat,17|PAKISTAN,2030,3,11.7046237488465
wheat,17|PAKISTAN,2030,4,8.99791999442468
wheat,17|PAKISTAN,2030,5,5.37803419489104
wheat,17|PAKISTAN,2030,10,3.72393853409139e-06
wheat,17|PAKISTAN,2030,11,1.6590725531506
wheat,17|PAKISTAN,2030,12,2.33431916739608
wheat,17|PAKISTAN,2040,1,5.68325463866008
wheat,17|PAKISTAN,2040,2,8.39253319356794
wheat,17|PAKISTAN,2040,3,11.7046237488465
wheat,17|PAKISTAN,2040,4,8.99791999442468
wheat,17|PAKISTAN,2040,5,5.37803419489104
wheat,17|PAKISTAN,2040,10,3.72393853409139e-06
wheat,17|PAKISTAN,2040,11,1.6590725531506
wheat,17|PAKISTAN,2040,12,2.33431916739608
wheat,17|PAKISTAN,2050,1,5.68325463866008
wheat,17|PAKISTAN,2050,2,8.39253319356794
wheat,17|PAKISTAN,2050,3,11.7046237488465
wheat,17|PAKISTAN,2050,4,8.99791999442468
wheat,17|PAKISTAN,2050,5,5.37803419489104
wheat,17|PAKISTAN,2050,10,3.72393853409139e-06
wheat,17|PAKISTAN,2050,11,1.6590725531506
wheat,17|PAKISTAN,2050,12,2.33431916739608
wheat,17|PAKISTAN,2060,1,5.68325463866008
wheat,17|PAKISTAN,2060,2,8.39253319356794
wheat,17|PAKISTAN,2060,3,11.7046237488465
wheat,17|PAKISTAN,2060,4,8.99791999442468
wheat,17|PAKISTAN,2060,5,5.37803419489104
wheat,17|PAKISTAN,2060,10,3.72393853409139e-06
wheat,17|PAKISTAN,2060,11,1.6590725531506
wheat,17|PAKISTAN,2060,12,2.33431916739608
wheat,18|PAKISTAN,2010,1,1.78411344286892
wheat,18|PAKISTAN,2010,2,2.06833389552812
wheat,18|PAKISTAN,2010,3,3.98136275979107
wheat,18|PAKISTAN,2010,4,3.9493330521533
wheat,18|PAKISTAN,2010,5,3.2501382288109
wheat,18|PAKISTAN,2010,11,0.57073025403892
wheat,18|PAKISTAN,2010,12,0.784668575705935
wheat,18|PAKISTAN,2020,1,1.78411344286892
wheat,18|PAKISTAN,2020,2,2.06833389552812
wheat,18|PAKISTAN,2020,3,3.98136275979107
wheat,18|PAKISTAN,2020,4,3.9493330521533
wheat,18|PAKISTAN,2020,5,3.2501382288109
wheat,18|PAKISTAN,2020,11,0.57073025403892
wheat,18|PAKISTAN,2020,12,0.784668575705935
wheat,18|PAKISTAN,2030,1,1.78411344286892
wheat,18|PAKISTAN,2030,2,2.06833389552812
wheat,18|PAKISTAN,2030,3,3.98136275979107
wheat,18|PAKISTAN,2030,4,3.9493330521533
wheat,18|PAKISTAN,2030,5,3.2501382288109
wheat,18|PAKISTAN,2030,11,0.57073025403892
wheat,18|PAKISTAN,2030,12,0.784668575705935
wheat,18|PAKISTAN,2040,1,1.78411344286892
wheat,18|PAKISTAN,2040,2,2.06833389552812
wheat,18|PAKISTAN,2040,3,3.98136275979107
wheat,18|PAKISTAN,2040,4,3.9493330521533
wheat,18|PAKISTAN,2040,5,3.2501382288109
wheat,18|PAKISTAN,2040,11,0.57073025403892
wheat,18|PAKISTAN,2040,12,0.784668575705935
wheat,18|PAKISTAN,2050,1,1.78411344286892
wheat,18|PAKISTAN,2050,2,2.06833389552812
wheat,18|PAKISTAN,2050,3,3.98136275979107
wheat,18|PAKISTAN,2050,4,3.9493330521533
wheat,18|PAKISTAN,2050,5,3.2501382288109
wheat,18|PAKISTAN,2050,11,0.57073025403892
wheat,18|PAKISTAN,2050,12,0.784668575705935
wheat,18|PAKISTAN,2060,1,1.78411344286892
wheat,18|PAKISTAN,2060,2,2.06833389552812
wheat,18|PAKISTAN,2060,3,3.98136275979107
wheat,18|PAKISTAN,2060,4,3.9493330521533
wheat,18|PAKISTAN,2060,5,3.2501382288109
wheat,18|PAKISTAN,2060,11,0.57073025403892
wheat,18|PAKISTAN,2060,12,0.784668575705935
wheat,19|PAKISTAN,2010,1,1.02995550037142
wheat,19|PAKISTAN,2010,2,1.19863765745249
wheat,19|PAKISTAN,2010,3,2.74233048274722
wheat,19|PAKISTAN,2010,4,3.07002448502787
wheat,19|PAKISTAN,2010,5,2.56466491245892
wheat,19|PAKISTAN,2010,11,0.46388799649644
wheat,19|PAKISTAN,2010,12,0.515538247859923
wheat,19|PAKISTAN,2020,1,1.02995550037142
wheat,19|PAKISTAN,2020,2,1.19863765745249
wheat,19|PAKISTAN,2020,3,2.74233048274722
wheat,19|PAKISTAN,2020,4,3.07002448502787
wheat,19|PAKISTAN,2020,5,2.56466491245892
wheat,19|PAKISTAN,2020,11,0.46388799649644
wheat,19|PAKISTAN,2020,12,0.515538247859923
wheat,19|PAKISTAN,2030,1,1.02995550037142
wheat,19|PAKISTAN,2030,2,1.19863765745249
wheat,19|PAKISTAN,2030,3,2.74233048274722
wheat,19|PAKISTAN,2030,4,3.07002448502787
wheat,19|PAKISTAN,2030,5,2.56466491245892
wheat,19|PAKISTAN,2030,11,0.46388799649644
wheat,19|PAKISTAN,2030,12,0.515538247859923
wheat,19|PAKISTAN,2040,1,1.02995550037142
wheat,19|PAKISTAN,2040,2,1.19863765745249
wheat,19|PAKISTAN,2040,3,2.74233048274722
wheat,19|PAKISTAN,2040,4,3.07002448502787
wheat,19|PAKISTAN,2040,5,2.56466491245892
wheat,19|PAKISTAN,2040,11,0.46388799649644
wheat,19|PAKISTAN,2040,12,0.515538247859923
wheat,19|PAKISTAN,2050,1,1.02995550037142
wheat,19|PAKISTAN,2050,2,1.19863765745249
wheat,19|PAKISTAN,2050,3,2.74233048274722
wheat,19|PAKISTAN,2050,4,3.07002448502787
wheat,19|PAKISTAN,2050,5,2.56466491245892
wheat,19|PAKISTAN,2050,11,0.46388799649644
wheat,19|PAKISTAN,2050,12,0.515538247859923
wheat,19|PAKISTAN,2060,1,1.02995550037142
wheat,19|PAKISTAN,2060,2,1.19863765745249
wheat,19|PAKISTAN,2060,3,2.74233048274722
wheat,19|PAKISTAN,2060,4,3.07002448502787
wheat,19|PAKISTAN,2060,5,2.56466491245892
wheat,19|PAKISTAN,2060,11,0.46388799649644
wheat,19|PAKISTAN,2060,12,0.515538247859923
wheat,20|PAKISTAN,2010,1,3.54264723542137
wheat,20|PAKISTAN,2010,2,6.04031952567323
wheat,20|PAKISTAN,2010,3,9.34082768840332
wheat,20|PAKISTAN,2010,4,7.90729680824727
wheat,20|PAKISTAN,2010,5,4.80151983079415
wheat,20|PAKISTAN,2010,11,1.06496828606601
wheat,20|PAKISTAN,2010,12,1.4052495481949
wheat,20|PAKISTAN,2020,1,3.54264723542137
wheat,20|PAKISTAN,2020,2,6.04031952567323
wheat,20|PAKISTAN,2020,3,9.34082768840332
wheat,20|PAKISTAN,2020,4,7.90729680824727
wheat,20|PAKISTAN,2020,5,4.80151983079415
wheat,20|PAKISTAN,2020,11,1.06496828606601
wheat,20|PAKISTAN,2020,12,1.4052495481949
wheat,20|PAKISTAN,2030,1,3.54264723542137
wheat,20|PAKISTAN,2030,2,6.04031952567323
wheat,20|PAKISTAN,2030,3,9.34082768840332
wheat,20|PAKISTAN,2030,4,7.90729680824727
wheat,20|PAKISTAN,2030,5,4.80151983079415
wheat,20|PAKISTAN,2030,11,1.06496828606601
wheat,20|PAKISTAN,2030,12,1.4052495481949
wheat,20|PAKISTAN,2040,1,3.54264723542137
wheat,20|PAKISTAN,2040,2,6.04031952567323
wheat,20|PAKISTAN,2040,3,9.34082768840332
wheat,20|PAKISTAN,2040,4,7.90729680824727
wheat,20|PAKISTAN,2040,5,4.80151983079415
wheat,20|PAKISTAN,2040,11,1.06496828606601
wheat,20|PAKISTAN,2040,12,1.4052495481949
wheat,20|PAKISTAN,2050,1,3.54264723542137
wheat,20|PAKISTAN,2050,2,6.04031952567323
wheat,20|PAKISTAN,2050,3,9.34082768840332
wheat,20|PAKISTAN,2050,4,7.90729680824727
wheat,20|PAKISTAN,2050,5,4.80151983079415
wheat,20|PAKISTAN,2050,11,1.06496828606601
wheat,20|PAKISTAN,2050,12,1.4052495481949
wheat,20|PAKISTAN,2060,1,3.54264723542137
wheat,20|PAKISTAN,2060,2,6.04031952567323
wheat,20|PAKISTAN,2060,3,9.34082768840332
wheat,20|PAKISTAN,2060,4,7.90729680824727
wheat,20|PAKISTAN,2060,5,4.80151983079415
wheat,20|PAKISTAN,2060,11,1.06496828606601
wheat,20|PAKISTAN,2060,12,1.4052495481949
wheat,21|PAKISTAN,2010,1,4.32600780746015
wheat,21|PAKISTAN,2010,2,7.2226459801409
wheat,21|PAKISTAN,2010,3,10.4238327772437
wheat,21|PAKISTAN,2010,4,8.30056328736283
wheat,21|PAKISTAN,2010,5,4.9507044549911
wheat,21|PAKISTAN,2010,11,1.23043842737237
wheat,21|PAKISTAN,2010,12,1.6671260717089
wheat,21|PAKISTAN,2020,1,4.32600780746015
wheat,21|PAKISTAN,2020,2,7.2226459801409
wheat,21|PAKISTAN,2020,3,10.4238327772437
wheat,21|PAKISTAN,2020,4,8.30056328736283
wheat,21|PAKISTAN,2020,5,4.9507044549911
wheat,21|PAKISTAN,2020,11,1.23043842737237
wheat,21|PAKISTAN,2020,12,1.6671260717089
wheat,21|PAKISTAN,2030,1,4.32600780746015
wheat,21|PAKISTAN,2030,2,7.2226459801409
wheat,21|PAKISTAN,2030,3,10.4238327772437
wheat,21|PAKISTAN,2030,4,8.30056328736283
wheat,21|PAKISTAN,2030,5,4.9507044549911
wheat,21|PAKISTAN,2030,11,1.23043842737237
wheat,21|PAKISTAN,2030,12,1.6671260717089
wheat,21|PAKISTAN,2040,1,4.32600780746015
wheat,21|PAKISTAN,2040,2,7.2226459801409
wheat,21|PAKISTAN,2040,3,10.4238327772437
wheat,21|PAKISTAN,2040,4,8.30056328736283
wheat,21|PAKISTAN,2040,5,4.9507044549911
wheat,21|PAKISTAN,2040,11,1.23043842737237
wheat,21|PAKISTAN,2040,12,1.6671260717089
wheat,21|PAKISTAN,2050,1,4.32600780746015
wheat,21|PAKISTAN,2050,2,7.2226459801409
wheat,21|PAKISTAN,2050,3,10.4238327772437
wheat,21|PAKISTAN,2050,4,8.30056328736283
wheat,21|PAKISTAN,2050,5,4.9507044549911
wheat,21|PAKISTAN,2050,11,1.23043842737237
wheat,21|PAKISTAN,2050,12,1.6671260717089
wheat,21|PAKISTAN,2060,1,4.32600780746015
wheat,21|PAKISTAN,2060,2,7.2226459801409
wheat,21|PAKISTAN,2060,3,10.4238327772437
wheat,21|PAKISTAN,2060,4,8.30056328736283
wheat,21|PAKISTAN,2060,5,4.9507044549911
wheat,21|PAKISTAN,2060,11,1.23043842737237
wheat,21|PAKISTAN,2060,12,1.6671260717089
wheat,22|PAKISTAN,2010,1,1.05420450665326
wheat,22|PAKISTAN,2010,2,1.73517232710802
wheat,22|PAKISTAN,2010,3,4.04734441393677
wheat,22|PAKISTAN,2010,4,7.26436365627454
wheat,22|PAKISTAN,2010,5,7.28979140135739
wheat,22|PAKISTAN,2010,11,0.827345706430093
wheat,22|PAKISTAN,2010,12,0.782615265921345
wheat,22|PAKISTAN,2020,1,1.05420450665326
wheat,22|PAKISTAN,2020,2,1.73517232710802
wheat,22|PAKISTAN,2020,3,4.04734441393677
wheat,22|PAKISTAN,2020,4,7.26436365627454
wheat,22|PAKISTAN,2020,5,7.28979140135739
wheat,22|PAKISTAN,2020,11,0.827345706430093
wheat,22|PAKISTAN,2020,12,0.782615265921345
wheat,22|PAKISTAN,2030,1,1.05420450665326
wheat,22|PAKISTAN,2030,2,1.73517232710802
wheat,22|PAKISTAN,2030,3,4.04734441393677
wheat,22|PAKISTAN,2030,4,7.26436365627454
wheat,22|PAKISTAN,2030,5,7.28979140135739
wheat,22|PAKISTAN,2030,11,0.827345706430093
wheat,22|PAKISTAN,2030,12,0.782615265921345
wheat,22|PAKISTAN,2040,1,1.05420450665326
wheat,22|PAKISTAN,2040,2,1.73517232710802
wheat,22|PAKISTAN,2040,3,4.04734441393677
wheat,22|PAKISTAN,2040,4,7.26436365627454
wheat,22|PAKISTAN,2040,5,7.28979140135739
wheat,22|PAKISTAN,2040,11,0.827345706430093
wheat,22|PAKISTAN,2040,12,0.782615265921345
wheat,22|PAKISTAN,2050,1,1.05420450665326
wheat,22|PAKISTAN,2050,2,1.73517232710802
wheat,22|PAKISTAN,2050,3,4.04734441393677
wheat,22|PAKISTAN,2050,4,7.26436365627454
wheat,22|PAKISTAN,2050,5,7.28979140135739
wheat,22|PAKISTAN,2050,11,0.827345706430093
wheat,22|PAKISTAN,2050,12,0.782615265921345
wheat,22|PAKISTAN,2060,1,1.05420450665326
wheat,22|PAKISTAN,2060,2,1.73517232710802
wheat,22|PAKISTAN,2060,3,4.04734441393677
wheat,22|PAKISTAN,2060,4,7.26436365627454
wheat,22|PAKISTAN,2060,5,7.28979140135739
wheat,22|PAKISTAN,2060,11,0.827345706430093
wheat,22|PAKISTAN,2060,12,0.782615265921345
wheat,23|PAKISTAN,2010,1,3.83688765266452
wheat,23|PAKISTAN,2010,2,5.60008785272808
wheat,23|PAKISTAN,2010,3,8.16658435430555
wheat,23|PAKISTAN,2010,4,6.72695482766038
wheat,23|PAKISTAN,2010,5,4.38554663201605
wheat,23|PAKISTAN,2010,11,1.1323680334553
wheat,23|PAKISTAN,2010,12,1.56759103846106
wheat,23|PAKISTAN,2020,1,3.83688765266452
wheat,23|PAKISTAN,2020,2,5.60008785272808
wheat,23|PAKISTAN,2020,3,8.16658435430555
wheat,23|PAKISTAN,2020,4,6.72695482766038
wheat,23|PAKISTAN,2020,5,4.38554663201605
wheat,23|PAKISTAN,2020,11,1.1323680334553
wheat,23|PAKISTAN,2020,12,1.56759103846106
wheat,23|PAKISTAN,2030,1,3.83688765266452
wheat,23|PAKISTAN,2030,2,5.60008785272808
wheat,23|PAKISTAN,2030,3,8.16658435430555
wheat,23|PAKISTAN,2030,4,6.72695482766038
wheat,23|PAKISTAN,2030,5,4.38554663201605
wheat,23|PAKISTAN,2030,11,1.1323680334553
wheat,23|PAKISTAN,2030,12,1.56759103846106
wheat,23|PAKISTAN,2040,1,3.83688765266452
wheat,23|PAKISTAN,2040,2,5.60008785272808
wheat,23|PAKISTAN,2040,3,8.16658435430555
wheat,23|PAKISTAN,2040,4,6.72695482766038
wheat,23|PAKISTAN,2040,5,4.38554663201605
wheat,23|PAKISTAN,2040,11,1.1323680334553
wheat,23|PAKISTAN,2040,12,1.56759103846106
wheat,23|PAKISTAN,2050,1,3.83688765266452
wheat,23|PAKISTAN,2050,2,5.60008785272808
wheat,23|PAKISTAN,2050,3,8.16658435430555
wheat,23|PAKISTAN,2050,4,6.72695482766038
wheat,23|PAKISTAN,2050,5,4.38554663201605
wheat,23|PAKISTAN,2050,11,1.1323680334553
wheat,23|PAKISTAN,2050,12,1.56759103846106
wheat,23|PAKISTAN,2060,1,3.83688765266452
wheat,23|PAKISTAN,2060,2,5.60008785272808
wheat,23|PAKISTAN,2060,3,8.16658435430555
wheat,23|PAKISTAN,2060,4,6.72695482766038
wheat,23|PAKISTAN,2060,5,4.38554663201605
wheat,23|PAKISTAN,2060,11,1.1323680334553
wheat,23|PAKISTAN,2060,12,1.56759103846106
rice,1|AFGHAN_SOUTH,2010,6,37.5939399166451
rice,1|AFGHAN_SOUTH,2010,7,60.4330765122594
rice,1|AFGHAN_SOUTH,2010,8,63.2921074468517
rice,1|AFGHAN_SOUTH,2010,9,36.7283976395195
rice,1|AFGHAN_SOUTH,2010,10,10.9990544950555
rice,1|AFGHAN_SOUTH,2020,6,37.5939399166451
rice,1|AFGHAN_SOUTH,2020,7,60.4330765122594
rice,1|AFGHAN_SOUTH,2020,8,63.2921074468517
rice,1|AFGHAN_SOUTH,2020,9,36.7283976395195
rice,1|AFGHAN_SOUTH,2020,10,10.9990544950555
rice,1|AFGHAN_SOUTH,2030,6,37.5939399166451
rice,1|AFGHAN_SOUTH,2030,7,60.4330765122594
rice,1|AFGHAN_SOUTH,2030,8,63.2921074468517
rice,1|AFGHAN_SOUTH,2030,9,36.7283976395195
rice,1|AFGHAN_SOUTH,2030,10,10.9990544950555
rice,1|AFGHAN_SOUTH,2040,6,37.5939399166451
rice,1|AFGHAN_SOUTH,2040,7,60.4330765122594
rice,1|AFGHAN_SOUTH,2040,8,63.2921074468517
rice,1|AFGHAN_SOUTH,2040,9,36.7283976395195
rice,1|AFGHAN_SOUTH,2040,10,10.9990544950555
rice,1|AFGHAN_SOUTH,2050,6,37.5939399166451
rice,1|AFGHAN_SOUTH,2050,7,60.4330765122594
rice,1|AFGHAN_SOUTH,2050,8,63.2921074468517
rice,1|AFGHAN_SOUTH,2050,9,36.7283976395195
rice,1|AFGHAN_SOUTH,2050,10,10.9990544950555
rice,1|AFGHAN_SOUTH,2060,6,37.5939399166451
rice,1|AFGHAN_SOUTH,2060,7,60.4330765122594
rice,1|AFGHAN_SOUTH,2060,8,63.2921074468517
rice,1|AFGHAN_SOUTH,2060,9,36.7283976395195
rice,1|AFGHAN_SOUTH,2060,10,10.9990544950555
rice,2|AFGHAN_NORTH,2010,6,35.5784737506255
rice,2|AFGHAN_NORTH,2010,7,61.5804558161095
rice,2|AFGHAN_NORTH,2010,8,61.4344972476692
rice,2|AFGHAN_NORTH,2010,9,32.0807413759381
rice,2|AFGHAN_NORTH,2010,10,7.76322253855393
rice,2|AFGHAN_NORTH,2020,6,35.5784737506255
rice,2|AFGHAN_NORTH,2020,7,61.5804558161095
rice,2|AFGHAN_NORTH,2020,8,61.4344972476692
rice,2|AFGHAN_NORTH,2020,9,32.0807413759381
rice,2|AFGHAN_NORTH,2020,10,7.76322253855393
rice,2|AFGHAN_NORTH,2030,6,35.5784737506255
rice,2|AFGHAN_NORTH,2030,7,61.5804558161095
rice,2|AFGHAN_NORTH,2030,8,61.4344972476692
rice,2|AFGHAN_NORTH,2030,9,32.0807413759381
rice,2|AFGHAN_NORTH,2030,10,7.76322253855393
rice,2|AFGHAN_NORTH,2040,6,35.5784737506255
rice,2|AFGHAN_NORTH,2040,7,61.5804558161095
rice,2|AFGHAN_NORTH,2040,8,61.4344972476692
rice,2|AFGHAN_NORTH,2040,9,32.0807413759381
rice,2|AFGHAN_NORTH,2040,10,7.76322253855393
rice,2|AFGHAN_NORTH,2050,6,35.5784737506255
rice,2|AFGHAN_NORTH,2050,7,61.5804558161095
rice,2|AFGHAN_NORTH,2050,8,61.4344972476692
rice,2|AFGHAN_NORTH,2050,9,32.0807413759381
rice,2|AFGHAN_NORTH,2050,10,7.76322253855393
rice,2|AFGHAN_NORTH,2060,6,35.5784737506255
rice,2|AFGHAN_NORTH,2060,7,61.5804558161095
rice,2|AFGHAN_NORTH,2060,8,61.4344972476692
rice,2|AFGHAN_NORTH,2060,9,32.0807413759381
rice,2|AFGHAN_NORTH,2060,10,7.76322253855393
rice,6|INDIA_WEST,2010,6,27.4517373837801
rice,6|INDIA_WEST,2010,7,42.4560130917998
rice,6|INDIA_WEST,2010,8,44.2474424298304
rice,6|INDIA_WEST,2010,9,26.6082186290063
rice,6|INDIA_WEST,2010,10,6.72632137727609
rice,6|INDIA_WEST,2020,6,27.4517373837801
rice,6|INDIA_WEST,2020,7,42.4560130917998
rice,6|INDIA_WEST,2020,8,44.2474424298304
rice,6|INDIA_WEST,2020,9,26.6082186290063
rice,6|INDIA_WEST,2020,10,6.72632137727609
rice,6|INDIA_WEST,2030,6,27.4517373837801
rice,6|INDIA_WEST,2030,7,42.4560130917998
rice,6|INDIA_WEST,2030,8,44.2474424298304
rice,6|INDIA_WEST,2030,9,26.6082186290063
rice,6|INDIA_WEST,2030,10,6.72632137727609
rice,6|INDIA_WEST,2040,6,27.4517373837801
rice,6|INDIA_WEST,2040,7,42.4560130917998
rice,6|INDIA_WEST,2040,8,44.2474424298304
rice,6|INDIA_WEST,2040,9,26.6082186290063
rice,6|INDIA_WEST,2040,10,6.72632137727609
rice,6|INDIA_WEST,2050,6,27.4517373837801
rice,6|INDIA_WEST,2050,7,42.4560130917998
rice,6|INDIA_WEST,2050,8,44.2474424298304
rice,6|INDIA_WEST,2050,9,26.6082186290063
rice,6|INDIA_WEST,2050,10,6.72632137727609
rice,6|INDIA_WEST,2060,6,27.4517373837801
rice,6|INDIA_WEST,2060,7,42.4560130917998
rice,6|INDIA_WEST,2060,8,44.2474424298304
rice,6|INDIA_WEST,2060,9,26.6082186290063
rice,6|INDIA_WEST,2060,10,6.72632137727609
rice,7|INDIA_WEST,2010,6,32.0603609709102
rice,7|INDIA_WEST,2010,7,36.8912424152476
rice,7|INDIA_WEST,2010,8,36.8065793971902
rice,7|INDIA_WEST,2010,9,27.3553680094143
rice,7|INDIA_WEST,2010,10,8.53008988917736
rice,7|INDIA_WEST,2020,6,32.0603609709102
rice,7|INDIA_WEST,2020,7,36.8912424152476
rice,7|INDIA_WEST,2020,8,36.8065793971902
rice,7|INDIA_WEST,2020,9,27.3553680094143
rice,7|INDIA_WEST,2020,10,8.53008988917736
rice,7|INDIA_WEST,2030,6,32.0603609709102
rice,7|INDIA_WEST,2030,7,36.8912424152476
rice,7|INDIA_WEST,2030,8,36.8065793971902
rice,7|INDIA_WEST,2030,9,27.3553680094143
rice,7|INDIA_WEST,2030,10,8.53008988917736
rice,7|INDIA_WEST,2040,6,32.0603609709102
rice,7|INDIA_WEST,2040,7,36.8912424152476
rice,7|INDIA_WEST,2040,8,36.8065793971902
rice,7|INDIA_WEST,2040,9,27.3553680094143
rice,7|INDIA_WEST,2040,10,8.53008988917736
rice,7|INDIA_WEST,2050,6,32.0603609709102
rice,7|INDIA_WEST,2050,7,36.8912424152476
rice,7|INDIA_WEST,2050,8,36.8065793971902
rice,7|INDIA_WEST,2050,9,27.3553680094143
rice,7|INDIA_WEST,2050,10,8.53008988917736
rice,7|INDIA_WEST,2060,6,32.0603609709102
rice,7|INDIA_WEST,2060,7,36.8912424152476
rice,7|INDIA_WEST,2060,8,36.8065793971902
rice,7|INDIA_WEST,2060,9,27.3553680094143
rice,7|INDIA_WEST,2060,10,8.53008988917736
rice,8|INDIA_WEST,2010,6,8.4292917237121
rice,8|INDIA_WEST,2010,7,8.79471394839772
rice,8|INDIA_WEST,2010,8,8.73743639674533
rice,8|INDIA_WEST,2010,9,6.72947196357627
rice,8|INDIA_WEST,2010,10,2.21678931518546
rice,8|INDIA_WEST,2020,6,8.4292917237121
rice,8|INDIA_WEST,2020,7,8.79471394839772
rice,8|INDIA_WEST,2020,8,8.73743639674533
rice,8|INDIA_WEST,2020,9,6.72947196357627
rice,8|INDIA_WEST,2020,10,2.21678931518546
rice,8|INDIA_WEST,2030,6,8.4292917237121
rice,8|INDIA_WEST,2030,7,8.79471394839772
rice,8|INDIA_WEST,2030,8,8.73743639674533
rice,8|INDIA_WEST,2030,9,6.72947196357627
rice,8|INDIA_WEST,2030,10,2.21678931518546
rice,8|INDIA_WEST,2040,6,8.4292917237121
rice,8|INDIA_WEST,2040,7,8.79471394839772
rice,8|INDIA_WEST,2040,8,8.73743639674533
rice,8|INDIA_WEST,2040,9,6.72947196357627
rice,8|INDIA_WEST,2040,10,2.21678931518546
rice,8|INDIA_WEST,2050,6,8.4292917237121
rice,8|INDIA_WEST,2050,7,8.79471394839772
rice,8|INDIA_WEST,2050,8,8.73743639674533
rice,8|INDIA_WEST,2050,9,6.72947196357627
rice,8|INDIA_WEST,2050,10,2.21678931518546
rice,8|INDIA_WEST,2060,6,8.4292917237121
rice,8|INDIA_WEST,2060,7,8.79471394839772
rice,8|INDIA_WEST,2060,8,8.73743639674533
rice,8|INDIA_WEST,2060,9,6.72947196357627
rice,8|INDIA_WEST,2060,10,2.21678931518546
rice,9|INDIA_EAST,2010,6,17.4847946127735
rice,9|INDIA_EAST,2010,7,19.8182847762891
rice,9|INDIA_EAST,2010,8,20.3358910499208
rice,9|INDIA_EAST,2010,9,14.3433083393174
rice,9|INDIA_EAST,2010,10,5.10096965200788
rice,9|INDIA_EAST,2020,6,17.4847946127735
rice,9|INDIA_EAST,2020,7,19.8182847762891
rice,9|INDIA_EAST,2020,8,20.3358910499208
rice,9|INDIA_EAST,2020,9,14.3433083393174
rice,9|INDIA_EAST,2020,10,5.10096965200788
rice,9|INDIA_EAST,2030,6,17.4847946127735
rice,9|INDIA_EAST,2030,7,19.8182847762891
rice,9|INDIA_EAST,2030,8,20.3358910499208
rice,9|INDIA_EAST,2030,9,14.3433083393174
rice,9|INDIA_EAST,2030,10,5.10096965200788
rice,9|INDIA_EAST,2040,6,17.4847946127735
rice,9|INDIA_EAST,2040,7,19.8182847762891
rice,9|INDIA_EAST,2040,8,20.3358910499208
rice,9|INDIA_EAST,2040,9,14.3433083393174
rice,9|INDIA_EAST,2040,10,5.10096965200788
rice,9|INDIA_EAST,2050,6,17.4847946127735
rice,9|INDIA_EAST,2050,7,19.8182847762891
rice,9|INDIA_EAST,2050,8,20.3358910499208
rice,9|INDIA_EAST,2050,9,14.3433083393174
rice,9|INDIA_EAST,2050,10,5.10096965200788
rice,9|INDIA_EAST,2060,6,17.4847946127735
rice,9|INDIA_EAST,2060,7,19.8182847762891
rice,9|INDIA_EAST,2060,8,20.3358910499208
rice,9|INDIA_EAST,2060,9,14.3433083393174
rice,9|INDIA_EAST,2060,10,5.10096965200788
rice,12|PAKISTAN,2010,6,9.35148155225382
rice,12|PAKISTAN,2010,7,12.5731050690526
rice,12|PAKISTAN,2010,8,12.6181662974035
rice,12|PAKISTAN,2010,9,7.9542313294414
rice,12|PAKISTAN,2010,10,2.32000173366655
rice,12|PAKISTAN,2020,6,9.35148155225382
rice,12|PAKISTAN,2020,7,12.5731050690526
rice,12|PAKISTAN,2020,8,12.6181662974035
rice,12|PAKISTAN,2020,9,7.9542313294414
rice,12|PAKISTAN,2020,10,2.32000173366655
rice,12|PAKISTAN,2030,6,9.35148155225382
rice,12|PAKISTAN,2030,7,12.5731050690526
rice,12|PAKISTAN,2030,8,12.6181662974035
rice,12|PAKISTAN,2030,9,7.9542313294414
rice,12|PAKISTAN,2030,10,2.32000173366655
rice,12|PAKISTAN,2040,6,9.35148155225382
rice,12|PAKISTAN,2040,7,12.5731050690526
rice,12|PAKISTAN,2040,8,12.6181662974035
rice,12|PAKISTAN,2040,9,7.9542313294414
rice,12|PAKISTAN,2040,10,2.32000173366655
rice,12|PAKISTAN,2050,6,9.35148155225382
rice,12|PAKISTAN,2050,7,12.5731050690526
rice,12|PAKISTAN,2050,8,12.6181662974035
rice,12|PAKISTAN,2050,9,7.9542313294414
rice,12|PAKISTAN,2050,10,2.32000173366655
rice,12|PAKISTAN,2060,6,9.35148155225382
rice,12|PAKISTAN,2060,7,12.5731050690526
rice,12|PAKISTAN,2060,8,12.6181662974035
rice,12|PAKISTAN,2060,9,7.9542313294414
rice,12|PAKISTAN,2060,10,2.32000173366655
rice,13|PAKISTAN,2010,6,10.2431464374296
rice,13|PAKISTAN,2010,7,13.5288379334721
rice,13|PAKISTAN,2010,8,13.6377487963633
rice,13|PAKISTAN,2010,9,8.8187810642492
rice,13|PAKISTAN,2010,10,2.65941225724157
rice,13|PAKISTAN,2020,6,10.2431464374296
rice,13|PAKISTAN,2020,7,13.5288379334721
rice,13|PAKISTAN,2020,8,13.6377487963633
rice,13|PAKISTAN,2020,9,8.8187810642492
rice,13|PAKISTAN,2020,10,2.65941225724157
rice,13|PAKISTAN,2030,6,10.2431464374296
rice,13|PAKISTAN,2030,7,13.5288379334721
rice,13|PAKISTAN,2030,8,13.6377487963633
rice,13|PAKISTAN,2030,9,8.8187810642492
rice,13|PAKISTAN,2030,10,2.65941225724157
rice,13|PAKISTAN,2040,6,10.2431464374296
rice,13|PAKISTAN,2040,7,13.5288379334721
rice,13|PAKISTAN,2040,8,13.6377487963633
rice,13|PAKISTAN,2040,9,8.8187810642492
rice,13|PAKISTAN,2040,10,2.65941225724157
rice,13|PAKISTAN,2050,6,10.2431464374296
rice,13|PAKISTAN,2050,7,13.5288379334721
rice,13|PAKISTAN,2050,8,13.6377487963633
rice,13|PAKISTAN,2050,9,8.8187810642492
rice,13|PAKISTAN,2050,10,2.65941225724157
rice,13|PAKISTAN,2060,6,10.2431464374296
rice,13|PAKISTAN,2060,7,13.5288379334721
rice,13|PAKISTAN,2060,8,13.6377487963633
rice,13|PAKISTAN,2060,9,8.8187810642492
rice,13|PAKISTAN,2060,10,2.65941225724157
rice,14|PAKISTAN,2010,6,10.7916702788913
rice,14|PAKISTAN,2010,7,16.4223710667759
rice,14|PAKISTAN,2010,8,17.3124624187089
rice,14|PAKISTAN,2010,9,10.2831713121692
rice,14|PAKISTAN,2010,10,3.00544386448182
rice,14|PAKISTAN,2020,6,10.7916702788913
rice,14|PAKISTAN,2020,7,16.4223710667759
rice,14|PAKISTAN,2020,8,17.3124624187089
rice,14|PAKISTAN,2020,9,10.2831713121692
rice,14|PAKISTAN,2020,10,3.00544386448182
rice,14|PAKISTAN,2030,6,10.7916702788913
rice,14|PAKISTAN,2030,7,16.4223710667759
rice,14|PAKISTAN,2030,8,17.3124624187089
rice,14|PAKISTAN,2030,9,10.2831713121692
rice,14|PAKISTAN,2030,10,3.00544386448182
rice,14|PAKISTAN,2040,6,10.7916702788913
rice,14|PAKISTAN,2040,7,16.4223710667759
rice,14|PAKISTAN,2040,8,17.3124624187089
rice,14|PAKISTAN,2040,9,10.2831713121692
rice,14|PAKISTAN,2040,10,3.00544386448182
rice,14|PAKISTAN,2050,6,10.7916702788913
rice,14|PAKISTAN,2050,7,16.4223710667759
rice,14|PAKISTAN,2050,8,17.3124624187089
rice,14|PAKISTAN,2050,9,10.2831713121692
rice,14|PAKISTAN,2050,10,3.00544386448182
rice,14|PAKISTAN,2060,6,10.7916702788913
rice,14|PAKISTAN,2060,7,16.4223710667759
rice,14|PAKISTAN,2060,8,17.3124624187089
rice,14|PAKISTAN,2060,9,10.2831713121692
rice,14|PAKISTAN,2060,10,3.00544386448182
rice,15|PAKISTAN,2010,6,67.4010011717155
rice,15|PAKISTAN,2010,7,105.426553464717
rice,15|PAKISTAN,2010,8,111.346719902188
rice,15|PAKISTAN,2010,9,72.0550309434318
rice,15|PAKISTAN,2010,10,22.8421486561119
rice,15|PAKISTAN,2020,6,67.4010011717155
rice,15|PAKISTAN,2020,7,105.426553464717
rice,15|PAKISTAN,2020,8,111.346719902188
rice,15|PAKISTAN,2020,9,72.0550309434318
rice,15|PAKISTAN,2020,10,22.8421486561119
rice,15|PAKISTAN,2030,6,67.4010011717155
rice,15|PAKISTAN,2030,7,105.426553464717
rice,15|PAKISTAN,2030,8,111.346719902188
rice,15|PAKISTAN,2030,9,72.0550309434318
rice,15|PAKISTAN,2030,10,22.8421486561119
rice,15|PAKISTAN,2040,6,67.4010011717155
rice,15|PAKISTAN,2040,7,105.426553464717
rice,15|PAKISTAN,2040,8,111.346719902188
rice,15|PAKISTAN,2040,9,72.0550309434318
rice,15|PAKISTAN,2040,10,22.8421486561119
rice,15|PAKISTAN,2050,6,67.4010011717155
rice,15|PAKISTAN,2050,7,105.426553464717
rice,15|PAKISTAN,2050,8,111.346719902188
rice,15|PAKISTAN,2050,9,72.0550309434318
rice,15|PAKISTAN,2050,10,22.8421486561119
rice,15|PAKISTAN,2060,6,67.4010011717155
rice,15|PAKISTAN,2060,7,105.426553464717
rice,15|PAKISTAN,2060,8,111.346719902188
rice,15|PAKISTAN,2060,9,72.0550309434318
rice,15|PAKISTAN,2060,10,22.8421486561119
rice,16|PAKISTAN,2010,6,11.8371094450976
rice,16|PAKISTAN,2010,7,18.4772332231725
rice,16|PAKISTAN,2010,8,19.2326682567207
rice,16|PAKISTAN,2010,9,11.6014681571647
rice,16|PAKISTAN,2010,10,3.41142493765965
rice,16|PAKISTAN,2020,6,11.8371094450976
rice,16|PAKISTAN,2020,7,18.4772332231725
rice,16|PAKISTAN,2020,8,19.2326682567207
rice,16|PAKISTAN,2020,9,11.6014681571647
rice,16|PAKISTAN,2020,10,3.41142493765965
rice,16|PAKISTAN,2030,6,11.8371094450976
rice,16|PAKISTAN,2030,7,18.4772332231725
rice,16|PAKISTAN,2030,8,19.2326682567207
rice,16|PAKISTAN,2030,9,11.6014681571647
rice,16|PAKISTAN,2030,10,3.41142493765965
rice,16|PAKISTAN,2040,6,11.8371094450976
rice,16|PAKISTAN,2040,7,18.4772332231725
rice,16|PAKISTAN,2040,8,19.2326682567207
rice,16|PAKISTAN,2040,9,11.6014681571647
rice,16|PAKISTAN,2040,10,3.41142493765965
rice,16|PAKISTAN,2050,6,11.8371094450976
rice,16|PAKISTAN,2050,7,18.4772332231725
rice,16|PAKISTAN,2050,8,19.2326682567207
rice,16|PAKISTAN,2050,9,11.6014681571647
rice,16|PAKISTAN,2050,10,3.41142493765965
rice,16|PAKISTAN,2060,6,11.8371094450976
rice,16|PAKISTAN,2060,7,18.4772332231725
rice,16|PAKISTAN,2060,8,19.2326682567207
rice,16|PAKISTAN,2060,9,11.6014681571647
rice,16|PAKISTAN,2060,10,3.41142493765965
rice,17|PAKISTAN,2010,6,10.7185208144551
rice,17|PAKISTAN,2010,7,16.8171994460547
rice,17|PAKISTAN,2010,8,17.5828402033138
rice,17|PAKISTAN,2010,9,10.7947072340894
rice,17|PAKISTAN,2010,10,3.47422327700628
rice,17|PAKISTAN,2020,6,10.7185208144551
rice,17|PAKISTAN,2020,7,16.8171994460547
rice,17|PAKISTAN,2020,8,17.5828402033138
rice,17|PAKISTAN,2020,9,10.7947072340894
rice,17|PAKISTAN,2020,10,3.47422327700628
rice,17|PAKISTAN,2030,6,10.7185208144551
rice,17|PAKISTAN,2030,7,16.8171994460547
rice,17|PAKISTAN,2030,8,17.5828402033138
rice,17|PAKISTAN,2030,9,10.7947072340894
rice,17|PAKISTAN,2030,10,3.47422327700628
rice,17|PAKISTAN,2040,6,10.7185208144551
rice,17|PAKISTAN,2040,7,16.8171994460547
rice,17|PAKISTAN,2040,8,17.5828402033138
rice,17|PAKISTAN,2040,9,10.7947072340894
rice,17|PAKISTAN,2040,10,3.47422327700628
rice,17|PAKISTAN,2050,6,10.7185208144551
rice,17|PAKISTAN,2050,7,16.8171994460547
rice,17|PAKISTAN,2050,8,17.5828402033138
rice,17|PAKISTAN,2050,9,10.7947072340894
rice,17|PAKISTAN,2050,10,3.47422327700628
rice,17|PAKISTAN,2060,6,10.7185208144551
rice,17|PAKISTAN,2060,7,16.8171994460547
rice,17|PAKISTAN,2060,8,17.5828402033138
rice,17|PAKISTAN,2060,9,10.7947072340894
rice,17|PAKISTAN,2060,10,3.47422327700628
rice,18|PAKISTAN,2010,6,8.61162044137738
rice,18|PAKISTAN,2010,7,12.5883180493466
rice,18|PAKISTAN,2010,8,12.0574307680202
rice,18|PAKISTAN,2010,9,6.96715469156575
rice,18|PAKISTAN,2010,10,1.86497112009781
rice,18|PAKISTAN,2020,6,8.61162044137738
rice,18|PAKISTAN,2020,7,12.5883180493466
rice,18|PAKISTAN,2020,8,12.0574307680202
rice,18|PAKISTAN,2020,9,6.96715469156575
rice,18|PAKISTAN,2020,10,1.86497112009781
rice,18|PAKISTAN,2030,6,8.61162044137738
rice,18|PAKISTAN,2030,7,12.5883180493466
rice,18|PAKISTAN,2030,8,12.0574307680202
rice,18|PAKISTAN,2030,9,6.96715469156575
rice,18|PAKISTAN,2030,10,1.86497112009781
rice,18|PAKISTAN,2040,6,8.61162044137738
rice,18|PAKISTAN,2040,7,12.5883180493466
rice,18|PAKISTAN,2040,8,12.0574307680202
rice,18|PAKISTAN,2040,9,6.96715469156575
rice,18|PAKISTAN,2040,10,1.86497112009781
rice,18|PAKISTAN,2050,6,8.61162044137738
rice,18|PAKISTAN,2050,7,12.5883180493466
rice,18|PAKISTAN,2050,8,12.0574307680202
rice,18|PAKISTAN,2050,9,6.96715469156575
rice,18|PAKISTAN,2050,10,1.86497112009781
rice,18|PAKISTAN,2060,6,8.61162044137738
rice,18|PAKISTAN,2060,7,12.5883180493466
rice,18|PAKISTAN,2060,8,12.0574307680202
rice,18|PAKISTAN,2060,9,6.96715469156575
rice,18|PAKISTAN,2060,10,1.86497112009781
rice,19|PAKISTAN,2010,6,7.6802300127732
rice,19|PAKISTAN,2010,7,10.9363975558768
rice,19|PAKISTAN,2010,8,10.8477514765493
rice,19|PAKISTAN,2010,9,6.2324351050666
rice,19|PAKISTAN,2010,10,1.61657656191223
rice,19|PAKISTAN,2020,6,7.6802300127732
rice,19|PAKISTAN,2020,7,10.9363975558768
rice,19|PAKISTAN,2020,8,10.8477514765493
rice,19|PAKISTAN,2020,9,6.2324351050666
rice,19|PAKISTAN,2020,10,1.61657656191223
rice,19|PAKISTAN,2030,6,7.6802300127732
rice,19|PAKISTAN,2030,7,10.9363975558768
rice,19|PAKISTAN,2030,8,10.8477514765493
rice,19|PAKISTAN,2030,9,6.2324351050666
rice,19|PAKISTAN,2030,10,1.61657656191223
rice,19|PAKISTAN,2040,6,7.6802300127732
rice,19|PAKISTAN,2040,7,10.9363975558768
rice,19|PAKISTAN,2040,8,10.8477514765493
rice,19|PAKISTAN,2040,9,6.2324351050666
rice,19|PAKISTAN,2040,10,1.61657656191223
rice,19|PAKISTAN,2050,6,7.6802300127732
rice,19|PAKISTAN,2050,7,10.9363975558768
rice,19|PAKISTAN,2050,8,10.8477514765493
rice,19|PAKISTAN,2050,9,6.2324351050666
rice,19|PAKISTAN,2050,10,1.61657656191223
rice,19|PAKISTAN,2060,6,7.6802300127732
rice,19|PAKISTAN,2060,7,10.9363975558768
rice,19|PAKISTAN,2060,8,10.8477514765493
rice,19|PAKISTAN,2060,9,6.2324351050666
rice,19|PAKISTAN,2060,10,1.61657656191223
rice,20|PAKISTAN,2010,6,10.3207151085249
rice,20|PAKISTAN,2010,7,14.1823552007292
rice,20|PAKISTAN,2010,8,14.6146482241717
rice,20|PAKISTAN,2010,9,9.38281710511563
rice,20|PAKISTAN,2010,10,2.82427224285205
rice,20|PAKISTAN,2020,6,10.3207151085249
rice,20|PAKISTAN,2020,7,14.1823552007292
rice,20|PAKISTAN,2020,8,14.6146482241717
rice,20|PAKISTAN,2020,9,9.38281710511563
rice,20|PAKISTAN,2020,10,2.82427224285205
rice,20|PAKISTAN,2030,6,10.3207151085249
rice,20|PAKISTAN,2030,7,14.1823552007292
rice,20|PAKISTAN,2030,8,14.6146482241717
rice,20|PAKISTAN,2030,9,9.38281710511563
rice,20|PAKISTAN,2030,10,2.82427224285205
rice,20|PAKISTAN,2040,6,10.3207151085249
rice,20|PAKISTAN,2040,7,14.1823552007292
rice,20|PAKISTAN,2040,8,14.6146482241717
rice,20|PAKISTAN,2040,9,9.38281710511563
rice,20|PAKISTAN,2040,10,2.82427224285205
rice,20|PAKISTAN,2050,6,10.3207151085249
rice,20|PAKISTAN,2050,7,14.1823552007292
rice,20|PAKISTAN,2050,8,14.6146482241717
rice,20|PAKISTAN,2050,9,9.38281710511563
rice,20|PAKISTAN,2050,10,2.82427224285205
rice,20|PAKISTAN,2060,6,10.3207151085249
rice,20|PAKISTAN,2060,7,14.1823552007292
rice,20|PAKISTAN,2060,8,14.6146482241717
rice,20|PAKISTAN,2060,9,9.38281710511563
rice,20|PAKISTAN,2060,10,2.82427224285205
rice,21|PAKISTAN,2010,6,11.4059313654351
rice,21|PAKISTAN,2010,7,17.6885737919453
rice,21|PAKISTAN,2010,8,18.9710799112263
rice,21|PAKISTAN,2010,9,11.4554921834079
rice,21|PAKISTAN,2010,10,3.20926296119928
rice,21|PAKISTAN,2020,6,11.4059313654351
rice,21|PAKISTAN,2020,7,17.6885737919453
rice,21|PAKISTAN,2020,8,18.9710799112263
rice,21|PAKISTAN,2020,9,11.4554921834079
rice,21|PAKISTAN,2020,10,3.20926296119928
rice,21|PAKISTAN,2030,6,11.4059313654351
rice,21|PAKISTAN,2030,7,17.6885737919453
rice,21|PAKISTAN,2030,8,18.9710799112263
rice,21|PAKISTAN,2030,9,11.4554921834079
rice,21|PAKISTAN,2030,10,3.20926296119928
rice,21|PAKISTAN,2040,6,11.4059313654351
rice,21|PAKISTAN,2040,7,17.6885737919453
rice,21|PAKISTAN,2040,8,18.9710799112263
rice,21|PAKISTAN,2040,9,11.4554921834079
rice,21|PAKISTAN,2040,10,3.20926296119928
rice,21|PAKISTAN,2050,6,11.4059313654351
rice,21|PAKISTAN,2050,7,17.6885737919453
rice,21|PAKISTAN,2050,8,18.9710799112263
rice,21|PAKISTAN,2050,9,11.4554921834079
rice,21|PAKISTAN,2050,10,3.20926296119928
rice,21|PAKISTAN,2060,6,11.4059313654351
rice,21|PAKISTAN,2060,7,17.6885737919453
rice,21|PAKISTAN,2060,8,18.9710799112263
rice,21|PAKISTAN,2060,9,11.4554921834079
rice,21|PAKISTAN,2060,10,3.20926296119928
rice,23|PAKISTAN,2010,6,9.6708757930407
rice,23|PAKISTAN,2010,7,14.1503898953313
rice,23|PAKISTAN,2010,8,14.5966830946276
rice,23|PAKISTAN,2010,9,8.90415744709055
rice,23|PAKISTAN,2010,10,2.77897646449542
rice,23|PAKISTAN,2020,6,9.6708757930407
rice,23|PAKISTAN,2020,7,14.1503898953313
rice,23|PAKISTAN,2020,8,14.5966830946276
rice,23|PAKISTAN,2020,9,8.90415744709055
rice,23|PAKISTAN,2020,10,2.77897646449542
rice,23|PAKISTAN,2030,6,9.6708757930407
rice,23|PAKISTAN,2030,7,14.1503898953313
rice,23|PAKISTAN,2030,8,14.5966830946276
rice,23|PAKISTAN,2030,9,8.90415744709055
rice,23|PAKISTAN,2030,10,2.77897646449542
rice,23|PAKISTAN,2040,6,9.6708757930407
rice,23|PAKISTAN,2040,7,14.1503898953313
rice,23|PAKISTAN,2040,8,14.5966830946276
rice,23|PAKISTAN,2040,9,8.90415744709055
rice,23|PAKISTAN,2040,10,2.77897646449542
rice,23|PAKISTAN,2050,6,9.6708757930407
rice,23|PAKISTAN,2050,7,14.1503898953313
rice,23|PAKISTAN,2050,8,14.5966830946276
rice,23|PAKISTAN,2050,9,8.90415744709055
rice,23|PAKISTAN,2050,10,2.77897646449542
rice,23|PAKISTAN,2060,6,9.6708757930407
rice,23|PAKISTAN,2060,7,14.1503898953313
rice,23|PAKISTAN,2060,8,14.5966830946276
rice,23|PAKISTAN,2060,9,8.90415744709055
rice,23|PAKISTAN,2060,10,2.77897646449542
cotton,1|AFGHAN_SOUTH,2010,5,16.7449391557078
cotton,1|AFGHAN_SOUTH,2010,6,44.0410532078767
cotton,1|AFGHAN_SOUTH,2010,7,56.6127912578419
cotton,1|AFGHAN_SOUTH,2010,8,44.7482211774403
cotton,1|AFGHAN_SOUTH,2010,9,26.4159347916076
cotton,1|AFGHAN_SOUTH,2010,10,14.4592186419124
cotton,1|AFGHAN_SOUTH,2010,11,7.19212319512592
cotton,1|AFGHAN_SOUTH,2020,5,16.7449391557078
cotton,1|AFGHAN_SOUTH,2020,6,44.0410532078767
cotton,1|AFGHAN_SOUTH,2020,7,56.6127912578419
cotton,1|AFGHAN_SOUTH,2020,8,44.7482211774403
cotton,1|AFGHAN_SOUTH,2020,9,26.4159347916076
cotton,1|AFGHAN_SOUTH,2020,10,14.4592186419124
cotton,1|AFGHAN_SOUTH,2020,11,7.19212319512592
cotton,1|AFGHAN_SOUTH,2030,5,16.7449391557078
cotton,1|AFGHAN_SOUTH,2030,6,44.0410532078767
cotton,1|AFGHAN_SOUTH,2030,7,56.6127912578419
cotton,1|AFGHAN_SOUTH,2030,8,44.7482211774403
cotton,1|AFGHAN_SOUTH,2030,9,26.4159347916076
cotton,1|AFGHAN_SOUTH,2030,10,14.4592186419124
cotton,1|AFGHAN_SOUTH,2030,11,7.19212319512592
cotton,1|AFGHAN_SOUTH,2040,5,16.7449391557078
cotton,1|AFGHAN_SOUTH,2040,6,44.0410532078767
cotton,1|AFGHAN_SOUTH,2040,7,56.6127912578419
cotton,1|AFGHAN_SOUTH,2040,8,44.7482211774403
cotton,1|AFGHAN_SOUTH,2040,9,26.4159347916076
cotton,1|AFGHAN_SOUTH,2040,10,14.4592186419124
cotton,1|AFGHAN_SOUTH,2040,11,7.19212319512592
cotton,1|AFGHAN_SOUTH,2050,5,16.7449391557078
cotton,1|AFGHAN_SOUTH,2050,6,44.0410532078767
cotton,1|AFGHAN_SOUTH,2050,7,56.6127912578419
cotton,1|AFGHAN_SOUTH,2050,8,44.7482211774403
cotton,1|AFGHAN_SOUTH,2050,9,26.4159347916076
cotton,1|AFGHAN_SOUTH,2050,10,14.4592186419124
cotton,1|AFGHAN_SOUTH,2050,11,7.19212319512592
cotton,1|AFGHAN_SOUTH,2060,5,16.7449391557078
cotton,1|AFGHAN_SOUTH,2060,6,44.0410532078767
cotton,1|AFGHAN_SOUTH,2060,7,56.6127912578419
cotton,1|AFGHAN_SOUTH,2060,8,44.7482211774403
cotton,1|AFGHAN_SOUTH,2060,9,26.4159347916076
cotton,1|AFGHAN_SOUTH,2060,10,14.4592186419124
cotton,1|AFGHAN_SOUTH,2060,11,7.19212319512592
cotton,2|AFGHAN_NORTH,2010,5,13.3873317891523
cotton,2|AFGHAN_NORTH,2010,6,41.36814617417
cotton,2|AFGHAN_NORTH,2010,7,55.9451919954809
cotton,2|AFGHAN_NORTH,2010,8,41.6206085175797
cotton,2|AFGHAN_NORTH,2010,9,22.1761088384187
cotton,2|AFGHAN_NORTH,2010,10,10.2086709864206
cotton,2|AFGHAN_NORTH,2010,11,4.19063390534247
cotton,2|AFGHAN_NORTH,2020,5,13.3873317891523
cotton,2|AFGHAN_NORTH,2020,6,41.36814617417
cotton,2|AFGHAN_NORTH,2020,7,55.9451919954809
cotton,2|AFGHAN_NORTH,2020,8,41.6206085175797
cotton,2|AFGHAN_NORTH,2020,9,22.1761088384187
cotton,2|AFGHAN_NORTH,2020,10,10.2086709864206
cotton,2|AFGHAN_NORTH,2020,11,4.19063390534247
cotton,2|AFGHAN_NORTH,2030,5,13.3873317891523
cotton,2|AFGHAN_NORTH,2030,6,41.36814617417
cotton,2|AFGHAN_NORTH,2030,7,55.9451919954809
cotton,2|AFGHAN_NORTH,2030,8,41.6206085175797
cotton,2|AFGHAN_NORTH,2030,9,22.1761088384187
cotton,2|AFGHAN_NORTH,2030,10,10.2086709864206
cotton,2|AFGHAN_NORTH,2030,11,4.19063390534247
cotton,2|AFGHAN_NORTH,2040,5,13.3873317891523
cotton,2|AFGHAN_NORTH,2040,6,41.36814617417
cotton,2|AFGHAN_NORTH,2040,7,55.9451919954809
cotton,2|AFGHAN_NORTH,2040,8,41.6206085175797
cotton,2|AFGHAN_NORTH,2040,9,22.1761088384187
cotton,2|AFGHAN_NORTH,2040,10,10.2086709864206
cotton,2|AFGHAN_NORTH,2040,11,4.19063390534247
cotton,2|AFGHAN_NORTH,2050,5,13.3873317891523
cotton,2|AFGHAN_NORTH,2050,6,41.36814617417
cotton,2|AFGHAN_NORTH,2050,7,55.9451919954809
cotton,2|AFGHAN_NORTH,2050,8,41.6206085175797
cotton,2|AFGHAN_NORTH,2050,9,22.1761088384187
cotton,2|AFGHAN_NORTH,2050,10,10.2086709864206
cotton,2|AFGHAN_NORTH,2050,11,4.19063390534247
cotton,2|AFGHAN_NORTH,2060,5,13.3873317891523
cotton,2|AFGHAN_NORTH,2060,6,41.36814617417
cotton,2|AFGHAN_NORTH,2060,7,55.9451919954809
cotton,2|AFGHAN_NORTH,2060,8,41.6206085175797
cotton,2|AFGHAN_NORTH,2060,9,22.1761088384187
cotton,2|AFGHAN_NORTH,2060,10,10.2086709864206
cotton,2|AFGHAN_NORTH,2060,11,4.19063390534247
cotton,6|INDIA_WEST,2010,5,10.7005444886538
cotton,6|INDIA_WEST,2010,6,33.2709150602329
cotton,6|INDIA_WEST,2010,7,39.8013722728772
cotton,6|INDIA_WEST,2010,8,30.8451419163163
cotton,6|INDIA_WEST,2010,9,19.2293368048945
cotton,6|INDIA_WEST,2010,10,9.64838958011087
cotton,6|INDIA_WEST,2010,11,4.26773787466522
cotton,6|INDIA_WEST,2020,5,10.7005444886538
cotton,6|INDIA_WEST,2020,6,33.2709150602329
cotton,6|INDIA_WEST,2020,7,39.8013722728772
cotton,6|INDIA_WEST,2020,8,30.8451419163163
cotton,6|INDIA_WEST,2020,9,19.2293368048945
cotton,6|INDIA_WEST,2020,10,9.64838958011087
cotton,6|INDIA_WEST,2020,11,4.26773787466522
cotton,6|INDIA_WEST,2030,5,10.7005444886538
cotton,6|INDIA_WEST,2030,6,33.2709150602329
cotton,6|INDIA_WEST,2030,7,39.8013722728772
cotton,6|INDIA_WEST,2030,8,30.8451419163163
cotton,6|INDIA_WEST,2030,9,19.2293368048945
cotton,6|INDIA_WEST,2030,10,9.64838958011087
cotton,6|INDIA_WEST,2030,11,4.26773787466522
cotton,6|INDIA_WEST,2040,5,10.7005444886538
cotton,6|INDIA_WEST,2040,6,33.2709150602329
cotton,6|INDIA_WEST,2040,7,39.8013722728772
cotton,6|INDIA_WEST,2040,8,30.8451419163163
cotton,6|INDIA_WEST,2040,9,19.2293368048945
cotton,6|INDIA_WEST,2040,10,9.64838958011087
cotton,6|INDIA_WEST,2040,11,4.26773787466522
cotton,6|INDIA_WEST,2050,5,10.7005444886538
cotton,6|INDIA_WEST,2050,6,33.2709150602329
cotton,6|INDIA_WEST,2050,7,39.8013722728772
cotton,6|INDIA_WEST,2050,8,30.8451419163163
cotton,6|INDIA_WEST,2050,9,19.2293368048945
cotton,6|INDIA_WEST,2050,10,9.64838958011087
cotton,6|INDIA_WEST,2050,11,4.26773787466522
cotton,6|INDIA_WEST,2060,5,10.7005444886538
cotton,6|INDIA_WEST,2060,6,33.2709150602329
cotton,6|INDIA_WEST,2060,7,39.8013722728772
cotton,6|INDIA_WEST,2060,8,30.8451419163163
cotton,6|INDIA_WEST,2060,9,19.2293368048945
cotton,6|INDIA_WEST,2060,10,9.64838958011087
cotton,6|INDIA_WEST,2060,11,4.26773787466522
cotton,7|INDIA_WEST,2010,5,15.0621211142773
cotton,7|INDIA_WEST,2010,6,38.6156519569673
cotton,7|INDIA_WEST,2010,7,30.2463235616549
cotton,7|INDIA_WEST,2010,8,18.9550612430747
cotton,7|INDIA_WEST,2010,9,18.0619982521526
cotton,7|INDIA_WEST,2010,10,11.7180665555786
cotton,7|INDIA_WEST,2010,11,5.65916293846152
cotton,7|INDIA_WEST,2020,5,15.0621211142773
cotton,7|INDIA_WEST,2020,6,38.6156519569673
cotton,7|INDIA_WEST,2020,7,30.2463235616549
cotton,7|INDIA_WEST,2020,8,18.9550612430747
cotton,7|INDIA_WEST,2020,9,18.0619982521526
cotton,7|INDIA_WEST,2020,10,11.7180665555786
cotton,7|INDIA_WEST,2020,11,5.65916293846152
cotton,7|INDIA_WEST,2030,5,15.0621211142773
cotton,7|INDIA_WEST,2030,6,38.6156519569673
cotton,7|INDIA_WEST,2030,7,30.2463235616549
cotton,7|INDIA_WEST,2030,8,18.9550612430747
cotton,7|INDIA_WEST,2030,9,18.0619982521526
cotton,7|INDIA_WEST,2030,10,11.7180665555786
cotton,7|INDIA_WEST,2030,11,5.65916293846152
cotton,7|INDIA_WEST,2040,5,15.0621211142773
cotton,7|INDIA_WEST,2040,6,38.6156519569673
cotton,7|INDIA_WEST,2040,7,30.2463235616549
cotton,7|INDIA_WEST,2040,8,18.9550612430747
cotton,7|INDIA_WEST,2040,9,18.0619982521526
cotton,7|INDIA_WEST,2040,10,11.7180665555786
cotton,7|INDIA_WEST,2040,11,5.65916293846152
cotton,7|INDIA_WEST,2050,5,15.0621211142773
cotton,7|INDIA_WEST,2050,6,38.6156519569673
cotton,7|INDIA_WEST,2050,7,30.2463235616549
cotton,7|INDIA_WEST,2050,8,18.9550612430747
cotton,7|INDIA_WEST,2050,9,18.0619982521526
cotton,7|INDIA_WEST,2050,10,11.7180665555786
cotton,7|INDIA_WEST,2050,11,5.65916293846152
cotton,7|INDIA_WEST,2060,5,15.0621211142773
cotton,7|INDIA_WEST,2060,6,38.6156519569673
cotton,7|INDIA_WEST,2060,7,30.2463235616549
cotton,7|INDIA_WEST,2060,8,18.9550612430747
cotton,7|INDIA_WEST,2060,9,18.0619982521526
cotton,7|INDIA_WEST,2060,10,11.7180665555786
cotton,7|INDIA_WEST,2060,11,5.65916293846152
cotton,8|INDIA_WEST,2010,5,4.23482026435923
cotton,8|INDIA_WEST,2010,6,10.0227560118676
cotton,8|INDIA_WEST,2010,7,7.28807125440913
cotton,8|INDIA_WEST,2010,8,4.6617320460356
cotton,8|INDIA_WEST,2010,9,4.39279557414277
cotton,8|INDIA_WEST,2010,10,2.9801052318764
cotton,8|INDIA_WEST,2010,11,1.48710509210844
cotton,8|INDIA_WEST,2020,5,4.23482026435923
cotton,8|INDIA_WEST,2020,6,10.0227560118676
cotton,8|INDIA_WEST,2020,7,7.28807125440913
cotton,8|INDIA_WEST,2020,8,4.6617320460356
cotton,8|INDIA_WEST,2020,9,4.39279557414277
cotton,8|INDIA_WEST,2020,10,2.9801052318764
cotton,8|INDIA_WEST,2020,11,1.48710509210844
cotton,8|INDIA_WEST,2030,5,4.23482026435923
cotton,8|INDIA_WEST,2030,6,10.0227560118676
cotton,8|INDIA_WEST,2030,7,7.28807125440913
cotton,8|INDIA_WEST,2030,8,4.6617320460356
cotton,8|INDIA_WEST,2030,9,4.39279557414277
cotton,8|INDIA_WEST,2030,10,2.9801052318764
cotton,8|INDIA_WEST,2030,11,1.48710509210844
cotton,8|INDIA_WEST,2040,5,4.23482026435923
cotton,8|INDIA_WEST,2040,6,10.0227560118676
cotton,8|INDIA_WEST,2040,7,7.28807125440913
cotton,8|INDIA_WEST,2040,8,4.6617320460356
cotton,8|INDIA_WEST,2040,9,4.39279557414277
cotton,8|INDIA_WEST,2040,10,2.9801052318764
cotton,8|INDIA_WEST,2040,11,1.48710509210844
cotton,8|INDIA_WEST,2050,5,4.23482026435923
cotton,8|INDIA_WEST,2050,6,10.0227560118676
cotton,8|INDIA_WEST,2050,7,7.28807125440913
cotton,8|INDIA_WEST,2050,8,4.6617320460356
cotton,8|INDIA_WEST,2050,9,4.39279557414277
cotton,8|INDIA_WEST,2050,10,2.9801052318764
cotton,8|INDIA_WEST,2050,11,1.48710509210844
cotton,8|INDIA_WEST,2060,5,4.23482026435923
cotton,8|INDIA_WEST,2060,6,10.0227560118676
cotton,8|INDIA_WEST,2060,7,7.28807125440913
cotton,8|INDIA_WEST,2060,8,4.6617320460356
cotton,8|INDIA_WEST,2060,9,4.39279557414277
cotton,8|INDIA_WEST,2060,10,2.9801052318764
cotton,8|INDIA_WEST,2060,11,1.48710509210844
cotton,9|INDIA_EAST,2010,5,17.8437596736692
cotton,9|INDIA_EAST,2010,6,41.6583970225211
cotton,9|INDIA_EAST,2010,7,34.4352487831321
cotton,9|INDIA_EAST,2010,8,23.7770884532465
cotton,9|INDIA_EAST,2010,9,18.724102904596
cotton,9|INDIA_EAST,2010,10,13.5329794040333
cotton,9|INDIA_EAST,2010,11,6.81990487845589
cotton,9|INDIA_EAST,2020,5,17.8437596736692
cotton,9|INDIA_EAST,2020,6,41.6583970225211
cotton,9|INDIA_EAST,2020,7,34.4352487831321
cotton,9|INDIA_EAST,2020,8,23.7770884532465
cotton,9|INDIA_EAST,2020,9,18.724102904596
cotton,9|INDIA_EAST,2020,10,13.5329794040333
cotton,9|INDIA_EAST,2020,11,6.81990487845589
cotton,9|INDIA_EAST,2030,5,17.8437596736692
cotton,9|INDIA_EAST,2030,6,41.6583970225211
cotton,9|INDIA_EAST,2030,7,34.4352487831321
cotton,9|INDIA_EAST,2030,8,23.7770884532465
cotton,9|INDIA_EAST,2030,9,18.724102904596
cotton,9|INDIA_EAST,2030,10,13.5329794040333
cotton,9|INDIA_EAST,2030,11,6.81990487845589
cotton,9|INDIA_EAST,2040,5,17.8437596736692
cotton,9|INDIA_EAST,2040,6,41.6583970225211
cotton,9|INDIA_EAST,2040,7,34.4352487831321
cotton,9|INDIA_EAST,2040,8,23.7770884532465
cotton,9|INDIA_EAST,2040,9,18.724102904596
cotton,9|INDIA_EAST,2040,10,13.5329794040333
cotton,9|INDIA_EAST,2040,11,6.81990487845589
cotton,9|INDIA_EAST,2050,5,17.8437596736692
cotton,9|INDIA_EAST,2050,6,41.6583970225211
cotton,9|INDIA_EAST,2050,7,34.4352487831321
cotton,9|INDIA_EAST,2050,8,23.7770884532465
cotton,9|INDIA_EAST,2050,9,18.724102904596
cotton,9|INDIA_EAST,2050,10,13.5329794040333
cotton,9|INDIA_EAST,2050,11,6.81990487845589
cotton,9|INDIA_EAST,2060,5,17.8437596736692
cotton,9|INDIA_EAST,2060,6,41.6583970225211
cotton,9|INDIA_EAST,2060,7,34.4352487831321
cotton,9|INDIA_EAST,2060,8,23.7770884532465
cotton,9|INDIA_EAST,2060,9,18.724102904596
cotton,9|INDIA_EAST,2060,10,13.5329794040333
cotton,9|INDIA_EAST,2060,11,6.81990487845589
cotton,12|PAKISTAN,2010,5,4.27777710756108
cotton,12|PAKISTAN,2010,6,10.9975836347612
cotton,12|PAKISTAN,2010,7,11.2341435419863
cotton,12|PAKISTAN,2010,8,8.13677500163865
cotton,12|PAKISTAN,2010,9,5.54925765701845
cotton,12|PAKISTAN,2010,10,3.02776299734605
cotton,12|PAKISTAN,2010,11,1.43399153824537
cotton,12|PAKISTAN,2020,5,4.27777710756108
cotton,12|PAKISTAN,2020,6,10.9975836347612
cotton,12|PAKISTAN,2020,7,11.2341435419863
cotton,12|PAKISTAN,2020,8,8.13677500163865
cotton,12|PAKISTAN,2020,9,5.54925765701845
cotton,12|PAKISTAN,2020,10,3.02776299734605
cotton,12|PAKISTAN,2020,11,1.43399153824537
cotton,12|PAKISTAN,2030,5,4.27777710756108
cotton,12|PAKISTAN,2030,6,10.9975836347612
cotton,12|PAKISTAN,2030,7,11.2341435419863
cotton,12|PAKISTAN,2030,8,8.13677500163865
cotton,12|PAKISTAN,2030,9,5.54925765701845
cotton,12|PAKISTAN,2030,10,3.02776299734605
cotton,12|PAKISTAN,2030,11,1.43399153824537
cotton,12|PAKISTAN,2040,5,4.27777710756108
cotton,12|PAKISTAN,2040,6,10.9975836347612
cotton,12|PAKISTAN,2040,7,11.2341435419863
cotton,12|PAKISTAN,2040,8,8.13677500163865
cotton,12|PAKISTAN,2040,9,5.54925765701845
cotton,12|PAKISTAN,2040,10,3.02776299734605
cotton,12|PAKISTAN,2040,11,1.43399153824537
cotton,12|PAKISTAN,2050,5,4.27777710756108
cotton,12|PAKISTAN,2050,6,10.9975836347612
cotton,12|PAKISTAN,2050,7,11.2341435419863
cotton,12|PAKISTAN,2050,8,8.13677500163865
cotton,12|PAKISTAN,2050,9,5.54925765701845
cotton,12|PAKISTAN,2050,10,3.02776299734605
cotton,12|PAKISTAN,2050,11,1.43399153824537
cotton,12|PAKISTAN,2060,5,4.27777710756108
cotton,12|PAKISTAN,2060,6,10.9975836347612
cotton,12|PAKISTAN,2060,7,11.2341435419863
cotton,12|PAKISTAN,2060,8,8.13677500163865
cotton,12|PAKISTAN,2060,9,5.54925765701845
cotton,12|PAKISTAN,2060,10,3.02776299734605
cotton,12|PAKISTAN,2060,11,1.43399153824537
cotton,13|PAKISTAN,2010,5,4.78203943520102
cotton,13|PAKISTAN,2010,6,11.9538277864453
cotton,13|PAKISTAN,2010,7,12.0837806589396
cotton,13|PAKISTAN,2010,8,8.75940293330583
cotton,13|PAKISTAN,2010,9,6.1116333805132
cotton,13|PAKISTAN,2010,10,3.38387052990535
cotton,13|PAKISTAN,2010,11,1.60573196786244
cotton,13|PAKISTAN,2020,5,4.78203943520102
cotton,13|PAKISTAN,2020,6,11.9538277864453
cotton,13|PAKISTAN,2020,7,12.0837806589396
cotton,13|PAKISTAN,2020,8,8.75940293330583
cotton,13|PAKISTAN,2020,9,6.1116333805132
cotton,13|PAKISTAN,2020,10,3.38387052990535
cotton,13|PAKISTAN,2020,11,1.60573196786244
cotton,13|PAKISTAN,2030,5,4.78203943520102
cotton,13|PAKISTAN,2030,6,11.9538277864453
cotton,13|PAKISTAN,2030,7,12.0837806589396
cotton,13|PAKISTAN,2030,8,8.75940293330583
cotton,13|PAKISTAN,2030,9,6.1116333805132
cotton,13|PAKISTAN,2030,10,3.38387052990535
cotton,13|PAKISTAN,2030,11,1.60573196786244
cotton,13|PAKISTAN,2040,5,4.78203943520102
cotton,13|PAKISTAN,2040,6,11.9538277864453
cotton,13|PAKISTAN,2040,7,12.0837806589396
cotton,13|PAKISTAN,2040,8,8.75940293330583
cotton,13|PAKISTAN,2040,9,6.1116333805132
cotton,13|PAKISTAN,2040,10,3.38387052990535
cotton,13|PAKISTAN,2040,11,1.60573196786244
cotton,13|PAKISTAN,2050,5,4.78203943520102
cotton,13|PAKISTAN,2050,6,11.9538277864453
cotton,13|PAKISTAN,2050,7,12.0837806589396
cotton,13|PAKISTAN,2050,8,8.75940293330583
cotton,13|PAKISTAN,2050,9,6.1116333805132
cotton,13|PAKISTAN,2050,10,3.38387052990535
cotton,13|PAKISTAN,2050,11,1.60573196786244
cotton,13|PAKISTAN,2060,5,4.78203943520102
cotton,13|PAKISTAN,2060,6,11.9538277864453
cotton,13|PAKISTAN,2060,7,12.0837806589396
cotton,13|PAKISTAN,2060,8,8.75940293330583
cotton,13|PAKISTAN,2060,9,6.1116333805132
cotton,13|PAKISTAN,2060,10,3.38387052990535
cotton,13|PAKISTAN,2060,11,1.60573196786244
cotton,14|PAKISTAN,2010,5,4.73147047944117
cotton,14|PAKISTAN,2010,6,12.5071109683105
cotton,14|PAKISTAN,2010,7,15.1515561653867
cotton,14|PAKISTAN,2010,8,11.9444397848959
cotton,14|PAKISTAN,2010,9,7.20332762698093
cotton,14|PAKISTAN,2010,10,3.7709761017678
cotton,14|PAKISTAN,2010,11,1.85819078143858
cotton,14|PAKISTAN,2020,5,4.73147047944117
cotton,14|PAKISTAN,2020,6,12.5071109683105
cotton,14|PAKISTAN,2020,7,15.1515561653867
cotton,14|PAKISTAN,2020,8,11.9444397848959
cotton,14|PAKISTAN,2020,9,7.20332762698093
cotton,14|PAKISTAN,2020,10,3.7709761017678
cotton,14|PAKISTAN,2020,11,1.85819078143858
cotton,14|PAKISTAN,2030,5,4.73147047944117
cotton,14|PAKISTAN,2030,6,12.5071109683105
cotton,14|PAKISTAN,2030,7,15.1515561653867
cotton,14|PAKISTAN,2030,8,11.9444397848959
cotton,14|PAKISTAN,2030,9,7.20332762698093
cotton,14|PAKISTAN,2030,10,3.7709761017678
cotton,14|PAKISTAN,2030,11,1.85819078143858
cotton,14|PAKISTAN,2040,5,4.73147047944117
cotton,14|PAKISTAN,2040,6,12.5071109683105
cotton,14|PAKISTAN,2040,7,15.1515561653867
cotton,14|PAKISTAN,2040,8,11.9444397848959
cotton,14|PAKISTAN,2040,9,7.20332762698093
cotton,14|PAKISTAN,2040,10,3.7709761017678
cotton,14|PAKISTAN,2040,11,1.85819078143858
cotton,14|PAKISTAN,2050,5,4.73147047944117
cotton,14|PAKISTAN,2050,6,12.5071109683105
cotton,14|PAKISTAN,2050,7,15.1515561653867
cotton,14|PAKISTAN,2050,8,11.9444397848959
cotton,14|PAKISTAN,2050,9,7.20332762698093
cotton,14|PAKISTAN,2050,10,3.7709761017678
cotton,14|PAKISTAN,2050,11,1.85819078143858
cotton,14|PAKISTAN,2060,5,4.73147047944117
cotton,14|PAKISTAN,2060,6,12.5071109683105
cotton,14|PAKISTAN,2060,7,15.1515561653867
cotton,14|PAKISTAN,2060,8,11.9444397848959
cotton,14|PAKISTAN,2060,9,7.20332762698093
cotton,14|PAKISTAN,2060,10,3.7709761017678
cotton,14|PAKISTAN,2060,11,1.85819078143858
cotton,15|PAKISTAN,2010,5,21.4683683599542
cotton,15|PAKISTAN,2010,6,51.9837621543779
cotton,15|PAKISTAN,2010,7,64.3547957186894
cotton,15|PAKISTAN,2010,8,50.6481018188822
cotton,15|PAKISTAN,2010,9,33.7219334117156
cotton,15|PAKISTAN,2010,10,19.1239944525658
cotton,15|PAKISTAN,2010,11,11.7348263046502
cotton,15|PAKISTAN,2020,5,21.4683683599542
cotton,15|PAKISTAN,2020,6,51.9837621543779
cotton,15|PAKISTAN,2020,7,64.3547957186894
cotton,15|PAKISTAN,2020,8,50.6481018188822
cotton,15|PAKISTAN,2020,9,33.7219334117156
cotton,15|PAKISTAN,2020,10,19.1239944525658
cotton,15|PAKISTAN,2020,11,11.7348263046502
cotton,15|PAKISTAN,2030,5,21.4683683599542
cotton,15|PAKISTAN,2030,6,51.9837621543779
cotton,15|PAKISTAN,2030,7,64.3547957186894
cotton,15|PAKISTAN,2030,8,50.6481018188822
cotton,15|PAKISTAN,2030,9,33.7219334117156
cotton,15|PAKISTAN,2030,10,19.1239944525658
cotton,15|PAKISTAN,2030,11,11.7348263046502
cotton,15|PAKISTAN,2040,5,21.4683683599542
cotton,15|PAKISTAN,2040,6,51.9837621543779
cotton,15|PAKISTAN,2040,7,64.3547957186894
cotton,15|PAKISTAN,2040,8,50.6481018188822
cotton,15|PAKISTAN,2040,9,33.7219334117156
cotton,15|PAKISTAN,2040,10,19.1239944525658
cotton,15|PAKISTAN,2040,11,11.7348263046502
cotton,15|PAKISTAN,2050,5,21.4683683599542
cotton,15|PAKISTAN,2050,6,51.9837621543779
cotton,15|PAKISTAN,2050,7,64.3547957186894
cotton,15|PAKISTAN,2050,8,50.6481018188822
cotton,15|PAKISTAN,2050,9,33.7219334117156
cotton,15|PAKISTAN,2050,10,19.1239944525658
cotton,15|PAKISTAN,2050,11,11.7348263046502
cotton,15|PAKISTAN,2060,5,21.4683683599542
cotton,15|PAKISTAN,2060,6,51.9837621543779
cotton,15|PAKISTAN,2060,7,64.3547957186894
cotton,15|PAKISTAN,2060,8,50.6481018188822
cotton,15|PAKISTAN,2060,9,33.7219334117156
cotton,15|PAKISTAN,2060,10,19.1239944525658
cotton,15|PAKISTAN,2060,11,11.7348263046502
cotton,16|PAKISTAN,2010,5,5.20500373599837
cotton,16|PAKISTAN,2010,6,13.7318866773519
cotton,16|PAKISTAN,2010,7,16.992144707976
cotton,16|PAKISTAN,2010,8,13.2251660863897
cotton,16|PAKISTAN,2010,9,8.1403304580689
cotton,16|PAKISTAN,2010,10,4.28260701147735
cotton,16|PAKISTAN,2010,11,2.35435938400891
cotton,16|PAKISTAN,2020,5,5.20500373599837
cotton,16|PAKISTAN,2020,6,13.7318866773519
cotton,16|PAKISTAN,2020,7,16.992144707976
cotton,16|PAKISTAN,2020,8,13.2251660863897
cotton,16|PAKISTAN,2020,9,8.1403304580689
cotton,16|PAKISTAN,2020,10,4.28260701147735
cotton,16|PAKISTAN,2020,11,2.35435938400891
cotton,16|PAKISTAN,2030,5,5.20500373599837
cotton,16|PAKISTAN,2030,6,13.7318866773519
cotton,16|PAKISTAN,2030,7,16.992144707976
cotton,16|PAKISTAN,2030,8,13.2251660863897
cotton,16|PAKISTAN,2030,9,8.1403304580689
cotton,16|PAKISTAN,2030,10,4.28260701147735
cotton,16|PAKISTAN,2030,11,2.35435938400891
cotton,16|PAKISTAN,2040,5,5.20500373599837
cotton,16|PAKISTAN,2040,6,13.7318866773519
cotton,16|PAKISTAN,2040,7,16.992144707976
cotton,16|PAKISTAN,2040,8,13.2251660863897
cotton,16|PAKISTAN,2040,9,8.1403304580689
cotton,16|PAKISTAN,2040,10,4.28260701147735
cotton,16|PAKISTAN,2040,11,2.35435938400891
cotton,16|PAKISTAN,2050,5,5.20500373599837
cotton,16|PAKISTAN,2050,6,13.7318866773519
cotton,16|PAKISTAN,2050,7,16.992144707976
cotton,16|PAKISTAN,2050,8,13.2251660863897
cotton,16|PAKISTAN,2050,9,8.1403304580689
cotton,16|PAKISTAN,2050,10,4.28260701147735
cotton,16|PAKISTAN,2050,11,2.35435938400891
cotton,16|PAKISTAN,2060,5,5.20500373599837
cotton,16|PAKISTAN,2060,6,13.7318866773519
cotton,16|PAKISTAN,2060,7,16.992144707976
cotton,16|PAKISTAN,2060,8,13.2251660863897
cotton,16|PAKISTAN,2060,9,8.1403304580689
cotton,16|PAKISTAN,2060,10,4.28260701147735
cotton,16|PAKISTAN,2060,11,2.35435938400891
cotton,17|PAKISTAN,2010,5,4.93476988389077
cotton,17|PAKISTAN,2010,6,12.4196660055289
cotton,17|PAKISTAN,2010,7,15.5020898646942
cotton,17|PAKISTAN,2010,8,12.1055797268173
cotton,17|PAKISTAN,2010,9,7.56897778759445
cotton,17|PAKISTAN,2010,10,4.36589148638653
cotton,17|PAKISTAN,2010,11,2.43771234495093
cotton,17|PAKISTAN,2020,5,4.93476988389077
cotton,17|PAKISTAN,2020,6,12.4196660055289
cotton,17|PAKISTAN,2020,7,15.5020898646942
cotton,17|PAKISTAN,2020,8,12.1055797268173
cotton,17|PAKISTAN,2020,9,7.56897778759445
cotton,17|PAKISTAN,2020,10,4.36589148638653
cotton,17|PAKISTAN,2020,11,2.43771234495093
cotton,17|PAKISTAN,2030,5,4.93476988389077
cotton,17|PAKISTAN,2030,6,12.4196660055289
cotton,17|PAKISTAN,2030,7,15.5020898646942
cotton,17|PAKISTAN,2030,8,12.1055797268173
cotton,17|PAKISTAN,2030,9,7.56897778759445
cotton,17|PAKISTAN,2030,10,4.36589148638653
cotton,17|PAKISTAN,2030,11,2.43771234495093
cotton,17|PAKISTAN,2040,5,4.93476988389077
cotton,17|PAKISTAN,2040,6,12.4196660055289
cotton,17|PAKISTAN,2040,7,15.5020898646942
cotton,17|PAKISTAN,2040,8,12.1055797268173
cotton,17|PAKISTAN,2040,9,7.56897778759445
cotton,17|PAKISTAN,2040,10,4.36589148638653
cotton,17|PAKISTAN,2040,11,2.43771234495093
cotton,17|PAKISTAN,2050,5,4.93476988389077
cotton,17|PAKISTAN,2050,6,12.4196660055289
cotton,17|PAKISTAN,2050,7,15.5020898646942
cotton,17|PAKISTAN,2050,8,12.1055797268173
cotton,17|PAKISTAN,2050,9,7.56897778759445
cotton,17|PAKISTAN,2050,10,4.36589148638653
cotton,17|PAKISTAN,2050,11,2.43771234495093
cotton,17|PAKISTAN,2060,5,4.93476988389077
cotton,17|PAKISTAN,2060,6,12.4196660055289
cotton,17|PAKISTAN,2060,7,15.5020898646942
cotton,17|PAKISTAN,2060,8,12.1055797268173
cotton,17|PAKISTAN,2060,9,7.56897778759445
cotton,17|PAKISTAN,2060,10,4.36589148638653
cotton,17|PAKISTAN,2060,11,2.43771234495093
cotton,18|PAKISTAN,2010,5,3.56719530817348
cotton,18|PAKISTAN,2010,6,10.1389772723155
cotton,18|PAKISTAN,2010,7,11.6342143428662
cotton,18|PAKISTAN,2010,8,8.24204023632612
cotton,18|PAKISTAN,2010,9,4.97365315219923
cotton,18|PAKISTAN,2010,10,2.55262795718258
cotton,18|PAKISTAN,2010,11,1.1437738441795
cotton,18|PAKISTAN,2020,5,3.56719530817348
cotton,18|PAKISTAN,2020,6,10.1389772723155
cotton,18|PAKISTAN,2020,7,11.6342143428662
cotton,18|PAKISTAN,2020,8,8.24204023632612
cotton,18|PAKISTAN,2020,9,4.97365315219923
cotton,18|PAKISTAN,2020,10,2.55262795718258
cotton,18|PAKISTAN,2020,11,1.1437738441795
cotton,18|PAKISTAN,2030,5,3.56719530817348
cotton,18|PAKISTAN,2030,6,10.1389772723155
cotton,18|PAKISTAN,2030,7,11.6342143428662
cotton,18|PAKISTAN,2030,8,8.24204023632612
cotton,18|PAKISTAN,2030,9,4.97365315219923
cotton,18|PAKISTAN,2030,10,2.55262795718258
cotton,18|PAKISTAN,2030,11,1.1437738441795
cotton,18|PAKISTAN,2040,5,3.56719530817348
cotton,18|PAKISTAN,2040,6,10.1389772723155
cotton,18|PAKISTAN,2040,7,11.6342143428662
cotton,18|PAKISTAN,2040,8,8.24204023632612
cotton,18|PAKISTAN,2040,9,4.97365315219923
cotton,18|PAKISTAN,2040,10,2.55262795718258
cotton,18|PAKISTAN,2040,11,1.1437738441795
cotton,18|PAKISTAN,2050,5,3.56719530817348
cotton,18|PAKISTAN,2050,6,10.1389772723155
cotton,18|PAKISTAN,2050,7,11.6342143428662
cotton,18|PAKISTAN,2050,8,8.24204023632612
cotton,18|PAKISTAN,2050,9,4.97365315219923
cotton,18|PAKISTAN,2050,10,2.55262795718258
cotton,18|PAKISTAN,2050,11,1.1437738441795
cotton,18|PAKISTAN,2060,5,3.56719530817348
cotton,18|PAKISTAN,2060,6,10.1389772723155
cotton,18|PAKISTAN,2060,7,11.6342143428662
cotton,18|PAKISTAN,2060,8,8.24204023632612
cotton,18|PAKISTAN,2060,9,4.97365315219923
cotton,18|PAKISTAN,2060,10,2.55262795718258
cotton,18|PAKISTAN,2060,11,1.1437738441795
cotton,19|PAKISTAN,2010,5,3.3172945160324
cotton,19|PAKISTAN,2010,6,9.39586401559615
cotton,19|PAKISTAN,2010,7,9.51213740381882
cotton,19|PAKISTAN,2010,8,6.74575933289433
cotton,19|PAKISTAN,2010,9,4.34814910362512
cotton,19|PAKISTAN,2010,10,2.42116274329444
cotton,19|PAKISTAN,2010,11,1.15593608108837
cotton,19|PAKISTAN,2020,5,3.3172945160324
cotton,19|PAKISTAN,2020,6,9.39586401559615
cotton,19|PAKISTAN,2020,7,9.51213740381882
cotton,19|PAKISTAN,2020,8,6.74575933289433
cotton,19|PAKISTAN,2020,9,4.34814910362512
cotton,19|PAKISTAN,2020,10,2.42116274329444
cotton,19|PAKISTAN,2020,11,1.15593608108837
cotton,19|PAKISTAN,2030,5,3.3172945160324
cotton,19|PAKISTAN,2030,6,9.39586401559615
cotton,19|PAKISTAN,2030,7,9.51213740381882
cotton,19|PAKISTAN,2030,8,6.74575933289433
cotton,19|PAKISTAN,2030,9,4.34814910362512
cotton,19|PAKISTAN,2030,10,2.42116274329444
cotton,19|PAKISTAN,2030,11,1.15593608108837
cotton,19|PAKISTAN,2040,5,3.3172945160324
cotton,19|PAKISTAN,2040,6,9.39586401559615
cotton,19|PAKISTAN,2040,7,9.51213740381882
cotton,19|PAKISTAN,2040,8,6.74575933289433
cotton,19|PAKISTAN,2040,9,4.34814910362512
cotton,19|PAKISTAN,2040,10,2.42116274329444
cotton,19|PAKISTAN,2040,11,1.15593608108837
cotton,19|PAKISTAN,2050,5,3.3172945160324
cotton,19|PAKISTAN,2050,6,9.39586401559615
cotton,19|PAKISTAN,2050,7,9.51213740381882
cotton,19|PAKISTAN,2050,8,6.74575933289433
cotton,19|PAKISTAN,2050,9,4.34814910362512
cotton,19|PAKISTAN,2050,10,2.42116274329444
cotton,19|PAKISTAN,2050,11,1.15593608108837
cotton,19|PAKISTAN,2060,5,3.3172945160324
cotton,19|PAKISTAN,2060,6,9.39586401559615
cotton,19|PAKISTAN,2060,7,9.51213740381882
cotton,19|PAKISTAN,2060,8,6.74575933289433
cotton,19|PAKISTAN,2060,9,4.34814910362512
cotton,19|PAKISTAN,2060,10,2.42116274329444
cotton,19|PAKISTAN,2060,11,1.15593608108837
cotton,20|PAKISTAN,2010,5,4.80151983079415
cotton,20|PAKISTAN,2010,6,12.0379916034978
cotton,20|PAKISTAN,2010,7,12.7332721611144
cotton,20|PAKISTAN,2010,8,9.59624884989123
cotton,20|PAKISTAN,2010,9,6.49670223698438
cotton,20|PAKISTAN,2010,10,3.58647404287092
cotton,20|PAKISTAN,2010,11,1.70588088136449
cotton,20|PAKISTAN,2020,5,4.80151983079415
cotton,20|PAKISTAN,2020,6,12.0379916034978
cotton,20|PAKISTAN,2020,7,12.7332721611144
cotton,20|PAKISTAN,2020,8,9.59624884989123
cotton,20|PAKISTAN,2020,9,6.49670223698438
cotton,20|PAKISTAN,2020,10,3.58647404287092
cotton,20|PAKISTAN,2020,11,1.70588088136449
cotton,20|PAKISTAN,2030,5,4.80151983079415
cotton,20|PAKISTAN,2030,6,12.0379916034978
cotton,20|PAKISTAN,2030,7,12.7332721611144
cotton,20|PAKISTAN,2030,8,9.59624884989123
cotton,20|PAKISTAN,2030,9,6.49670223698438
cotton,20|PAKISTAN,2030,10,3.58647404287092
cotton,20|PAKISTAN,2030,11,1.70588088136449
cotton,20|PAKISTAN,2040,5,4.80151983079415
cotton,20|PAKISTAN,2040,6,12.0379916034978
cotton,20|PAKISTAN,2040,7,12.7332721611144
cotton,20|PAKISTAN,2040,8,9.59624884989123
cotton,20|PAKISTAN,2040,9,6.49670223698438
cotton,20|PAKISTAN,2040,10,3.58647404287092
cotton,20|PAKISTAN,2040,11,1.70588088136449
cotton,20|PAKISTAN,2050,5,4.80151983079415
cotton,20|PAKISTAN,2050,6,12.0379916034978
cotton,20|PAKISTAN,2050,7,12.7332721611144
cotton,20|PAKISTAN,2050,8,9.59624884989123
cotton,20|PAKISTAN,2050,9,6.49670223698438
cotton,20|PAKISTAN,2050,10,3.58647404287092
cotton,20|PAKISTAN,2050,11,1.70588088136449
cotton,20|PAKISTAN,2060,5,4.80151983079415
cotton,20|PAKISTAN,2060,6,12.0379916034978
cotton,20|PAKISTAN,2060,7,12.7332721611144
cotton,20|PAKISTAN,2060,8,9.59624884989123
cotton,20|PAKISTAN,2060,9,6.49670223698438
cotton,20|PAKISTAN,2060,10,3.58647404287092
cotton,20|PAKISTAN,2060,11,1.70588088136449
cotton,21|PAKISTAN,2010,5,4.9507044549911
cotton,21|PAKISTAN,2010,6,13.2470330295473
cotton,21|PAKISTAN,2010,7,16.2581376656046
cotton,21|PAKISTAN,2010,8,13.0551858037633
cotton,21|PAKISTAN,2010,9,8.01063989307225
cotton,21|PAKISTAN,2010,10,4.03399292549683
cotton,21|PAKISTAN,2010,11,1.96918730291609
cotton,21|PAKISTAN,2020,5,4.9507044549911
cotton,21|PAKISTAN,2020,6,13.2470330295473
cotton,21|PAKISTAN,2020,7,16.2581376656046
cotton,21|PAKISTAN,2020,8,13.0551858037633
cotton,21|PAKISTAN,2020,9,8.01063989307225
cotton,21|PAKISTAN,2020,10,4.03399292549683
cotton,21|PAKISTAN,2020,11,1.96918730291609
cotton,21|PAKISTAN,2030,5,4.9507044549911
cotton,21|PAKISTAN,2030,6,13.2470330295473
cotton,21|PAKISTAN,2030,7,16.2581376656046
cotton,21|PAKISTAN,2030,8,13.0551858037633
cotton,21|PAKISTAN,2030,9,8.01063989307225
cotton,21|PAKISTAN,2030,10,4.03399292549683
cotton,21|PAKISTAN,2030,11,1.96918730291609
cotton,21|PAKISTAN,2040,5,4.9507044549911
cotton,21|PAKISTAN,2040,6,13.2470330295473
cotton,21|PAKISTAN,2040,7,16.2581376656046
cotton,21|PAKISTAN,2040,8,13.0551858037633
cotton,21|PAKISTAN,2040,9,8.01063989307225
cotton,21|PAKISTAN,2040,10,4.03399292549683
cotton,21|PAKISTAN,2040,11,1.96918730291609
cotton,21|PAKISTAN,2050,5,4.9507044549911
cotton,21|PAKISTAN,2050,6,13.2470330295473
cotton,21|PAKISTAN,2050,7,16.2581376656046
cotton,21|PAKISTAN,2050,8,13.0551858037633
cotton,21|PAKISTAN,2050,9,8.01063989307225
cotton,21|PAKISTAN,2050,10,4.03399292549683
cotton,21|PAKISTAN,2050,11,1.96918730291609
cotton,21|PAKISTAN,2060,5,4.9507044549911
cotton,21|PAKISTAN,2060,6,13.2470330295473
cotton,21|PAKISTAN,2060,7,16.2581376656046
cotton,21|PAKISTAN,2060,8,13.0551858037633
cotton,21|PAKISTAN,2060,9,8.01063989307225
cotton,21|PAKISTAN,2060,10,4.03399292549683
cotton,21|PAKISTAN,2060,11,1.96918730291609
cotton,23|PAKISTAN,2010,5,4.40069721211627
cotton,23|PAKISTAN,2010,6,11.2194308905536
cotton,23|PAKISTAN,2010,7,12.9973846205679
cotton,23|PAKISTAN,2010,8,9.94467053793698
cotton,23|PAKISTAN,2010,9,6.23498098618675
cotton,23|PAKISTAN,2010,10,3.5206774646173
cotton,23|PAKISTAN,2010,11,1.83226222678843
cotton,23|PAKISTAN,2020,5,4.40069721211627
cotton,23|PAKISTAN,2020,6,11.2194308905536
cotton,23|PAKISTAN,2020,7,12.9973846205679
cotton,23|PAKISTAN,2020,8,9.94467053793698
cotton,23|PAKISTAN,2020,9,6.23498098618675
cotton,23|PAKISTAN,2020,10,3.5206774646173
cotton,23|PAKISTAN,2020,11,1.83226222678843
cotton,23|PAKISTAN,2030,5,4.40069721211627
cotton,23|PAKISTAN,2030,6,11.2194308905536
cotton,23|PAKISTAN,2030,7,12.9973846205679
cotton,23|PAKISTAN,2030,8,9.94467053793698
cotton,23|PAKISTAN,2030,9,6.23498098618675
cotton,23|PAKISTAN,2030,10,3.5206774646173
cotton,23|PAKISTAN,2030,11,1.83226222678843
cotton,23|PAKISTAN,2040,5,4.40069721211627
cotton,23|PAKISTAN,2040,6,11.2194308905536
cotton,23|PAKISTAN,2040,7,12.9973846205679
cotton,23|PAKISTAN,2040,8,9.94467053793698
cotton,23|PAKISTAN,2040,9,6.23498098618675
cotton,23|PAKISTAN,2040,10,3.5206774646173
cotton,23|PAKISTAN,2040,11,1.83226222678843
cotton,23|PAKISTAN,2050,5,4.40069721211627
cotton,23|PAKISTAN,2050,6,11.2194308905536
cotton,23|PAKISTAN,2050,7,12.9973846205679
cotton,23|PAKISTAN,2050,8,9.94467053793698
cotton,23|PAKISTAN,2050,9,6.23498098618675
cotton,23|PAKISTAN,2050,10,3.5206774646173
cotton,23|PAKISTAN,2050,11,1.83226222678843
cotton,23|PAKISTAN,2060,5,4.40069721211627
cotton,23|PAKISTAN,2060,6,11.2194308905536
cotton,23|PAKISTAN,2060,7,12.9973846205679
cotton,23|PAKISTAN,2060,8,9.94467053793698
cotton,23|PAKISTAN,2060,9,6.23498098618675
cotton,23|PAKISTAN,2060,10,3.5206774646173
cotton,23|PAKISTAN,2060,11,1.83226222678843
fodder,1|AFGHAN_SOUTH,2010,6,11.32707909384
fodder,1|AFGHAN_SOUTH,2010,7,14.8398686794061
fodder,1|AFGHAN_SOUTH,2010,8,28.0275018484273
fodder,1|AFGHAN_SOUTH,2010,9,41.8422185824396
fodder,1|AFGHAN_SOUTH,2010,10,23.4657834372913
fodder,1|AFGHAN_SOUTH,2010,11,4.13812876661648
fodder,1|AFGHAN_SOUTH,2020,6,11.32707909384
fodder,1|AFGHAN_SOUTH,2020,7,14.8398686794061
fodder,1|AFGHAN_SOUTH,2020,8,28.0275018484273
fodder,1|AFGHAN_SOUTH,2020,9,41.8422185824396
fodder,1|AFGHAN_SOUTH,2020,10,23.4657834372913
fodder,1|AFGHAN_SOUTH,2020,11,4.13812876661648
fodder,1|AFGHAN_SOUTH,2030,6,11.32707909384
fodder,1|AFGHAN_SOUTH,2030,7,14.8398686794061
fodder,1|AFGHAN_SOUTH,2030,8,28.0275018484273
fodder,1|AFGHAN_SOUTH,2030,9,41.8422185824396
fodder,1|AFGHAN_SOUTH,2030,10,23.4657834372913
fodder,1|AFGHAN_SOUTH,2030,11,4.13812876661648
fodder,1|AFGHAN_SOUTH,2040,6,11.32707909384
fodder,1|AFGHAN_SOUTH,2040,7,14.8398686794061
fodder,1|AFGHAN_SOUTH,2040,8,28.0275018484273
fodder,1|AFGHAN_SOUTH,2040,9,41.8422185824396
fodder,1|AFGHAN_SOUTH,2040,10,23.4657834372913
fodder,1|AFGHAN_SOUTH,2040,11,4.13812876661648
fodder,1|AFGHAN_SOUTH,2050,6,11.32707909384
fodder,1|AFGHAN_SOUTH,2050,7,14.8398686794061
fodder,1|AFGHAN_SOUTH,2050,8,28.0275018484273
fodder,1|AFGHAN_SOUTH,2050,9,41.8422185824396
fodder,1|AFGHAN_SOUTH,2050,10,23.4657834372913
fodder,1|AFGHAN_SOUTH,2050,11,4.13812876661648
fodder,1|AFGHAN_SOUTH,2060,6,11.32707909384
fodder,1|AFGHAN_SOUTH,2060,7,14.8398686794061
fodder,1|AFGHAN_SOUTH,2060,8,28.0275018484273
fodder,1|AFGHAN_SOUTH,2060,9,41.8422185824396
fodder,1|AFGHAN_SOUTH,2060,10,23.4657834372913
fodder,1|AFGHAN_SOUTH,2060,11,4.13812876661648
fodder,2|AFGHAN_NORTH,2010,6,10.7953985633753
fodder,2|AFGHAN_NORTH,2010,7,15.271536400038
fodder,2|AFGHAN_NORTH,2010,8,27.5728025524915
fodder,2|AFGHAN_NORTH,2010,9,37.3406094188124
fodder,2|AFGHAN_NORTH,2010,10,17.4260665672057
fodder,2|AFGHAN_NORTH,2010,11,2.37626298746816
fodder,2|AFGHAN_NORTH,2020,6,10.7953985633753
fodder,2|AFGHAN_NORTH,2020,7,15.271536400038
fodder,2|AFGHAN_NORTH,2020,8,27.5728025524915
fodder,2|AFGHAN_NORTH,2020,9,37.3406094188124
fodder,2|AFGHAN_NORTH,2020,10,17.4260665672057
fodder,2|AFGHAN_NORTH,2020,11,2.37626298746816
fodder,2|AFGHAN_NORTH,2030,6,10.7953985633753
fodder,2|AFGHAN_NORTH,2030,7,15.271536400038
fodder,2|AFGHAN_NORTH,2030,8,27.5728025524915
fodder,2|AFGHAN_NORTH,2030,9,37.3406094188124
fodder,2|AFGHAN_NORTH,2030,10,17.4260665672057
fodder,2|AFGHAN_NORTH,2030,11,2.37626298746816
fodder,2|AFGHAN_NORTH,2040,6,10.7953985633753
fodder,2|AFGHAN_NORTH,2040,7,15.271536400038
fodder,2|AFGHAN_NORTH,2040,8,27.5728025524915
fodder,2|AFGHAN_NORTH,2040,9,37.3406094188124
fodder,2|AFGHAN_NORTH,2040,10,17.4260665672057
fodder,2|AFGHAN_NORTH,2040,11,2.37626298746816
fodder,2|AFGHAN_NORTH,2050,6,10.7953985633753
fodder,2|AFGHAN_NORTH,2050,7,15.271536400038
fodder,2|AFGHAN_NORTH,2050,8,27.5728025524915
fodder,2|AFGHAN_NORTH,2050,9,37.3406094188124
fodder,2|AFGHAN_NORTH,2050,10,17.4260665672057
fodder,2|AFGHAN_NORTH,2050,11,2.37626298746816
fodder,2|AFGHAN_NORTH,2060,6,10.7953985633753
fodder,2|AFGHAN_NORTH,2060,7,15.271536400038
fodder,2|AFGHAN_NORTH,2060,8,27.5728025524915
fodder,2|AFGHAN_NORTH,2060,9,37.3406094188124
fodder,2|AFGHAN_NORTH,2060,10,17.4260665672057
fodder,2|AFGHAN_NORTH,2060,11,2.37626298746816
fodder,6|INDIA_WEST,2010,6,7.37065223256088
fodder,6|INDIA_WEST,2010,7,8.50257857049562
fodder,6|INDIA_WEST,2010,8,18.6624978942785
fodder,6|INDIA_WEST,2010,9,31.2709119986609
fodder,6|INDIA_WEST,2010,10,16.0511698635362
fodder,6|INDIA_WEST,2010,11,2.31568809028908
fodder,6|INDIA_WEST,2020,6,7.37065223256088
fodder,6|INDIA_WEST,2020,7,8.50257857049562
fodder,6|INDIA_WEST,2020,8,18.6624978942785
fodder,6|INDIA_WEST,2020,9,31.2709119986609
fodder,6|INDIA_WEST,2020,10,16.0511698635362
fodder,6|INDIA_WEST,2020,11,2.31568809028908
fodder,6|INDIA_WEST,2030,6,7.37065223256088
fodder,6|INDIA_WEST,2030,7,8.50257857049562
fodder,6|INDIA_WEST,2030,8,18.6624978942785
fodder,6|INDIA_WEST,2030,9,31.2709119986609
fodder,6|INDIA_WEST,2030,10,16.0511698635362
fodder,6|INDIA_WEST,2030,11,2.31568809028908
fodder,6|INDIA_WEST,2040,6,7.37065223256088
fodder,6|INDIA_WEST,2040,7,8.50257857049562
fodder,6|INDIA_WEST,2040,8,18.6624978942785
fodder,6|INDIA_WEST,2040,9,31.2709119986609
fodder,6|INDIA_WEST,2040,10,16.0511698635362
fodder,6|INDIA_WEST,2040,11,2.31568809028908
fodder,6|INDIA_WEST,2050,6,7.37065223256088
fodder,6|INDIA_WEST,2050,7,8.50257857049562
fodder,6|INDIA_WEST,2050,8,18.6624978942785
fodder,6|INDIA_WEST,2050,9,31.2709119986609
fodder,6|INDIA_WEST,2050,10,16.0511698635362
fodder,6|INDIA_WEST,2050,11,2.31568809028908
fodder,6|INDIA_WEST,2060,6,7.37065223256088
fodder,6|INDIA_WEST,2060,7,8.50257857049562
fodder,6|INDIA_WEST,2060,8,18.6624978942785
fodder,6|INDIA_WEST,2060,9,31.2709119986609
fodder,6|INDIA_WEST,2060,10,16.0511698635362
fodder,6|INDIA_WEST,2060,11,2.31568809028908
fodder,7|INDIA_WEST,2010,6,15.064868495738
fodder,7|INDIA_WEST,2010,7,3.93471576231098
fodder,7|INDIA_WEST,2010,8,18.9342484826414
fodder,7|INDIA_WEST,2010,9,62.1209116215956
fodder,7|INDIA_WEST,2010,10,37.8821106766305
fodder,7|INDIA_WEST,2010,11,6.1718914446947
fodder,7|INDIA_WEST,2020,6,15.064868495738
fodder,7|INDIA_WEST,2020,7,3.93471576231098
fodder,7|INDIA_WEST,2020,8,18.9342484826414
fodder,7|INDIA_WEST,2020,9,62.1209116215956
fodder,7|INDIA_WEST,2020,10,37.8821106766305
fodder,7|INDIA_WEST,2020,11,6.1718914446947
fodder,7|INDIA_WEST,2030,6,15.064868495738
fodder,7|INDIA_WEST,2030,7,3.93471576231098
fodder,7|INDIA_WEST,2030,8,18.9342484826414
fodder,7|INDIA_WEST,2030,9,62.1209116215956
fodder,7|INDIA_WEST,2030,10,37.8821106766305
fodder,7|INDIA_WEST,2030,11,6.1718914446947
fodder,7|INDIA_WEST,2040,6,15.064868495738
fodder,7|INDIA_WEST,2040,7,3.93471576231098
fodder,7|INDIA_WEST,2040,8,18.9342484826414
fodder,7|INDIA_WEST,2040,9,62.1209116215956
fodder,7|INDIA_WEST,2040,10,37.8821106766305
fodder,7|INDIA_WEST,2040,11,6.1718914446947
fodder,7|INDIA_WEST,2050,6,15.064868495738
fodder,7|INDIA_WEST,2050,7,3.93471576231098
fodder,7|INDIA_WEST,2050,8,18.9342484826414
fodder,7|INDIA_WEST,2050,9,62.1209116215956
fodder,7|INDIA_WEST,2050,10,37.8821106766305
fodder,7|INDIA_WEST,2050,11,6.1718914446947
fodder,7|INDIA_WEST,2060,6,15.064868495738
fodder,7|INDIA_WEST,2060,7,3.93471576231098
fodder,7|INDIA_WEST,2060,8,18.9342484826414
fodder,7|INDIA_WEST,2060,9,62.1209116215956
fodder,7|INDIA_WEST,2060,10,37.8821106766305
fodder,7|INDIA_WEST,2060,11,6.1718914446947
fodder,8|INDIA_WEST,2010,6,6.86097018371093
fodder,8|INDIA_WEST,2010,7,1.23302844716001
fodder,8|INDIA_WEST,2010,8,7.08553616689743
fodder,8|INDIA_WEST,2010,9,30.6575780346925
fodder,8|INDIA_WEST,2010,10,20.1017283989263
fodder,8|INDIA_WEST,2010,11,3.55715796509089
fodder,8|INDIA_WEST,2020,6,6.86097018371093
fodder,8|INDIA_WEST,2020,7,1.23302844716001
fodder,8|INDIA_WEST,2020,8,7.08553616689743
fodder,8|INDIA_WEST,2020,9,30.6575780346925
fodder,8|INDIA_WEST,2020,10,20.1017283989263
fodder,8|INDIA_WEST,2020,11,3.55715796509089
fodder,8|INDIA_WEST,2030,6,6.86097018371093
fodder,8|INDIA_WEST,2030,7,1.23302844716001
fodder,8|INDIA_WEST,2030,8,7.08553616689743
fodder,8|INDIA_WEST,2030,9,30.6575780346925
fodder,8|INDIA_WEST,2030,10,20.1017283989263
fodder,8|INDIA_WEST,2030,11,3.55715796509089
fodder,8|INDIA_WEST,2040,6,6.86097018371093
fodder,8|INDIA_WEST,2040,7,1.23302844716001
fodder,8|INDIA_WEST,2040,8,7.08553616689743
fodder,8|INDIA_WEST,2040,9,30.6575780346925
fodder,8|INDIA_WEST,2040,10,20.1017283989263
fodder,8|INDIA_WEST,2040,11,3.55715796509089
fodder,8|INDIA_WEST,2050,6,6.86097018371093
fodder,8|INDIA_WEST,2050,7,1.23302844716001
fodder,8|INDIA_WEST,2050,8,7.08553616689743
fodder,8|INDIA_WEST,2050,9,30.6575780346925
fodder,8|INDIA_WEST,2050,10,20.1017283989263
fodder,8|INDIA_WEST,2050,11,3.55715796509089
fodder,8|INDIA_WEST,2060,6,6.86097018371093
fodder,8|INDIA_WEST,2060,7,1.23302844716001
fodder,8|INDIA_WEST,2060,8,7.08553616689743
fodder,8|INDIA_WEST,2060,9,30.6575780346925
fodder,8|INDIA_WEST,2060,10,20.1017283989263
fodder,8|INDIA_WEST,2060,11,3.55715796509089
fodder,9|INDIA_EAST,2010,6,7.29246554186105
fodder,9|INDIA_EAST,2010,7,3.66563410786149
fodder,9|INDIA_EAST,2010,8,11.3099153317195
fodder,9|INDIA_EAST,2010,9,33.59822571345
fodder,9|INDIA_EAST,2010,10,22.6787945857576
fodder,9|INDIA_EAST,2010,11,4.15944019785741
fodder,9|INDIA_EAST,2020,6,7.29246554186105
fodder,9|INDIA_EAST,2020,7,3.66563410786149
fodder,9|INDIA_EAST,2020,8,11.3099153317195
fodder,9|INDIA_EAST,2020,9,33.59822571345
fodder,9|INDIA_EAST,2020,10,22.6787945857576
fodder,9|INDIA_EAST,2020,11,4.15944019785741
fodder,9|INDIA_EAST,2030,6,7.29246554186105
fodder,9|INDIA_EAST,2030,7,3.66563410786149
fodder,9|INDIA_EAST,2030,8,11.3099153317195
fodder,9|INDIA_EAST,2030,9,33.59822571345
fodder,9|INDIA_EAST,2030,10,22.6787945857576
fodder,9|INDIA_EAST,2030,11,4.15944019785741
fodder,9|INDIA_EAST,2040,6,7.29246554186105
fodder,9|INDIA_EAST,2040,7,3.66563410786149
fodder,9|INDIA_EAST,2040,8,11.3099153317195
fodder,9|INDIA_EAST,2040,9,33.59822571345
fodder,9|INDIA_EAST,2040,10,22.6787945857576
fodder,9|INDIA_EAST,2040,11,4.15944019785741
fodder,9|INDIA_EAST,2050,6,7.29246554186105
fodder,9|INDIA_EAST,2050,7,3.66563410786149
fodder,9|INDIA_EAST,2050,8,11.3099153317195
fodder,9|INDIA_EAST,2050,9,33.59822571345
fodder,9|INDIA_EAST,2050,10,22.6787945857576
fodder,9|INDIA_EAST,2050,11,4.15944019785741
fodder,9|INDIA_EAST,2060,6,7.29246554186105
fodder,9|INDIA_EAST,2060,7,3.66563410786149
fodder,9|INDIA_EAST,2060,8,11.3099153317195
fodder,9|INDIA_EAST,2060,9,33.59822571345
fodder,9|INDIA_EAST,2060,10,22.6787945857576
fodder,9|INDIA_EAST,2060,11,4.15944019785741
fodder,10|INDIA_WEST,2010,6,5.91110493159449
fodder,10|INDIA_WEST,2010,7,9.47292124785977
fodder,10|INDIA_WEST,2010,8,16.179897740694
fodder,10|INDIA_WEST,2010,9,17.5298609651026
fodder,10|INDIA_WEST,2010,10,6.24866377826302
fodder,10|INDIA_WEST,2010,11,0.790567215803521
fodder,10|INDIA_WEST,2020,6,5.91110493159449
fodder,10|INDIA_WEST,2020,7,9.47292124785977
fodder,10|INDIA_WEST,2020,8,16.179897740694
fodder,10|INDIA_WEST,2020,9,17.5298609651026
fodder,10|INDIA_WEST,2020,10,6.24866377826302
fodder,10|INDIA_WEST,2020,11,0.790567215803521
fodder,10|INDIA_WEST,2030,6,5.91110493159449
fodder,10|INDIA_WEST,2030,7,9.47292124785977
fodder,10|INDIA_WEST,2030,8,16.179897740694
fodder,10|INDIA_WEST,2030,9,17.5298609651026
fodder,10|INDIA_WEST,2030,10,6.24866377826302
fodder,10|INDIA_WEST,2030,11,0.790567215803521
fodder,10|INDIA_WEST,2040,6,5.91110493159449
fodder,10|INDIA_WEST,2040,7,9.47292124785977
fodder,10|INDIA_WEST,2040,8,16.179897740694
fodder,10|INDIA_WEST,2040,9,17.5298609651026
fodder,10|INDIA_WEST,2040,10,6.24866377826302
fodder,10|INDIA_WEST,2040,11,0.790567215803521
fodder,10|INDIA_WEST,2050,6,5.91110493159449
fodder,10|INDIA_WEST,2050,7,9.47292124785977
fodder,10|INDIA_WEST,2050,8,16.179897740694
fodder,10|INDIA_WEST,2050,9,17.5298609651026
fodder,10|INDIA_WEST,2050,10,6.24866377826302
fodder,10|INDIA_WEST,2050,11,0.790567215803521
fodder,10|INDIA_WEST,2060,6,5.91110493159449
fodder,10|INDIA_WEST,2060,7,9.47292124785977
fodder,10|INDIA_WEST,2060,8,16.179897740694
fodder,10|INDIA_WEST,2060,9,17.5298609651026
fodder,10|INDIA_WEST,2060,10,6.24866377826302
fodder,10|INDIA_WEST,2060,11,0.790567215803521
fodder,12|PAKISTAN,2010,6,9.65507307319145
fodder,12|PAKISTAN,2010,7,6.18001840548964
fodder,12|PAKISTAN,2010,8,18.1928646840865
fodder,12|PAKISTAN,2010,9,36.736006793217
fodder,12|PAKISTAN,2010,10,20.1676888371296
fodder,12|PAKISTAN,2010,11,3.40975407852469
fodder,12|PAKISTAN,2020,6,9.65507307319145
fodder,12|PAKISTAN,2020,7,6.18001840548964
fodder,12|PAKISTAN,2020,8,18.1928646840865
fodder,12|PAKISTAN,2020,9,36.736006793217
fodder,12|PAKISTAN,2020,10,20.1676888371296
fodder,12|PAKISTAN,2020,11,3.40975407852469
fodder,12|PAKISTAN,2030,6,9.65507307319145
fodder,12|PAKISTAN,2030,7,6.18001840548964
fodder,12|PAKISTAN,2030,8,18.1928646840865
fodder,12|PAKISTAN,2030,9,36.736006793217
fodder,12|PAKISTAN,2030,10,20.1676888371296
fodder,12|PAKISTAN,2030,11,3.40975407852469
fodder,12|PAKISTAN,2040,6,9.65507307319145
fodder,12|PAKISTAN,2040,7,6.18001840548964
fodder,12|PAKISTAN,2040,8,18.1928646840865
fodder,12|PAKISTAN,2040,9,36.736006793217
fodder,12|PAKISTAN,2040,10,20.1676888371296
fodder,12|PAKISTAN,2040,11,3.40975407852469
fodder,12|PAKISTAN,2050,6,9.65507307319145
fodder,12|PAKISTAN,2050,7,6.18001840548964
fodder,12|PAKISTAN,2050,8,18.1928646840865
fodder,12|PAKISTAN,2050,9,36.736006793217
fodder,12|PAKISTAN,2050,10,20.1676888371296
fodder,12|PAKISTAN,2050,11,3.40975407852469
fodder,12|PAKISTAN,2060,6,9.65507307319145
fodder,12|PAKISTAN,2060,7,6.18001840548964
fodder,12|PAKISTAN,2060,8,18.1928646840865
fodder,12|PAKISTAN,2060,9,36.736006793217
fodder,12|PAKISTAN,2060,10,20.1676888371296
fodder,12|PAKISTAN,2060,11,3.40975407852469
fodder,13|PAKISTAN,2010,6,11.3232162700314
fodder,13|PAKISTAN,2010,7,7.59901105635385
fodder,13|PAKISTAN,2010,8,20.1058065945489
fodder,13|PAKISTAN,2010,9,41.3224869986868
fodder,13|PAKISTAN,2010,10,23.0767860527412
fodder,13|PAKISTAN,2010,11,4.00597672032803
fodder,13|PAKISTAN,2020,6,11.3232162700314
fodder,13|PAKISTAN,2020,7,7.59901105635385
fodder,13|PAKISTAN,2020,8,20.1058065945489
fodder,13|PAKISTAN,2020,9,41.3224869986868
fodder,13|PAKISTAN,2020,10,23.0767860527412
fodder,13|PAKISTAN,2020,11,4.00597672032803
fodder,13|PAKISTAN,2030,6,11.3232162700314
fodder,13|PAKISTAN,2030,7,7.59901105635385
fodder,13|PAKISTAN,2030,8,20.1058065945489
fodder,13|PAKISTAN,2030,9,41.3224869986868
fodder,13|PAKISTAN,2030,10,23.0767860527412
fodder,13|PAKISTAN,2030,11,4.00597672032803
fodder,13|PAKISTAN,2040,6,11.3232162700314
fodder,13|PAKISTAN,2040,7,7.59901105635385
fodder,13|PAKISTAN,2040,8,20.1058065945489
fodder,13|PAKISTAN,2040,9,41.3224869986868
fodder,13|PAKISTAN,2040,10,23.0767860527412
fodder,13|PAKISTAN,2040,11,4.00597672032803
fodder,13|PAKISTAN,2050,6,11.3232162700314
fodder,13|PAKISTAN,2050,7,7.59901105635385
fodder,13|PAKISTAN,2050,8,20.1058065945489
fodder,13|PAKISTAN,2050,9,41.3224869986868
fodder,13|PAKISTAN,2050,10,23.0767860527412
fodder,13|PAKISTAN,2050,11,4.00597672032803
fodder,13|PAKISTAN,2060,6,11.3232162700314
fodder,13|PAKISTAN,2060,7,7.59901105635385
fodder,13|PAKISTAN,2060,8,20.1058065945489
fodder,13|PAKISTAN,2060,9,41.3224869986868
fodder,13|PAKISTAN,2060,10,23.0767860527412
fodder,13|PAKISTAN,2060,11,4.00597672032803
fodder,14|PAKISTAN,2010,6,12.8191802736278
fodder,14|PAKISTAN,2010,7,15.1112482710443
fodder,14|PAKISTAN,2010,8,30.6165995815604
fodder,14|PAKISTAN,2010,9,47.8153630847682
fodder,14|PAKISTAN,2010,10,25.6551675548926
fodder,14|PAKISTAN,2010,11,4.64383266133004
fodder,14|PAKISTAN,2020,6,12.8191802736278
fodder,14|PAKISTAN,2020,7,15.1112482710443
fodder,14|PAKISTAN,2020,8,30.6165995815604
fodder,14|PAKISTAN,2020,9,47.8153630847682
fodder,14|PAKISTAN,2020,10,25.6551675548926
fodder,14|PAKISTAN,2020,11,4.64383266133004
fodder,14|PAKISTAN,2030,6,12.8191802736278
fodder,14|PAKISTAN,2030,7,15.1112482710443
fodder,14|PAKISTAN,2030,8,30.6165995815604
fodder,14|PAKISTAN,2030,9,47.8153630847682
fodder,14|PAKISTAN,2030,10,25.6551675548926
fodder,14|PAKISTAN,2030,11,4.64383266133004
fodder,14|PAKISTAN,2040,6,12.8191802736278
fodder,14|PAKISTAN,2040,7,15.1112482710443
fodder,14|PAKISTAN,2040,8,30.6165995815604
fodder,14|PAKISTAN,2040,9,47.8153630847682
fodder,14|PAKISTAN,2040,10,25.6551675548926
fodder,14|PAKISTAN,2040,11,4.64383266133004
fodder,14|PAKISTAN,2050,6,12.8191802736278
fodder,14|PAKISTAN,2050,7,15.1112482710443
fodder,14|PAKISTAN,2050,8,30.6165995815604
fodder,14|PAKISTAN,2050,9,47.8153630847682
fodder,14|PAKISTAN,2050,10,25.6551675548926
fodder,14|PAKISTAN,2050,11,4.64383266133004
fodder,14|PAKISTAN,2060,6,12.8191802736278
fodder,14|PAKISTAN,2060,7,15.1112482710443
fodder,14|PAKISTAN,2060,8,30.6165995815604
fodder,14|PAKISTAN,2060,9,47.8153630847682
fodder,14|PAKISTAN,2060,10,25.6551675548926
fodder,14|PAKISTAN,2060,11,4.64383266133004
fodder,15|PAKISTAN,2010,6,13.7130342357455
fodder,15|PAKISTAN,2010,7,16.2099716517638
fodder,15|PAKISTAN,2010,8,32.0943625862532
fodder,15|PAKISTAN,2010,9,55.7382930496332
fodder,15|PAKISTAN,2010,10,32.5365425784246
fodder,15|PAKISTAN,2010,11,7.33349296008104
fodder,15|PAKISTAN,2020,6,13.7130342357455
fodder,15|PAKISTAN,2020,7,16.2099716517638
fodder,15|PAKISTAN,2020,8,32.0943625862532
fodder,15|PAKISTAN,2020,9,55.7382930496332
fodder,15|PAKISTAN,2020,10,32.5365425784246
fodder,15|PAKISTAN,2020,11,7.33349296008104
fodder,15|PAKISTAN,2030,6,13.7130342357455
fodder,15|PAKISTAN,2030,7,16.2099716517638
fodder,15|PAKISTAN,2030,8,32.0943625862532
fodder,15|PAKISTAN,2030,9,55.7382930496332
fodder,15|PAKISTAN,2030,10,32.5365425784246
fodder,15|PAKISTAN,2030,11,7.33349296008104
fodder,15|PAKISTAN,2040,6,13.7130342357455
fodder,15|PAKISTAN,2040,7,16.2099716517638
fodder,15|PAKISTAN,2040,8,32.0943625862532
fodder,15|PAKISTAN,2040,9,55.7382930496332
fodder,15|PAKISTAN,2040,10,32.5365425784246
fodder,15|PAKISTAN,2040,11,7.33349296008104
fodder,15|PAKISTAN,2050,6,13.7130342357455
fodder,15|PAKISTAN,2050,7,16.2099716517638
fodder,15|PAKISTAN,2050,8,32.0943625862532
fodder,15|PAKISTAN,2050,9,55.7382930496332
fodder,15|PAKISTAN,2050,10,32.5365425784246
fodder,15|PAKISTAN,2050,11,7.33349296008104
fodder,15|PAKISTAN,2060,6,13.7130342357455
fodder,15|PAKISTAN,2060,7,16.2099716517638
fodder,15|PAKISTAN,2060,8,32.0943625862532
fodder,15|PAKISTAN,2060,9,55.7382930496332
fodder,15|PAKISTAN,2060,10,32.5365425784246
fodder,15|PAKISTAN,2060,11,7.33349296008104
fodder,16|PAKISTAN,2010,6,14.2448773833104
fodder,16|PAKISTAN,2010,7,17.0946465357023
fodder,16|PAKISTAN,2010,8,33.8834665167465
fodder,16|PAKISTAN,2010,9,53.8255792882212
fodder,16|PAKISTAN,2010,10,29.1480053077741
fodder,16|PAKISTAN,2010,11,5.88475111227153
fodder,16|PAKISTAN,2020,6,14.2448773833104
fodder,16|PAKISTAN,2020,7,17.0946465357023
fodder,16|PAKISTAN,2020,8,33.8834665167465
fodder,16|PAKISTAN,2020,9,53.8255792882212
fodder,16|PAKISTAN,2020,10,29.1480053077741
fodder,16|PAKISTAN,2020,11,5.88475111227153
fodder,16|PAKISTAN,2030,6,14.2448773833104
fodder,16|PAKISTAN,2030,7,17.0946465357023
fodder,16|PAKISTAN,2030,8,33.8834665167465
fodder,16|PAKISTAN,2030,9,53.8255792882212
fodder,16|PAKISTAN,2030,10,29.1480053077741
fodder,16|PAKISTAN,2030,11,5.88475111227153
fodder,16|PAKISTAN,2040,6,14.2448773833104
fodder,16|PAKISTAN,2040,7,17.0946465357023
fodder,16|PAKISTAN,2040,8,33.8834665167465
fodder,16|PAKISTAN,2040,9,53.8255792882212
fodder,16|PAKISTAN,2040,10,29.1480053077741
fodder,16|PAKISTAN,2040,11,5.88475111227153
fodder,16|PAKISTAN,2050,6,14.2448773833104
fodder,16|PAKISTAN,2050,7,17.0946465357023
fodder,16|PAKISTAN,2050,8,33.8834665167465
fodder,16|PAKISTAN,2050,9,53.8255792882212
fodder,16|PAKISTAN,2050,10,29.1480053077741
fodder,16|PAKISTAN,2050,11,5.88475111227153
fodder,16|PAKISTAN,2060,6,14.2448773833104
fodder,16|PAKISTAN,2060,7,17.0946465357023
fodder,16|PAKISTAN,2060,8,33.8834665167465
fodder,16|PAKISTAN,2060,9,53.8255792882212
fodder,16|PAKISTAN,2060,10,29.1480053077741
fodder,16|PAKISTAN,2060,11,5.88475111227153
fodder,17|PAKISTAN,2010,6,13.011740862154
fodder,17|PAKISTAN,2010,7,16.0634038583821
fodder,17|PAKISTAN,2010,8,31.1236655283559
fodder,17|PAKISTAN,2010,9,49.8707139700257
fodder,17|PAKISTAN,2010,10,29.6908933384295
fodder,17|PAKISTAN,2010,11,6.07984332131123
fodder,17|PAKISTAN,2020,6,13.011740862154
fodder,17|PAKISTAN,2020,7,16.0634038583821
fodder,17|PAKISTAN,2020,8,31.1236655283559
fodder,17|PAKISTAN,2020,9,49.8707139700257
fodder,17|PAKISTAN,2020,10,29.6908933384295
fodder,17|PAKISTAN,2020,11,6.07984332131123
fodder,17|PAKISTAN,2030,6,13.011740862154
fodder,17|PAKISTAN,2030,7,16.0634038583821
fodder,17|PAKISTAN,2030,8,31.1236655283559
fodder,17|PAKISTAN,2030,9,49.8707139700257
fodder,17|PAKISTAN,2030,10,29.6908933384295
fodder,17|PAKISTAN,2030,11,6.07984332131123
fodder,17|PAKISTAN,2040,6,13.011740862154
fodder,17|PAKISTAN,2040,7,16.0634038583821
fodder,17|PAKISTAN,2040,8,31.1236655283559
fodder,17|PAKISTAN,2040,9,49.8707139700257
fodder,17|PAKISTAN,2040,10,29.6908933384295
fodder,17|PAKISTAN,2040,11,6.07984332131123
fodder,17|PAKISTAN,2050,6,13.011740862154
fodder,17|PAKISTAN,2050,7,16.0634038583821
fodder,17|PAKISTAN,2050,8,31.1236655283559
fodder,17|PAKISTAN,2050,9,49.8707139700257
fodder,17|PAKISTAN,2050,10,29.6908933384295
fodder,17|PAKISTAN,2050,11,6.07984332131123
fodder,17|PAKISTAN,2060,6,13.011740862154
fodder,17|PAKISTAN,2060,7,16.0634038583821
fodder,17|PAKISTAN,2060,8,31.1236655283559
fodder,17|PAKISTAN,2060,9,49.8707139700257
fodder,17|PAKISTAN,2060,10,29.6908933384295
fodder,17|PAKISTAN,2060,11,6.07984332131123
fodder,18|PAKISTAN,2010,6,10.0800330761558
fodder,18|PAKISTAN,2010,7,11.4351887080625
fodder,18|PAKISTAN,2010,8,21.039344614366
fodder,18|PAKISTAN,2010,9,32.750193235515
fodder,18|PAKISTAN,2010,10,16.9073595955819
fodder,18|PAKISTAN,2010,11,2.47761556273649
fodder,18|PAKISTAN,2020,6,10.0800330761558
fodder,18|PAKISTAN,2020,7,11.4351887080625
fodder,18|PAKISTAN,2020,8,21.039344614366
fodder,18|PAKISTAN,2020,9,32.750193235515
fodder,18|PAKISTAN,2020,10,16.9073595955819
fodder,18|PAKISTAN,2020,11,2.47761556273649
fodder,18|PAKISTAN,2030,6,10.0800330761558
fodder,18|PAKISTAN,2030,7,11.4351887080625
fodder,18|PAKISTAN,2030,8,21.039344614366
fodder,18|PAKISTAN,2030,9,32.750193235515
fodder,18|PAKISTAN,2030,10,16.9073595955819
fodder,18|PAKISTAN,2030,11,2.47761556273649
fodder,18|PAKISTAN,2040,6,10.0800330761558
fodder,18|PAKISTAN,2040,7,11.4351887080625
fodder,18|PAKISTAN,2040,8,21.039344614366
fodder,18|PAKISTAN,2040,9,32.750193235515
fodder,18|PAKISTAN,2040,10,16.9073595955819
fodder,18|PAKISTAN,2040,11,2.47761556273649
fodder,18|PAKISTAN,2050,6,10.0800330761558
fodder,18|PAKISTAN,2050,7,11.4351887080625
fodder,18|PAKISTAN,2050,8,21.039344614366
fodder,18|PAKISTAN,2050,9,32.750193235515
fodder,18|PAKISTAN,2050,10,16.9073595955819
fodder,18|PAKISTAN,2050,11,2.47761556273649
fodder,18|PAKISTAN,2060,6,10.0800330761558
fodder,18|PAKISTAN,2060,7,11.4351887080625
fodder,18|PAKISTAN,2060,8,21.039344614366
fodder,18|PAKISTAN,2060,9,32.750193235515
fodder,18|PAKISTAN,2060,10,16.9073595955819
fodder,18|PAKISTAN,2060,11,2.47761556273649
fodder,19|PAKISTAN,2010,6,7.75075852418587
fodder,19|PAKISTAN,2010,7,6.10844600400327
fodder,19|PAKISTAN,2010,8,16.703631077826
fodder,19|PAKISTAN,2010,9,28.708813373843
fodder,19|PAKISTAN,2010,10,14.3701111488552
fodder,19|PAKISTAN,2010,11,2.21759160502419
fodder,19|PAKISTAN,2020,6,7.75075852418587
fodder,19|PAKISTAN,2020,7,6.10844600400327
fodder,19|PAKISTAN,2020,8,16.703631077826
fodder,19|PAKISTAN,2020,9,28.708813373843
fodder,19|PAKISTAN,2020,10,14.3701111488552
fodder,19|PAKISTAN,2020,11,2.21759160502419
fodder,19|PAKISTAN,2030,6,7.75075852418587
fodder,19|PAKISTAN,2030,7,6.10844600400327
fodder,19|PAKISTAN,2030,8,16.703631077826
fodder,19|PAKISTAN,2030,9,28.708813373843
fodder,19|PAKISTAN,2030,10,14.3701111488552
fodder,19|PAKISTAN,2030,11,2.21759160502419
fodder,19|PAKISTAN,2040,6,7.75075852418587
fodder,19|PAKISTAN,2040,7,6.10844600400327
fodder,19|PAKISTAN,2040,8,16.703631077826
fodder,19|PAKISTAN,2040,9,28.708813373843
fodder,19|PAKISTAN,2040,10,14.3701111488552
fodder,19|PAKISTAN,2040,11,2.21759160502419
fodder,19|PAKISTAN,2050,6,7.75075852418587
fodder,19|PAKISTAN,2050,7,6.10844600400327
fodder,19|PAKISTAN,2050,8,16.703631077826
fodder,19|PAKISTAN,2050,9,28.708813373843
fodder,19|PAKISTAN,2050,10,14.3701111488552
fodder,19|PAKISTAN,2050,11,2.21759160502419
fodder,19|PAKISTAN,2060,6,7.75075852418587
fodder,19|PAKISTAN,2060,7,6.10844600400327
fodder,19|PAKISTAN,2060,8,16.703631077826
fodder,19|PAKISTAN,2060,9,28.708813373843
fodder,19|PAKISTAN,2060,10,14.3701111488552
fodder,19|PAKISTAN,2060,11,2.21759160502419
fodder,20|PAKISTAN,2010,6,2.83362512091772
fodder,20|PAKISTAN,2010,7,2.14112992877819
fodder,20|PAKISTAN,2010,8,5.66864565190992
fodder,20|PAKISTAN,2010,9,10.9595819158611
fodder,20|PAKISTAN,2010,10,6.10910901624167
fodder,20|PAKISTAN,2010,11,1.06496828606601
fodder,20|PAKISTAN,2020,6,2.83362512091772
fodder,20|PAKISTAN,2020,7,2.14112992877819
fodder,20|PAKISTAN,2020,8,5.66864565190992
fodder,20|PAKISTAN,2020,9,10.9595819158611
fodder,20|PAKISTAN,2020,10,6.10910901624167
fodder,20|PAKISTAN,2020,11,1.06496828606601
fodder,20|PAKISTAN,2030,6,2.83362512091772
fodder,20|PAKISTAN,2030,7,2.14112992877819
fodder,20|PAKISTAN,2030,8,5.66864565190992
fodder,20|PAKISTAN,2030,9,10.9595819158611
fodder,20|PAKISTAN,2030,10,6.10910901624167
fodder,20|PAKISTAN,2030,11,1.06496828606601
fodder,20|PAKISTAN,2040,6,2.83362512091772
fodder,20|PAKISTAN,2040,7,2.14112992877819
fodder,20|PAKISTAN,2040,8,5.66864565190992
fodder,20|PAKISTAN,2040,9,10.9595819158611
fodder,20|PAKISTAN,2040,10,6.10910901624167
fodder,20|PAKISTAN,2040,11,1.06496828606601
fodder,20|PAKISTAN,2050,6,2.83362512091772
fodder,20|PAKISTAN,2050,7,2.14112992877819
fodder,20|PAKISTAN,2050,8,5.66864565190992
fodder,20|PAKISTAN,2050,9,10.9595819158611
fodder,20|PAKISTAN,2050,10,6.10910901624167
fodder,20|PAKISTAN,2050,11,1.06496828606601
fodder,20|PAKISTAN,2060,6,2.83362512091772
fodder,20|PAKISTAN,2060,7,2.14112992877819
fodder,20|PAKISTAN,2060,8,5.66864565190992
fodder,20|PAKISTAN,2060,9,10.9595819158611
fodder,20|PAKISTAN,2060,10,6.10910901624167
fodder,20|PAKISTAN,2060,11,1.06496828606601
fodder,21|PAKISTAN,2010,6,13.4038830546421
fodder,21|PAKISTAN,2010,7,15.9626177731669
fodder,21|PAKISTAN,2010,8,33.455966634458
fodder,21|PAKISTAN,2010,9,53.1009827923423
fodder,21|PAKISTAN,2010,10,27.4389910758265
fodder,21|PAKISTAN,2010,11,4.92175370948947
fodder,21|PAKISTAN,2020,6,13.4038830546421
fodder,21|PAKISTAN,2020,7,15.9626177731669
fodder,21|PAKISTAN,2020,8,33.455966634458
fodder,21|PAKISTAN,2020,9,53.1009827923423
fodder,21|PAKISTAN,2020,10,27.4389910758265
fodder,21|PAKISTAN,2020,11,4.92175370948947
fodder,21|PAKISTAN,2030,6,13.4038830546421
fodder,21|PAKISTAN,2030,7,15.9626177731669
fodder,21|PAKISTAN,2030,8,33.455966634458
fodder,21|PAKISTAN,2030,9,53.1009827923423
fodder,21|PAKISTAN,2030,10,27.4389910758265
fodder,21|PAKISTAN,2030,11,4.92175370948947
fodder,21|PAKISTAN,2040,6,13.4038830546421
fodder,21|PAKISTAN,2040,7,15.9626177731669
fodder,21|PAKISTAN,2040,8,33.455966634458
fodder,21|PAKISTAN,2040,9,53.1009827923423
fodder,21|PAKISTAN,2040,10,27.4389910758265
fodder,21|PAKISTAN,2040,11,4.92175370948947
fodder,21|PAKISTAN,2050,6,13.4038830546421
fodder,21|PAKISTAN,2050,7,15.9626177731669
fodder,21|PAKISTAN,2050,8,33.455966634458
fodder,21|PAKISTAN,2050,9,53.1009827923423
fodder,21|PAKISTAN,2050,10,27.4389910758265
fodder,21|PAKISTAN,2050,11,4.92175370948947
fodder,21|PAKISTAN,2060,6,13.4038830546421
fodder,21|PAKISTAN,2060,7,15.9626177731669
fodder,21|PAKISTAN,2060,8,33.455966634458
fodder,21|PAKISTAN,2060,9,53.1009827923423
fodder,21|PAKISTAN,2060,10,27.4389910758265
fodder,21|PAKISTAN,2060,11,4.92175370948947
fodder,22|PAKISTAN,2010,6,7.7952003201525
fodder,22|PAKISTAN,2010,7,12.452611184038
fodder,22|PAKISTAN,2010,8,22.0594407960643
fodder,22|PAKISTAN,2010,9,24.1879807561565
fodder,22|PAKISTAN,2010,10,6.09434587543652
fodder,22|PAKISTAN,2010,11,0.75185158365366
fodder,22|PAKISTAN,2020,6,7.7952003201525
fodder,22|PAKISTAN,2020,7,12.452611184038
fodder,22|PAKISTAN,2020,8,22.0594407960643
fodder,22|PAKISTAN,2020,9,24.1879807561565
fodder,22|PAKISTAN,2020,10,6.09434587543652
fodder,22|PAKISTAN,2020,11,0.75185158365366
fodder,22|PAKISTAN,2030,6,7.7952003201525
fodder,22|PAKISTAN,2030,7,12.452611184038
fodder,22|PAKISTAN,2030,8,22.0594407960643
fodder,22|PAKISTAN,2030,9,24.1879807561565
fodder,22|PAKISTAN,2030,10,6.09434587543652
fodder,22|PAKISTAN,2030,11,0.75185158365366
fodder,22|PAKISTAN,2040,6,7.7952003201525
fodder,22|PAKISTAN,2040,7,12.452611184038
fodder,22|PAKISTAN,2040,8,22.0594407960643
fodder,22|PAKISTAN,2040,9,24.1879807561565
fodder,22|PAKISTAN,2040,10,6.09434587543652
fodder,22|PAKISTAN,2040,11,0.75185158365366
fodder,22|PAKISTAN,2050,6,7.7952003201525
fodder,22|PAKISTAN,2050,7,12.452611184038
fodder,22|PAKISTAN,2050,8,22.0594407960643
fodder,22|PAKISTAN,2050,9,24.1879807561565
fodder,22|PAKISTAN,2050,10,6.09434587543652
fodder,22|PAKISTAN,2050,11,0.75185158365366
fodder,22|PAKISTAN,2060,6,7.7952003201525
fodder,22|PAKISTAN,2060,7,12.452611184038
fodder,22|PAKISTAN,2060,8,22.0594407960643
fodder,22|PAKISTAN,2060,9,24.1879807561565
fodder,22|PAKISTAN,2060,10,6.09434587543652
fodder,22|PAKISTAN,2060,11,0.75185158365366
fodder,23|PAKISTAN,2010,6,11.3457435261583
fodder,23|PAKISTAN,2010,7,12.5034265084039
fodder,23|PAKISTAN,2010,8,25.1050749989812
fodder,23|PAKISTAN,2010,9,41.3985937873797
fodder,23|PAKISTAN,2010,10,23.9967686637732
fodder,23|PAKISTAN,2010,11,4.53305141885738
fodder,23|PAKISTAN,2020,6,11.3457435261583
fodder,23|PAKISTAN,2020,7,12.5034265084039
fodder,23|PAKISTAN,2020,8,25.1050749989812
fodder,23|PAKISTAN,2020,9,41.3985937873797
fodder,23|PAKISTAN,2020,10,23.9967686637732
fodder,23|PAKISTAN,2020,11,4.53305141885738
fodder,23|PAKISTAN,2030,6,11.3457435261583
fodder,23|PAKISTAN,2030,7,12.5034265084039
fodder,23|PAKISTAN,2030,8,25.1050749989812
fodder,23|PAKISTAN,2030,9,41.3985937873797
fodder,23|PAKISTAN,2030,10,23.9967686637732
fodder,23|PAKISTAN,2030,11,4.53305141885738
fodder,23|PAKISTAN,2040,6,11.3457435261583
fodder,23|PAKISTAN,2040,7,12.5034265084039
fodder,23|PAKISTAN,2040,8,25.1050749989812
fodder,23|PAKISTAN,2040,9,41.3985937873797
fodder,23|PAKISTAN,2040,10,23.9967686637732
fodder,23|PAKISTAN,2040,11,4.53305141885738
fodder,23|PAKISTAN,2050,6,11.3457435261583
fodder,23|PAKISTAN,2050,7,12.5034265084039
fodder,23|PAKISTAN,2050,8,25.1050749989812
fodder,23|PAKISTAN,2050,9,41.3985937873797
fodder,23|PAKISTAN,2050,10,23.9967686637732
fodder,23|PAKISTAN,2050,11,4.53305141885738
fodder,23|PAKISTAN,2060,6,11.3457435261583
fodder,23|PAKISTAN,2060,7,12.5034265084039
fodder,23|PAKISTAN,2060,8,25.1050749989812
fodder,23|PAKISTAN,2060,9,41.3985937873797
fodder,23|PAKISTAN,2060,10,23.9967686637732
fodder,23|PAKISTAN,2060,11,4.53305141885738
sugarcane,1|AFGHAN_SOUTH,2010,2,3.76992623773583
sugarcane,1|AFGHAN_SOUTH,2010,3,15.7973062759732
sugarcane,1|AFGHAN_SOUTH,2010,4,45.8996189244062
sugarcane,1|AFGHAN_SOUTH,2010,5,63.5174484561012
sugarcane,1|AFGHAN_SOUTH,2010,6,68.2888164826769
sugarcane,1|AFGHAN_SOUTH,2010,7,62.532311528449
sugarcane,1|AFGHAN_SOUTH,2010,8,52.7123202995699
sugarcane,1|AFGHAN_SOUTH,2010,9,39.7724638488495
sugarcane,1|AFGHAN_SOUTH,2010,10,29.5914353206222
sugarcane,1|AFGHAN_SOUTH,2010,11,18.2301470407497
sugarcane,1|AFGHAN_SOUTH,2010,12,7.56585835532412
sugarcane,1|AFGHAN_SOUTH,2020,2,3.76992623773583
sugarcane,1|AFGHAN_SOUTH,2020,3,15.7973062759732
sugarcane,1|AFGHAN_SOUTH,2020,4,45.8996189244062
sugarcane,1|AFGHAN_SOUTH,2020,5,63.5174484561012
sugarcane,1|AFGHAN_SOUTH,2020,6,68.2888164826769
sugarcane,1|AFGHAN_SOUTH,2020,7,62.532311528449
sugarcane,1|AFGHAN_SOUTH,2020,8,52.7123202995699
sugarcane,1|AFGHAN_SOUTH,2020,9,39.7724638488495
sugarcane,1|AFGHAN_SOUTH,2020,10,29.5914353206222
sugarcane,1|AFGHAN_SOUTH,2020,11,18.2301470407497
sugarcane,1|AFGHAN_SOUTH,2020,12,7.56585835532412
sugarcane,1|AFGHAN_SOUTH,2030,2,3.76992623773583
sugarcane,1|AFGHAN_SOUTH,2030,3,15.7973062759732
sugarcane,1|AFGHAN_SOUTH,2030,4,45.8996189244062
sugarcane,1|AFGHAN_SOUTH,2030,5,63.5174484561012
sugarcane,1|AFGHAN_SOUTH,2030,6,68.2888164826769
sugarcane,1|AFGHAN_SOUTH,2030,7,62.532311528449
sugarcane,1|AFGHAN_SOUTH,2030,8,52.7123202995699
sugarcane,1|AFGHAN_SOUTH,2030,9,39.7724638488495
sugarcane,1|AFGHAN_SOUTH,2030,10,29.5914353206222
sugarcane,1|AFGHAN_SOUTH,2030,11,18.2301470407497
sugarcane,1|AFGHAN_SOUTH,2030,12,7.56585835532412
sugarcane,1|AFGHAN_SOUTH,2040,2,3.76992623773583
sugarcane,1|AFGHAN_SOUTH,2040,3,15.7973062759732
sugarcane,1|AFGHAN_SOUTH,2040,4,45.8996189244062
sugarcane,1|AFGHAN_SOUTH,2040,5,63.5174484561012
sugarcane,1|AFGHAN_SOUTH,2040,6,68.2888164826769
sugarcane,1|AFGHAN_SOUTH,2040,7,62.532311528449
sugarcane,1|AFGHAN_SOUTH,2040,8,52.7123202995699
sugarcane,1|AFGHAN_SOUTH,2040,9,39.7724638488495
sugarcane,1|AFGHAN_SOUTH,2040,10,29.5914353206222
sugarcane,1|AFGHAN_SOUTH,2040,11,18.2301470407497
sugarcane,1|AFGHAN_SOUTH,2040,12,7.56585835532412
sugarcane,1|AFGHAN_SOUTH,2050,2,3.76992623773583
sugarcane,1|AFGHAN_SOUTH,2050,3,15.7973062759732
sugarcane,1|AFGHAN_SOUTH,2050,4,45.8996189244062
sugarcane,1|AFGHAN_SOUTH,2050,5,63.5174484561012
sugarcane,1|AFGHAN_SOUTH,2050,6,68.2888164826769
sugarcane,1|AFGHAN_SOUTH,2050,7,62.532311528449
sugarcane,1|AFGHAN_SOUTH,2050,8,52.7123202995699
sugarcane,1|AFGHAN_SOUTH,2050,9,39.7724638488495
sugarcane,1|AFGHAN_SOUTH,2050,10,29.5914353206222
sugarcane,1|AFGHAN_SOUTH,2050,11,18.2301470407497
sugarcane,1|AFGHAN_SOUTH,2050,12,7.56585835532412
sugarcane,1|AFGHAN_SOUTH,2060,2,3.76992623773583
sugarcane,1|AFGHAN_SOUTH,2060,3,15.7973062759732
sugarcane,1|AFGHAN_SOUTH,2060,4,45.8996189244062
sugarcane,1|AFGHAN_SOUTH,2060,5,63.5174484561012
sugarcane,1|AFGHAN_SOUTH,2060,6,68.2888164826769
sugarcane,1|AFGHAN_SOUTH,2060,7,62.532311528449
sugarcane,1|AFGHAN_SOUTH,2060,8,52.7123202995699
sugarcane,1|AFGHAN_SOUTH,2060,9,39.7724638488495
sugarcane,1|AFGHAN_SOUTH,2060,10,29.5914353206222
sugarcane,1|AFGHAN_SOUTH,2060,11,18.2301470407497
sugarcane,1|AFGHAN_SOUTH,2060,12,7.56585835532412
sugarcane,2|AFGHAN_NORTH,2010,2,2.57649914288391
sugarcane,2|AFGHAN_NORTH,2010,3,10.947770078026
sugarcane,2|AFGHAN_NORTH,2010,4,33.7520206935009
sugarcane,2|AFGHAN_NORTH,2010,5,52.0107043794193
sugarcane,2|AFGHAN_NORTH,2010,6,62.0091876009084
sugarcane,2|AFGHAN_NORTH,2010,7,58.3353268547311
sugarcane,2|AFGHAN_NORTH,2010,8,45.9171956088943
sugarcane,2|AFGHAN_NORTH,2010,9,32.2027204313502
sugarcane,2|AFGHAN_NORTH,2010,10,21.597264200128
sugarcane,2|AFGHAN_NORTH,2010,11,11.4001178197709
sugarcane,2|AFGHAN_NORTH,2010,12,4.81446077916345
sugarcane,2|AFGHAN_NORTH,2020,2,2.57649914288391
sugarcane,2|AFGHAN_NORTH,2020,3,10.947770078026
sugarcane,2|AFGHAN_NORTH,2020,4,33.7520206935009
sugarcane,2|AFGHAN_NORTH,2020,5,52.0107043794193
sugarcane,2|AFGHAN_NORTH,2020,6,62.0091876009084
sugarcane,2|AFGHAN_NORTH,2020,7,58.3353268547311
sugarcane,2|AFGHAN_NORTH,2020,8,45.9171956088943
sugarcane,2|AFGHAN_NORTH,2020,9,32.2027204313502
sugarcane,2|AFGHAN_NORTH,2020,10,21.597264200128
sugarcane,2|AFGHAN_NORTH,2020,11,11.4001178197709
sugarcane,2|AFGHAN_NORTH,2020,12,4.81446077916345
sugarcane,2|AFGHAN_NORTH,2030,2,2.57649914288391
sugarcane,2|AFGHAN_NORTH,2030,3,10.947770078026
sugarcane,2|AFGHAN_NORTH,2030,4,33.7520206935009
sugarcane,2|AFGHAN_NORTH,2030,5,52.0107043794193
sugarcane,2|AFGHAN_NORTH,2030,6,62.0091876009084
sugarcane,2|AFGHAN_NORTH,2030,7,58.3353268547311
sugarcane,2|AFGHAN_NORTH,2030,8,45.9171956088943
sugarcane,2|AFGHAN_NORTH,2030,9,32.2027204313502
sugarcane,2|AFGHAN_NORTH,2030,10,21.597264200128
sugarcane,2|AFGHAN_NORTH,2030,11,11.4001178197709
sugarcane,2|AFGHAN_NORTH,2030,12,4.81446077916345
sugarcane,2|AFGHAN_NORTH,2040,2,2.57649914288391
sugarcane,2|AFGHAN_NORTH,2040,3,10.947770078026
sugarcane,2|AFGHAN_NORTH,2040,4,33.7520206935009
sugarcane,2|AFGHAN_NORTH,2040,5,52.0107043794193
sugarcane,2|AFGHAN_NORTH,2040,6,62.0091876009084
sugarcane,2|AFGHAN_NORTH,2040,7,58.3353268547311
sugarcane,2|AFGHAN_NORTH,2040,8,45.9171956088943
sugarcane,2|AFGHAN_NORTH,2040,9,32.2027204313502
sugarcane,2|AFGHAN_NORTH,2040,10,21.597264200128
sugarcane,2|AFGHAN_NORTH,2040,11,11.4001178197709
sugarcane,2|AFGHAN_NORTH,2040,12,4.81446077916345
sugarcane,2|AFGHAN_NORTH,2050,2,2.57649914288391
sugarcane,2|AFGHAN_NORTH,2050,3,10.947770078026
sugarcane,2|AFGHAN_NORTH,2050,4,33.7520206935009
sugarcane,2|AFGHAN_NORTH,2050,5,52.0107043794193
sugarcane,2|AFGHAN_NORTH,2050,6,62.0091876009084
sugarcane,2|AFGHAN_NORTH,2050,7,58.3353268547311
sugarcane,2|AFGHAN_NORTH,2050,8,45.9171956088943
sugarcane,2|AFGHAN_NORTH,2050,9,32.2027204313502
sugarcane,2|AFGHAN_NORTH,2050,10,21.597264200128
sugarcane,2|AFGHAN_NORTH,2050,11,11.4001178197709
sugarcane,2|AFGHAN_NORTH,2050,12,4.81446077916345
sugarcane,2|AFGHAN_NORTH,2060,2,2.57649914288391
sugarcane,2|AFGHAN_NORTH,2060,3,10.947770078026
sugarcane,2|AFGHAN_NORTH,2060,4,33.7520206935009
sugarcane,2|AFGHAN_NORTH,2060,5,52.0107043794193
sugarcane,2|AFGHAN_NORTH,2060,6,62.0091876009084
sugarcane,2|AFGHAN_NORTH,2060,7,58.3353268547311
sugarcane,2|AFGHAN_NORTH,2060,8,45.9171956088943
sugarcane,2|AFGHAN_NORTH,2060,9,32.2027204313502
sugarcane,2|AFGHAN_NORTH,2060,10,21.597264200128
sugarcane,2|AFGHAN_NORTH,2060,11,11.4001178197709
sugarcane,2|AFGHAN_NORTH,2060,12,4.81446077916345
sugarcane,6|INDIA_WEST,2010,2,0.264288125512835
sugarcane,6|INDIA_WEST,2010,3,9.52075631492914
sugarcane,6|INDIA_WEST,2010,4,38.1481009319869
sugarcane,6|INDIA_WEST,2010,5,53.6231947176256
sugarcane,6|INDIA_WEST,2010,6,57.5247517804809
sugarcane,6|INDIA_WEST,2010,7,41.0591969224552
sugarcane,6|INDIA_WEST,2010,8,32.7995119302942
sugarcane,6|INDIA_WEST,2010,9,31.3829746742596
sugarcane,6|INDIA_WEST,2010,10,22.9210545406497
sugarcane,6|INDIA_WEST,2010,11,12.9431443791731
sugarcane,6|INDIA_WEST,2010,12,4.49344262457971
sugarcane,6|INDIA_WEST,2020,2,0.264288125512835
sugarcane,6|INDIA_WEST,2020,3,9.52075631492914
sugarcane,6|INDIA_WEST,2020,4,38.1481009319869
sugarcane,6|INDIA_WEST,2020,5,53.6231947176256
sugarcane,6|INDIA_WEST,2020,6,57.5247517804809
sugarcane,6|INDIA_WEST,2020,7,41.0591969224552
sugarcane,6|INDIA_WEST,2020,8,32.7995119302942
sugarcane,6|INDIA_WEST,2020,9,31.3829746742596
sugarcane,6|INDIA_WEST,2020,10,22.9210545406497
sugarcane,6|INDIA_WEST,2020,11,12.9431443791731
sugarcane,6|INDIA_WEST,2020,12,4.49344262457971
sugarcane,6|INDIA_WEST,2030,2,0.264288125512835
sugarcane,6|INDIA_WEST,2030,3,9.52075631492914
sugarcane,6|INDIA_WEST,2030,4,38.1481009319869
sugarcane,6|INDIA_WEST,2030,5,53.6231947176256
sugarcane,6|INDIA_WEST,2030,6,57.5247517804809
sugarcane,6|INDIA_WEST,2030,7,41.0591969224552
sugarcane,6|INDIA_WEST,2030,8,32.7995119302942
sugarcane,6|INDIA_WEST,2030,9,31.3829746742596
sugarcane,6|INDIA_WEST,2030,10,22.9210545406497
sugarcane,6|INDIA_WEST,2030,11,12.9431443791731
sugarcane,6|INDIA_WEST,2030,12,4.49344262457971
sugarcane,6|INDIA_WEST,2040,2,0.264288125512835
sugarcane,6|INDIA_WEST,2040,3,9.52075631492914
sugarcane,6|INDIA_WEST,2040,4,38.1481009319869
sugarcane,6|INDIA_WEST,2040,5,53.6231947176256
sugarcane,6|INDIA_WEST,2040,6,57.5247517804809
sugarcane,6|INDIA_WEST,2040,7,41.0591969224552
sugarcane,6|INDIA_WEST,2040,8,32.7995119302942
sugarcane,6|INDIA_WEST,2040,9,31.3829746742596
sugarcane,6|INDIA_WEST,2040,10,22.9210545406497
sugarcane,6|INDIA_WEST,2040,11,12.9431443791731
sugarcane,6|INDIA_WEST,2040,12,4.49344262457971
sugarcane,6|INDIA_WEST,2050,2,0.264288125512835
sugarcane,6|INDIA_WEST,2050,3,9.52075631492914
sugarcane,6|INDIA_WEST,2050,4,38.1481009319869
sugarcane,6|INDIA_WEST,2050,5,53.6231947176256
sugarcane,6|INDIA_WEST,2050,6,57.5247517804809
sugarcane,6|INDIA_WEST,2050,7,41.0591969224552
sugarcane,6|INDIA_WEST,2050,8,32.7995119302942
sugarcane,6|INDIA_WEST,2050,9,31.3829746742596
sugarcane,6|INDIA_WEST,2050,10,22.9210545406497
sugarcane,6|INDIA_WEST,2050,11,12.9431443791731
sugarcane,6|INDIA_WEST,2050,12,4.49344262457971
sugarcane,6|INDIA_WEST,2060,2,0.264288125512835
sugarcane,6|INDIA_WEST,2060,3,9.52075631492914
sugarcane,6|INDIA_WEST,2060,4,38.1481009319869
sugarcane,6|INDIA_WEST,2060,5,53.6231947176256
sugarcane,6|INDIA_WEST,2060,6,57.5247517804809
sugarcane,6|INDIA_WEST,2060,7,41.0591969224552
sugarcane,6|INDIA_WEST,2060,8,32.7995119302942
sugarcane,6|INDIA_WEST,2060,9,31.3829746742596
sugarcane,6|INDIA_WEST,2060,10,22.9210545406497
sugarcane,6|INDIA_WEST,2060,11,12.9431443791731
sugarcane,6|INDIA_WEST,2060,12,4.49344262457971
sugarcane,7|INDIA_WEST,2010,2,0.676499605548738
sugarcane,7|INDIA_WEST,2010,3,12.7343849283474
sugarcane,7|INDIA_WEST,2010,4,46.6838328681721
sugarcane,7|INDIA_WEST,2010,5,62.8273740428991
sugarcane,7|INDIA_WEST,2010,6,63.9172736261686
sugarcane,7|INDIA_WEST,2010,7,36.257583129487
sugarcane,7|INDIA_WEST,2010,8,24.952137246042
sugarcane,7|INDIA_WEST,2010,9,31.2846257509923
sugarcane,7|INDIA_WEST,2010,10,26.6263017089393
sugarcane,7|INDIA_WEST,2010,11,15.3022109694254
sugarcane,7|INDIA_WEST,2010,12,5.01533948079828
sugarcane,7|INDIA_WEST,2020,2,0.676499605548738
sugarcane,7|INDIA_WEST,2020,3,12.7343849283474
sugarcane,7|INDIA_WEST,2020,4,46.6838328681721
sugarcane,7|INDIA_WEST,2020,5,62.8273740428991
sugarcane,7|INDIA_WEST,2020,6,63.9172736261686
sugarcane,7|INDIA_WEST,2020,7,36.257583129487
sugarcane,7|INDIA_WEST,2020,8,24.952137246042
sugarcane,7|INDIA_WEST,2020,9,31.2846257509923
sugarcane,7|INDIA_WEST,2020,10,26.6263017089393
sugarcane,7|INDIA_WEST,2020,11,15.3022109694254
sugarcane,7|INDIA_WEST,2020,12,5.01533948079828
sugarcane,7|INDIA_WEST,2030,2,0.676499605548738
sugarcane,7|INDIA_WEST,2030,3,12.7343849283474
sugarcane,7|INDIA_WEST,2030,4,46.6838328681721
sugarcane,7|INDIA_WEST,2030,5,62.8273740428991
sugarcane,7|INDIA_WEST,2030,6,63.9172736261686
sugarcane,7|INDIA_WEST,2030,7,36.257583129487
sugarcane,7|INDIA_WEST,2030,8,24.952137246042
sugarcane,7|INDIA_WEST,2030,9,31.2846257509923
sugarcane,7|INDIA_WEST,2030,10,26.6263017089393
sugarcane,7|INDIA_WEST,2030,11,15.3022109694254
sugarcane,7|INDIA_WEST,2030,12,5.01533948079828
sugarcane,7|INDIA_WEST,2040,2,0.676499605548738
sugarcane,7|INDIA_WEST,2040,3,12.7343849283474
sugarcane,7|INDIA_WEST,2040,4,46.6838328681721
sugarcane,7|INDIA_WEST,2040,5,62.8273740428991
sugarcane,7|INDIA_WEST,2040,6,63.9172736261686
sugarcane,7|INDIA_WEST,2040,7,36.257583129487
sugarcane,7|INDIA_WEST,2040,8,24.952137246042
sugarcane,7|INDIA_WEST,2040,9,31.2846257509923
sugarcane,7|INDIA_WEST,2040,10,26.6263017089393
sugarcane,7|INDIA_WEST,2040,11,15.3022109694254
sugarcane,7|INDIA_WEST,2040,12,5.01533948079828
sugarcane,7|INDIA_WEST,2050,2,0.676499605548738
sugarcane,7|INDIA_WEST,2050,3,12.7343849283474
sugarcane,7|INDIA_WEST,2050,4,46.6838328681721
sugarcane,7|INDIA_WEST,2050,5,62.8273740428991
sugarcane,7|INDIA_WEST,2050,6,63.9172736261686
sugarcane,7|INDIA_WEST,2050,7,36.257583129487
sugarcane,7|INDIA_WEST,2050,8,24.952137246042
sugarcane,7|INDIA_WEST,2050,9,31.2846257509923
sugarcane,7|INDIA_WEST,2050,10,26.6263017089393
sugarcane,7|INDIA_WEST,2050,11,15.3022109694254
sugarcane,7|INDIA_WEST,2050,12,5.01533948079828
sugarcane,7|INDIA_WEST,2060,2,0.676499605548738
sugarcane,7|INDIA_WEST,2060,3,12.7343849283474
sugarcane,7|INDIA_WEST,2060,4,46.6838328681721
sugarcane,7|INDIA_WEST,2060,5,62.8273740428991
sugarcane,7|INDIA_WEST,2060,6,63.9172736261686
sugarcane,7|INDIA_WEST,2060,7,36.257583129487
sugarcane,7|INDIA_WEST,2060,8,24.952137246042
sugarcane,7|INDIA_WEST,2060,9,31.2846257509923
sugarcane,7|INDIA_WEST,2060,10,26.6263017089393
sugarcane,7|INDIA_WEST,2060,11,15.3022109694254
sugarcane,7|INDIA_WEST,2060,12,5.01533948079828
sugarcane,8|INDIA_WEST,2010,2,0.71482863837313
sugarcane,8|INDIA_WEST,2010,3,3.92373425416283
sugarcane,8|INDIA_WEST,2010,4,12.975057600011
sugarcane,8|INDIA_WEST,2010,5,16.729847224045
sugarcane,8|INDIA_WEST,2010,6,16.5052616279101
sugarcane,8|INDIA_WEST,2010,7,9.37680929192157
sugarcane,8|INDIA_WEST,2010,8,7.0173519801276
sugarcane,8|INDIA_WEST,2010,9,7.92640811662098
sugarcane,8|INDIA_WEST,2010,10,6.68025897577385
sugarcane,8|INDIA_WEST,2010,11,3.83240728934438
sugarcane,8|INDIA_WEST,2010,12,1.35737209072686
sugarcane,8|INDIA_WEST,2020,2,0.71482863837313
sugarcane,8|INDIA_WEST,2020,3,3.92373425416283
sugarcane,8|INDIA_WEST,2020,4,12.975057600011
sugarcane,8|INDIA_WEST,2020,5,16.729847224045
sugarcane,8|INDIA_WEST,2020,6,16.5052616279101
sugarcane,8|INDIA_WEST,2020,7,9.37680929192157
sugarcane,8|INDIA_WEST,2020,8,7.0173519801276
sugarcane,8|INDIA_WEST,2020,9,7.92640811662098
sugarcane,8|INDIA_WEST,2020,10,6.68025897577385
sugarcane,8|INDIA_WEST,2020,11,3.83240728934438
sugarcane,8|INDIA_WEST,2020,12,1.35737209072686
sugarcane,8|INDIA_WEST,2030,2,0.71482863837313
sugarcane,8|INDIA_WEST,2030,3,3.92373425416283
sugarcane,8|INDIA_WEST,2030,4,12.975057600011
sugarcane,8|INDIA_WEST,2030,5,16.729847224045
sugarcane,8|INDIA_WEST,2030,6,16.5052616279101
sugarcane,8|INDIA_WEST,2030,7,9.37680929192157
sugarcane,8|INDIA_WEST,2030,8,7.0173519801276
sugarcane,8|INDIA_WEST,2030,9,7.92640811662098
sugarcane,8|INDIA_WEST,2030,10,6.68025897577385
sugarcane,8|INDIA_WEST,2030,11,3.83240728934438
sugarcane,8|INDIA_WEST,2030,12,1.35737209072686
sugarcane,8|INDIA_WEST,2040,2,0.71482863837313
sugarcane,8|INDIA_WEST,2040,3,3.92373425416283
sugarcane,8|INDIA_WEST,2040,4,12.975057600011
sugarcane,8|INDIA_WEST,2040,5,16.729847224045
sugarcane,8|INDIA_WEST,2040,6,16.5052616279101
sugarcane,8|INDIA_WEST,2040,7,9.37680929192157
sugarcane,8|INDIA_WEST,2040,8,7.0173519801276
sugarcane,8|INDIA_WEST,2040,9,7.92640811662098
sugarcane,8|INDIA_WEST,2040,10,6.68025897577385
sugarcane,8|INDIA_WEST,2040,11,3.83240728934438
sugarcane,8|INDIA_WEST,2040,12,1.35737209072686
sugarcane,8|INDIA_WEST,2050,2,0.71482863837313
sugarcane,8|INDIA_WEST,2050,3,3.92373425416283
sugarcane,8|INDIA_WEST,2050,4,12.975057600011
sugarcane,8|INDIA_WEST,2050,5,16.729847224045
sugarcane,8|INDIA_WEST,2050,6,16.5052616279101
sugarcane,8|INDIA_WEST,2050,7,9.37680929192157
sugarcane,8|INDIA_WEST,2050,8,7.0173519801276
sugarcane,8|INDIA_WEST,2050,9,7.92640811662098
sugarcane,8|INDIA_WEST,2050,10,6.68025897577385
sugarcane,8|INDIA_WEST,2050,11,3.83240728934438
sugarcane,8|INDIA_WEST,2050,12,1.35737209072686
sugarcane,8|INDIA_WEST,2060,2,0.71482863837313
sugarcane,8|INDIA_WEST,2060,3,3.92373425416283
sugarcane,8|INDIA_WEST,2060,4,12.975057600011
sugarcane,8|INDIA_WEST,2060,5,16.729847224045
sugarcane,8|INDIA_WEST,2060,6,16.5052616279101
sugarcane,8|INDIA_WEST,2060,7,9.37680929192157
sugarcane,8|INDIA_WEST,2060,8,7.0173519801276
sugarcane,8|INDIA_WEST,2060,9,7.92640811662098
sugarcane,8|INDIA_WEST,2060,10,6.68025897577385
sugarcane,8|INDIA_WEST,2060,11,3.83240728934438
sugarcane,8|INDIA_WEST,2060,12,1.35737209072686
sugarcane,9|INDIA_EAST,2010,2,4.16929932257552
sugarcane,9|INDIA_EAST,2010,3,18.4806559550542
sugarcane,9|INDIA_EAST,2010,4,56.1512057454424
sugarcane,9|INDIA_EAST,2010,5,69.5808131189134
sugarcane,9|INDIA_EAST,2010,6,67.1141394953523
sugarcane,9|INDIA_EAST,2010,7,41.7520852140648
sugarcane,9|INDIA_EAST,2010,8,32.9363804927162
sugarcane,9|INDIA_EAST,2010,9,33.1620806533665
sugarcane,9|INDIA_EAST,2010,10,29.4248924038795
sugarcane,9|INDIA_EAST,2010,11,17.0921420259563
sugarcane,9|INDIA_EAST,2010,12,6.29080429553499
sugarcane,9|INDIA_EAST,2020,2,4.16929932257552
sugarcane,9|INDIA_EAST,2020,3,18.4806559550542
sugarcane,9|INDIA_EAST,2020,4,56.1512057454424
sugarcane,9|INDIA_EAST,2020,5,69.5808131189134
sugarcane,9|INDIA_EAST,2020,6,67.1141394953523
sugarcane,9|INDIA_EAST,2020,7,41.7520852140648
sugarcane,9|INDIA_EAST,2020,8,32.9363804927162
sugarcane,9|INDIA_EAST,2020,9,33.1620806533665
sugarcane,9|INDIA_EAST,2020,10,29.4248924038795
sugarcane,9|INDIA_EAST,2020,11,17.0921420259563
sugarcane,9|INDIA_EAST,2020,12,6.29080429553499
sugarcane,9|INDIA_EAST,2030,2,4.16929932257552
sugarcane,9|INDIA_EAST,2030,3,18.4806559550542
sugarcane,9|INDIA_EAST,2030,4,56.1512057454424
sugarcane,9|INDIA_EAST,2030,5,69.5808131189134
sugarcane,9|INDIA_EAST,2030,6,67.1141394953523
sugarcane,9|INDIA_EAST,2030,7,41.7520852140648
sugarcane,9|INDIA_EAST,2030,8,32.9363804927162
sugarcane,9|INDIA_EAST,2030,9,33.1620806533665
sugarcane,9|INDIA_EAST,2030,10,29.4248924038795
sugarcane,9|INDIA_EAST,2030,11,17.0921420259563
sugarcane,9|INDIA_EAST,2030,12,6.29080429553499
sugarcane,9|INDIA_EAST,2040,2,4.16929932257552
sugarcane,9|INDIA_EAST,2040,3,18.4806559550542
sugarcane,9|INDIA_EAST,2040,4,56.1512057454424
sugarcane,9|INDIA_EAST,2040,5,69.5808131189134
sugarcane,9|INDIA_EAST,2040,6,67.1141394953523
sugarcane,9|INDIA_EAST,2040,7,41.7520852140648
sugarcane,9|INDIA_EAST,2040,8,32.9363804927162
sugarcane,9|INDIA_EAST,2040,9,33.1620806533665
sugarcane,9|INDIA_EAST,2040,10,29.4248924038795
sugarcane,9|INDIA_EAST,2040,11,17.0921420259563
sugarcane,9|INDIA_EAST,2040,12,6.29080429553499
sugarcane,9|INDIA_EAST,2050,2,4.16929932257552
sugarcane,9|INDIA_EAST,2050,3,18.4806559550542
sugarcane,9|INDIA_EAST,2050,4,56.1512057454424
sugarcane,9|INDIA_EAST,2050,5,69.5808131189134
sugarcane,9|INDIA_EAST,2050,6,67.1141394953523
sugarcane,9|INDIA_EAST,2050,7,41.7520852140648
sugarcane,9|INDIA_EAST,2050,8,32.9363804927162
sugarcane,9|INDIA_EAST,2050,9,33.1620806533665
sugarcane,9|INDIA_EAST,2050,10,29.4248924038795
sugarcane,9|INDIA_EAST,2050,11,17.0921420259563
sugarcane,9|INDIA_EAST,2050,12,6.29080429553499
sugarcane,9|INDIA_EAST,2060,2,4.16929932257552
sugarcane,9|INDIA_EAST,2060,3,18.4806559550542
sugarcane,9|INDIA_EAST,2060,4,56.1512057454424
sugarcane,9|INDIA_EAST,2060,5,69.5808131189134
sugarcane,9|INDIA_EAST,2060,6,67.1141394953523
sugarcane,9|INDIA_EAST,2060,7,41.7520852140648
sugarcane,9|INDIA_EAST,2060,8,32.9363804927162
sugarcane,9|INDIA_EAST,2060,9,33.1620806533665
sugarcane,9|INDIA_EAST,2060,10,29.4248924038795
sugarcane,9|INDIA_EAST,2060,11,17.0921420259563
sugarcane,9|INDIA_EAST,2060,12,6.29080429553499
sugarcane,12|PAKISTAN,2010,2,0.828123765094052
sugarcane,12|PAKISTAN,2010,3,4.0346682135574
sugarcane,12|PAKISTAN,2010,4,12.6230272375963
sugarcane,12|PAKISTAN,2010,5,16.8368662879727
sugarcane,12|PAKISTAN,2010,6,17.4490494198963
sugarcane,12|PAKISTAN,2010,7,13.2784830959688
sugarcane,12|PAKISTAN,2010,8,10.584890824654
sugarcane,12|PAKISTAN,2010,9,9.12007909154523
sugarcane,12|PAKISTAN,2010,10,6.62134433944762
sugarcane,12|PAKISTAN,2010,11,3.62366061142342
sugarcane,12|PAKISTAN,2010,12,1.29211085740804
sugarcane,12|PAKISTAN,2020,2,0.828123765094052
sugarcane,12|PAKISTAN,2020,3,4.0346682135574
sugarcane,12|PAKISTAN,2020,4,12.6230272375963
sugarcane,12|PAKISTAN,2020,5,16.8368662879727
sugarcane,12|PAKISTAN,2020,6,17.4490494198963
sugarcane,12|PAKISTAN,2020,7,13.2784830959688
sugarcane,12|PAKISTAN,2020,8,10.584890824654
sugarcane,12|PAKISTAN,2020,9,9.12007909154523
sugarcane,12|PAKISTAN,2020,10,6.62134433944762
sugarcane,12|PAKISTAN,2020,11,3.62366061142342
sugarcane,12|PAKISTAN,2020,12,1.29211085740804
sugarcane,12|PAKISTAN,2030,2,0.828123765094052
sugarcane,12|PAKISTAN,2030,3,4.0346682135574
sugarcane,12|PAKISTAN,2030,4,12.6230272375963
sugarcane,12|PAKISTAN,2030,5,16.8368662879727
sugarcane,12|PAKISTAN,2030,6,17.4490494198963
sugarcane,12|PAKISTAN,2030,7,13.2784830959688
sugarcane,12|PAKISTAN,2030,8,10.584890824654
sugarcane,12|PAKISTAN,2030,9,9.12007909154523
sugarcane,12|PAKISTAN,2030,10,6.62134433944762
sugarcane,12|PAKISTAN,2030,11,3.62366061142342
sugarcane,12|PAKISTAN,2030,12,1.29211085740804
sugarcane,12|PAKISTAN,2040,2,0.828123765094052
sugarcane,12|PAKISTAN,2040,3,4.0346682135574
sugarcane,12|PAKISTAN,2040,4,12.6230272375963
sugarcane,12|PAKISTAN,2040,5,16.8368662879727
sugarcane,12|PAKISTAN,2040,6,17.4490494198963
sugarcane,12|PAKISTAN,2040,7,13.2784830959688
sugarcane,12|PAKISTAN,2040,8,10.584890824654
sugarcane,12|PAKISTAN,2040,9,9.12007909154523
sugarcane,12|PAKISTAN,2040,10,6.62134433944762
sugarcane,12|PAKISTAN,2040,11,3.62366061142342
sugarcane,12|PAKISTAN,2040,12,1.29211085740804
sugarcane,12|PAKISTAN,2050,2,0.828123765094052
sugarcane,12|PAKISTAN,2050,3,4.0346682135574
sugarcane,12|PAKISTAN,2050,4,12.6230272375963
sugarcane,12|PAKISTAN,2050,5,16.8368662879727
sugarcane,12|PAKISTAN,2050,6,17.4490494198963
sugarcane,12|PAKISTAN,2050,7,13.2784830959688
sugarcane,12|PAKISTAN,2050,8,10.584890824654
sugarcane,12|PAKISTAN,2050,9,9.12007909154523
sugarcane,12|PAKISTAN,2050,10,6.62134433944762
sugarcane,12|PAKISTAN,2050,11,3.62366061142342
sugarcane,12|PAKISTAN,2050,12,1.29211085740804
sugarcane,12|PAKISTAN,2060,2,0.828123765094052
sugarcane,12|PAKISTAN,2060,3,4.0346682135574
sugarcane,12|PAKISTAN,2060,4,12.6230272375963
sugarcane,12|PAKISTAN,2060,5,16.8368662879727
sugarcane,12|PAKISTAN,2060,6,17.4490494198963
sugarcane,12|PAKISTAN,2060,7,13.2784830959688
sugarcane,12|PAKISTAN,2060,8,10.584890824654
sugarcane,12|PAKISTAN,2060,9,9.12007909154523
sugarcane,12|PAKISTAN,2060,10,6.62134433944762
sugarcane,12|PAKISTAN,2060,11,3.62366061142342
sugarcane,12|PAKISTAN,2060,12,1.29211085740804
sugarcane,13|PAKISTAN,2010,2,1.14118773376914
sugarcane,13|PAKISTAN,2010,3,4.73713473751315
sugarcane,13|PAKISTAN,2010,4,14.0340863615984
sugarcane,13|PAKISTAN,2010,5,18.1201842319846
sugarcane,13|PAKISTAN,2010,6,18.5887541274907
sugarcane,13|PAKISTAN,2010,7,14.0099062268061
sugarcane,13|PAKISTAN,2010,8,11.2124852060881
sugarcane,13|PAKISTAN,2010,9,9.86184526420965
sugarcane,13|PAKISTAN,2010,10,7.26854427410413
sugarcane,13|PAKISTAN,2010,11,3.9824005997988
sugarcane,13|PAKISTAN,2010,12,1.50519449753373
sugarcane,13|PAKISTAN,2020,2,1.14118773376914
sugarcane,13|PAKISTAN,2020,3,4.73713473751315
sugarcane,13|PAKISTAN,2020,4,14.0340863615984
sugarcane,13|PAKISTAN,2020,5,18.1201842319846
sugarcane,13|PAKISTAN,2020,6,18.5887541274907
sugarcane,13|PAKISTAN,2020,7,14.0099062268061
sugarcane,13|PAKISTAN,2020,8,11.2124852060881
sugarcane,13|PAKISTAN,2020,9,9.86184526420965
sugarcane,13|PAKISTAN,2020,10,7.26854427410413
sugarcane,13|PAKISTAN,2020,11,3.9824005997988
sugarcane,13|PAKISTAN,2020,12,1.50519449753373
sugarcane,13|PAKISTAN,2030,2,1.14118773376914
sugarcane,13|PAKISTAN,2030,3,4.73713473751315
sugarcane,13|PAKISTAN,2030,4,14.0340863615984
sugarcane,13|PAKISTAN,2030,5,18.1201842319846
sugarcane,13|PAKISTAN,2030,6,18.5887541274907
sugarcane,13|PAKISTAN,2030,7,14.0099062268061
sugarcane,13|PAKISTAN,2030,8,11.2124852060881
sugarcane,13|PAKISTAN,2030,9,9.86184526420965
sugarcane,13|PAKISTAN,2030,10,7.26854427410413
sugarcane,13|PAKISTAN,2030,11,3.9824005997988
sugarcane,13|PAKISTAN,2030,12,1.50519449753373
sugarcane,13|PAKISTAN,2040,2,1.14118773376914
sugarcane,13|PAKISTAN,2040,3,4.73713473751315
sugarcane,13|PAKISTAN,2040,4,14.0340863615984
sugarcane,13|PAKISTAN,2040,5,18.1201842319846
sugarcane,13|PAKISTAN,2040,6,18.5887541274907
sugarcane,13|PAKISTAN,2040,7,14.0099062268061
sugarcane,13|PAKISTAN,2040,8,11.2124852060881
sugarcane,13|PAKISTAN,2040,9,9.86184526420965
sugarcane,13|PAKISTAN,2040,10,7.26854427410413
sugarcane,13|PAKISTAN,2040,11,3.9824005997988
sugarcane,13|PAKISTAN,2040,12,1.50519449753373
sugarcane,13|PAKISTAN,2050,2,1.14118773376914
sugarcane,13|PAKISTAN,2050,3,4.73713473751315
sugarcane,13|PAKISTAN,2050,4,14.0340863615984
sugarcane,13|PAKISTAN,2050,5,18.1201842319846
sugarcane,13|PAKISTAN,2050,6,18.5887541274907
sugarcane,13|PAKISTAN,2050,7,14.0099062268061
sugarcane,13|PAKISTAN,2050,8,11.2124852060881
sugarcane,13|PAKISTAN,2050,9,9.86184526420965
sugarcane,13|PAKISTAN,2050,10,7.26854427410413
sugarcane,13|PAKISTAN,2050,11,3.9824005997988
sugarcane,13|PAKISTAN,2050,12,1.50519449753373
sugarcane,13|PAKISTAN,2060,2,1.14118773376914
sugarcane,13|PAKISTAN,2060,3,4.73713473751315
sugarcane,13|PAKISTAN,2060,4,14.0340863615984
sugarcane,13|PAKISTAN,2060,5,18.1201842319846
sugarcane,13|PAKISTAN,2060,6,18.5887541274907
sugarcane,13|PAKISTAN,2060,7,14.0099062268061
sugarcane,13|PAKISTAN,2060,8,11.2124852060881
sugarcane,13|PAKISTAN,2060,9,9.86184526420965
sugarcane,13|PAKISTAN,2060,10,7.26854427410413
sugarcane,13|PAKISTAN,2060,11,3.9824005997988
sugarcane,13|PAKISTAN,2060,12,1.50519449753373
sugarcane,14|PAKISTAN,2010,2,1.71711540259667
sugarcane,14|PAKISTAN,2010,3,5.34750389766508
sugarcane,14|PAKISTAN,2010,4,14.3588807572785
sugarcane,14|PAKISTAN,2010,5,17.8584136747858
sugarcane,14|PAKISTAN,2010,6,19.2724316227858
sugarcane,14|PAKISTAN,2010,7,17.2841331836915
sugarcane,14|PAKISTAN,2010,8,14.7637731408569
sugarcane,14|PAKISTAN,2010,9,11.4260059773908
sugarcane,14|PAKISTAN,2010,10,8.07499038338078
sugarcane,14|PAKISTAN,2010,11,4.60063907145577
sugarcane,14|PAKISTAN,2010,12,1.85974992611247
sugarcane,14|PAKISTAN,2020,2,1.71711540259667
sugarcane,14|PAKISTAN,2020,3,5.34750389766508
sugarcane,14|PAKISTAN,2020,4,14.3588807572785
sugarcane,14|PAKISTAN,2020,5,17.8584136747858
sugarcane,14|PAKISTAN,2020,6,19.2724316227858
sugarcane,14|PAKISTAN,2020,7,17.2841331836915
sugarcane,14|PAKISTAN,2020,8,14.7637731408569
sugarcane,14|PAKISTAN,2020,9,11.4260059773908
sugarcane,14|PAKISTAN,2020,10,8.07499038338078
sugarcane,14|PAKISTAN,2020,11,4.60063907145577
sugarcane,14|PAKISTAN,2020,12,1.85974992611247
sugarcane,14|PAKISTAN,2030,2,1.71711540259667
sugarcane,14|PAKISTAN,2030,3,5.34750389766508
sugarcane,14|PAKISTAN,2030,4,14.3588807572785
sugarcane,14|PAKISTAN,2030,5,17.8584136747858
sugarcane,14|PAKISTAN,2030,6,19.2724316227858
sugarcane,14|PAKISTAN,2030,7,17.2841331836915
sugarcane,14|PAKISTAN,2030,8,14.7637731408569
sugarcane,14|PAKISTAN,2030,9,11.4260059773908
sugarcane,14|PAKISTAN,2030,10,8.07499038338078
sugarcane,14|PAKISTAN,2030,11,4.60063907145577
sugarcane,14|PAKISTAN,2030,12,1.85974992611247
sugarcane,14|PAKISTAN,2040,2,1.71711540259667
sugarcane,14|PAKISTAN,2040,3,5.34750389766508
sugarcane,14|PAKISTAN,2040,4,14.3588807572785
sugarcane,14|PAKISTAN,2040,5,17.8584136747858
sugarcane,14|PAKISTAN,2040,6,19.2724316227858
sugarcane,14|PAKISTAN,2040,7,17.2841331836915
sugarcane,14|PAKISTAN,2040,8,14.7637731408569
sugarcane,14|PAKISTAN,2040,9,11.4260059773908
sugarcane,14|PAKISTAN,2040,10,8.07499038338078
sugarcane,14|PAKISTAN,2040,11,4.60063907145577
sugarcane,14|PAKISTAN,2040,12,1.85974992611247
sugarcane,14|PAKISTAN,2050,2,1.71711540259667
sugarcane,14|PAKISTAN,2050,3,5.34750389766508
sugarcane,14|PAKISTAN,2050,4,14.3588807572785
sugarcane,14|PAKISTAN,2050,5,17.8584136747858
sugarcane,14|PAKISTAN,2050,6,19.2724316227858
sugarcane,14|PAKISTAN,2050,7,17.2841331836915
sugarcane,14|PAKISTAN,2050,8,14.7637731408569
sugarcane,14|PAKISTAN,2050,9,11.4260059773908
sugarcane,14|PAKISTAN,2050,10,8.07499038338078
sugarcane,14|PAKISTAN,2050,11,4.60063907145577
sugarcane,14|PAKISTAN,2050,12,1.85974992611247
sugarcane,14|PAKISTAN,2060,2,1.71711540259667
sugarcane,14|PAKISTAN,2060,3,5.34750389766508
sugarcane,14|PAKISTAN,2060,4,14.3588807572785
sugarcane,14|PAKISTAN,2060,5,17.8584136747858
sugarcane,14|PAKISTAN,2060,6,19.2724316227858
sugarcane,14|PAKISTAN,2060,7,17.2841331836915
sugarcane,14|PAKISTAN,2060,8,14.7637731408569
sugarcane,14|PAKISTAN,2060,9,11.4260059773908
sugarcane,14|PAKISTAN,2060,10,8.07499038338078
sugarcane,14|PAKISTAN,2060,11,4.60063907145577
sugarcane,14|PAKISTAN,2060,12,1.85974992611247
sugarcane,15|PAKISTAN,2010,2,13.1520685751791
sugarcane,15|PAKISTAN,2010,3,37.2507508886882
sugarcane,15|PAKISTAN,2010,4,91.6948458884294
sugarcane,15|PAKISTAN,2010,5,105.435625977454
sugarcane,15|PAKISTAN,2010,6,104.941154472267
sugarcane,15|PAKISTAN,2010,7,96.4805086471641
sugarcane,15|PAKISTAN,2010,8,82.6209862190207
sugarcane,15|PAKISTAN,2010,9,70.0668519812895
sugarcane,15|PAKISTAN,2010,10,53.8626281566996
sugarcane,15|PAKISTAN,2010,11,38.1898272783186
sugarcane,15|PAKISTAN,2010,12,18.3866164294404
sugarcane,15|PAKISTAN,2020,2,13.1520685751791
sugarcane,15|PAKISTAN,2020,3,37.2507508886882
sugarcane,15|PAKISTAN,2020,4,91.6948458884294
sugarcane,15|PAKISTAN,2020,5,105.435625977454
sugarcane,15|PAKISTAN,2020,6,104.941154472267
sugarcane,15|PAKISTAN,2020,7,96.4805086471641
sugarcane,15|PAKISTAN,2020,8,82.6209862190207
sugarcane,15|PAKISTAN,2020,9,70.0668519812895
sugarcane,15|PAKISTAN,2020,10,53.8626281566996
sugarcane,15|PAKISTAN,2020,11,38.1898272783186
sugarcane,15|PAKISTAN,2020,12,18.3866164294404
sugarcane,15|PAKISTAN,2030,2,13.1520685751791
sugarcane,15|PAKISTAN,2030,3,37.2507508886882
sugarcane,15|PAKISTAN,2030,4,91.6948458884294
sugarcane,15|PAKISTAN,2030,5,105.435625977454
sugarcane,15|PAKISTAN,2030,6,104.941154472267
sugarcane,15|PAKISTAN,2030,7,96.4805086471641
sugarcane,15|PAKISTAN,2030,8,82.6209862190207
sugarcane,15|PAKISTAN,2030,9,70.0668519812895
sugarcane,15|PAKISTAN,2030,10,53.8626281566996
sugarcane,15|PAKISTAN,2030,11,38.1898272783186
sugarcane,15|PAKISTAN,2030,12,18.3866164294404
sugarcane,15|PAKISTAN,2040,2,13.1520685751791
sugarcane,15|PAKISTAN,2040,3,37.2507508886882
sugarcane,15|PAKISTAN,2040,4,91.6948458884294
sugarcane,15|PAKISTAN,2040,5,105.435625977454
sugarcane,15|PAKISTAN,2040,6,104.941154472267
sugarcane,15|PAKISTAN,2040,7,96.4805086471641
sugarcane,15|PAKISTAN,2040,8,82.6209862190207
sugarcane,15|PAKISTAN,2040,9,70.0668519812895
sugarcane,15|PAKISTAN,2040,10,53.8626281566996
sugarcane,15|PAKISTAN,2040,11,38.1898272783186
sugarcane,15|PAKISTAN,2040,12,18.3866164294404
sugarcane,15|PAKISTAN,2050,2,13.1520685751791
sugarcane,15|PAKISTAN,2050,3,37.2507508886882
sugarcane,15|PAKISTAN,2050,4,91.6948458884294
sugarcane,15|PAKISTAN,2050,5,105.435625977454
sugarcane,15|PAKISTAN,2050,6,104.941154472267
sugarcane,15|PAKISTAN,2050,7,96.4805086471641
sugarcane,15|PAKISTAN,2050,8,82.6209862190207
sugarcane,15|PAKISTAN,2050,9,70.0668519812895
sugarcane,15|PAKISTAN,2050,10,53.8626281566996
sugarcane,15|PAKISTAN,2050,11,38.1898272783186
sugarcane,15|PAKISTAN,2050,12,18.3866164294404
sugarcane,15|PAKISTAN,2060,2,13.1520685751791
sugarcane,15|PAKISTAN,2060,3,37.2507508886882
sugarcane,15|PAKISTAN,2060,4,91.6948458884294
sugarcane,15|PAKISTAN,2060,5,105.435625977454
sugarcane,15|PAKISTAN,2060,6,104.941154472267
sugarcane,15|PAKISTAN,2060,7,96.4805086471641
sugarcane,15|PAKISTAN,2060,8,82.6209862190207
sugarcane,15|PAKISTAN,2060,9,70.0668519812895
sugarcane,15|PAKISTAN,2060,10,53.8626281566996
sugarcane,15|PAKISTAN,2060,11,38.1898272783186
sugarcane,15|PAKISTAN,2060,12,18.3866164294404
sugarcane,16|PAKISTAN,2010,2,2.09083382010336
sugarcane,16|PAKISTAN,2010,3,6.30965756334063
sugarcane,16|PAKISTAN,2010,4,16.1292127263198
sugarcane,16|PAKISTAN,2010,5,19.5732169010013
sugarcane,16|PAKISTAN,2010,6,21.1287356457332
sugarcane,16|PAKISTAN,2010,7,19.3768602843605
sugarcane,16|PAKISTAN,2010,8,16.3494200154089
sugarcane,16|PAKISTAN,2010,9,12.8657210038346
sugarcane,16|PAKISTAN,2010,10,9.17547775380798
sugarcane,16|PAKISTAN,2010,11,5.82816770071028
sugarcane,16|PAKISTAN,2010,12,2.47300205833153
sugarcane,16|PAKISTAN,2020,2,2.09083382010336
sugarcane,16|PAKISTAN,2020,3,6.30965756334063
sugarcane,16|PAKISTAN,2020,4,16.1292127263198
sugarcane,16|PAKISTAN,2020,5,19.5732169010013
sugarcane,16|PAKISTAN,2020,6,21.1287356457332
sugarcane,16|PAKISTAN,2020,7,19.3768602843605
sugarcane,16|PAKISTAN,2020,8,16.3494200154089
sugarcane,16|PAKISTAN,2020,9,12.8657210038346
sugarcane,16|PAKISTAN,2020,10,9.17547775380798
sugarcane,16|PAKISTAN,2020,11,5.82816770071028
sugarcane,16|PAKISTAN,2020,12,2.47300205833153
sugarcane,16|PAKISTAN,2030,2,2.09083382010336
sugarcane,16|PAKISTAN,2030,3,6.30965756334063
sugarcane,16|PAKISTAN,2030,4,16.1292127263198
sugarcane,16|PAKISTAN,2030,5,19.5732169010013
sugarcane,16|PAKISTAN,2030,6,21.1287356457332
sugarcane,16|PAKISTAN,2030,7,19.3768602843605
sugarcane,16|PAKISTAN,2030,8,16.3494200154089
sugarcane,16|PAKISTAN,2030,9,12.8657210038346
sugarcane,16|PAKISTAN,2030,10,9.17547775380798
sugarcane,16|PAKISTAN,2030,11,5.82816770071028
sugarcane,16|PAKISTAN,2030,12,2.47300205833153
sugarcane,16|PAKISTAN,2040,2,2.09083382010336
sugarcane,16|PAKISTAN,2040,3,6.30965756334063
sugarcane,16|PAKISTAN,2040,4,16.1292127263198
sugarcane,16|PAKISTAN,2040,5,19.5732169010013
sugarcane,16|PAKISTAN,2040,6,21.1287356457332
sugarcane,16|PAKISTAN,2040,7,19.3768602843605
sugarcane,16|PAKISTAN,2040,8,16.3494200154089
sugarcane,16|PAKISTAN,2040,9,12.8657210038346
sugarcane,16|PAKISTAN,2040,10,9.17547775380798
sugarcane,16|PAKISTAN,2040,11,5.82816770071028
sugarcane,16|PAKISTAN,2040,12,2.47300205833153
sugarcane,16|PAKISTAN,2050,2,2.09083382010336
sugarcane,16|PAKISTAN,2050,3,6.30965756334063
sugarcane,16|PAKISTAN,2050,4,16.1292127263198
sugarcane,16|PAKISTAN,2050,5,19.5732169010013
sugarcane,16|PAKISTAN,2050,6,21.1287356457332
sugarcane,16|PAKISTAN,2050,7,19.3768602843605
sugarcane,16|PAKISTAN,2050,8,16.3494200154089
sugarcane,16|PAKISTAN,2050,9,12.8657210038346
sugarcane,16|PAKISTAN,2050,10,9.17547775380798
sugarcane,16|PAKISTAN,2050,11,5.82816770071028
sugarcane,16|PAKISTAN,2050,12,2.47300205833153
sugarcane,16|PAKISTAN,2060,2,2.09083382010336
sugarcane,16|PAKISTAN,2060,3,6.30965756334063
sugarcane,16|PAKISTAN,2060,4,16.1292127263198
sugarcane,16|PAKISTAN,2060,5,19.5732169010013
sugarcane,16|PAKISTAN,2060,6,21.1287356457332
sugarcane,16|PAKISTAN,2060,7,19.3768602843605
sugarcane,16|PAKISTAN,2060,8,16.3494200154089
sugarcane,16|PAKISTAN,2060,9,12.8657210038346
sugarcane,16|PAKISTAN,2060,10,9.17547775380798
sugarcane,16|PAKISTAN,2060,11,5.82816770071028
sugarcane,16|PAKISTAN,2060,12,2.47300205833153
sugarcane,17|PAKISTAN,2010,2,7.65878904088375
sugarcane,17|PAKISTAN,2010,3,23.8783884571944
sugarcane,17|PAKISTAN,2010,4,61.6879769116755
sugarcane,17|PAKISTAN,2010,5,74.5494946750234
sugarcane,17|PAKISTAN,2010,6,76.8464257954877
sugarcane,17|PAKISTAN,2010,7,71.0312593908312
sugarcane,17|PAKISTAN,2010,8,60.073162044568
sugarcane,17|PAKISTAN,2010,9,47.9484551707224
sugarcane,17|PAKISTAN,2010,10,37.6275227671065
sugarcane,17|PAKISTAN,2010,11,24.4591385379764
sugarcane,17|PAKISTAN,2010,12,10.0231202939895
sugarcane,17|PAKISTAN,2020,2,7.65878904088375
sugarcane,17|PAKISTAN,2020,3,23.8783884571944
sugarcane,17|PAKISTAN,2020,4,61.6879769116755
sugarcane,17|PAKISTAN,2020,5,74.5494946750234
sugarcane,17|PAKISTAN,2020,6,76.8464257954877
sugarcane,17|PAKISTAN,2020,7,71.0312593908312
sugarcane,17|PAKISTAN,2020,8,60.073162044568
sugarcane,17|PAKISTAN,2020,9,47.9484551707224
sugarcane,17|PAKISTAN,2020,10,37.6275227671065
sugarcane,17|PAKISTAN,2020,11,24.4591385379764
sugarcane,17|PAKISTAN,2020,12,10.0231202939895
sugarcane,17|PAKISTAN,2030,2,7.65878904088375
sugarcane,17|PAKISTAN,2030,3,23.8783884571944
sugarcane,17|PAKISTAN,2030,4,61.6879769116755
sugarcane,17|PAKISTAN,2030,5,74.5494946750234
sugarcane,17|PAKISTAN,2030,6,76.8464257954877
sugarcane,17|PAKISTAN,2030,7,71.0312593908312
sugarcane,17|PAKISTAN,2030,8,60.073162044568
sugarcane,17|PAKISTAN,2030,9,47.9484551707224
sugarcane,17|PAKISTAN,2030,10,37.6275227671065
sugarcane,17|PAKISTAN,2030,11,24.4591385379764
sugarcane,17|PAKISTAN,2030,12,10.0231202939895
sugarcane,17|PAKISTAN,2040,2,7.65878904088375
sugarcane,17|PAKISTAN,2040,3,23.8783884571944
sugarcane,17|PAKISTAN,2040,4,61.6879769116755
sugarcane,17|PAKISTAN,2040,5,74.5494946750234
sugarcane,17|PAKISTAN,2040,6,76.8464257954877
sugarcane,17|PAKISTAN,2040,7,71.0312593908312
sugarcane,17|PAKISTAN,2040,8,60.073162044568
sugarcane,17|PAKISTAN,2040,9,47.9484551707224
sugarcane,17|PAKISTAN,2040,10,37.6275227671065
sugarcane,17|PAKISTAN,2040,11,24.4591385379764
sugarcane,17|PAKISTAN,2040,12,10.0231202939895
sugarcane,17|PAKISTAN,2050,2,7.65878904088375
sugarcane,17|PAKISTAN,2050,3,23.8783884571944
sugarcane,17|PAKISTAN,2050,4,61.6879769116755
sugarcane,17|PAKISTAN,2050,5,74.5494946750234
sugarcane,17|PAKISTAN,2050,6,76.8464257954877
sugarcane,17|PAKISTAN,2050,7,71.0312593908312
sugarcane,17|PAKISTAN,2050,8,60.073162044568
sugarcane,17|PAKISTAN,2050,9,47.9484551707224
sugarcane,17|PAKISTAN,2050,10,37.6275227671065
sugarcane,17|PAKISTAN,2050,11,24.4591385379764
sugarcane,17|PAKISTAN,2050,12,10.0231202939895
sugarcane,17|PAKISTAN,2060,2,7.65878904088375
sugarcane,17|PAKISTAN,2060,3,23.8783884571944
sugarcane,17|PAKISTAN,2060,4,61.6879769116755
sugarcane,17|PAKISTAN,2060,5,74.5494946750234
sugarcane,17|PAKISTAN,2060,6,76.8464257954877
sugarcane,17|PAKISTAN,2060,7,71.0312593908312
sugarcane,17|PAKISTAN,2060,8,60.073162044568
sugarcane,17|PAKISTAN,2060,9,47.9484551707224
sugarcane,17|PAKISTAN,2060,10,37.6275227671065
sugarcane,17|PAKISTAN,2060,11,24.4591385379764
sugarcane,17|PAKISTAN,2060,12,10.0231202939895
sugarcane,18|PAKISTAN,2010,2,0.255168689268973
sugarcane,18|PAKISTAN,2010,3,2.711209611762
sugarcane,18|PAKISTAN,2010,4,9.67096702674477
sugarcane,18|PAKISTAN,2010,5,14.6482625382995
sugarcane,18|PAKISTAN,2010,6,16.1149302233307
sugarcane,18|PAKISTAN,2010,7,13.4011845034085
sugarcane,18|PAKISTAN,2010,8,10.2485122741362
sugarcane,18|PAKISTAN,2010,9,8.0594664784453
sugarcane,18|PAKISTAN,2010,10,5.91269218124805
sugarcane,18|PAKISTAN,2010,11,3.32065925204585
sugarcane,18|PAKISTAN,2010,12,1.21431132865554
sugarcane,18|PAKISTAN,2020,2,0.255168689268973
sugarcane,18|PAKISTAN,2020,3,2.711209611762
sugarcane,18|PAKISTAN,2020,4,9.67096702674477
sugarcane,18|PAKISTAN,2020,5,14.6482625382995
sugarcane,18|PAKISTAN,2020,6,16.1149302233307
sugarcane,18|PAKISTAN,2020,7,13.4011845034085
sugarcane,18|PAKISTAN,2020,8,10.2485122741362
sugarcane,18|PAKISTAN,2020,9,8.0594664784453
sugarcane,18|PAKISTAN,2020,10,5.91269218124805
sugarcane,18|PAKISTAN,2020,11,3.32065925204585
sugarcane,18|PAKISTAN,2020,12,1.21431132865554
sugarcane,18|PAKISTAN,2030,2,0.255168689268973
sugarcane,18|PAKISTAN,2030,3,2.711209611762
sugarcane,18|PAKISTAN,2030,4,9.67096702674477
sugarcane,18|PAKISTAN,2030,5,14.6482625382995
sugarcane,18|PAKISTAN,2030,6,16.1149302233307
sugarcane,18|PAKISTAN,2030,7,13.4011845034085
sugarcane,18|PAKISTAN,2030,8,10.2485122741362
sugarcane,18|PAKISTAN,2030,9,8.0594664784453
sugarcane,18|PAKISTAN,2030,10,5.91269218124805
sugarcane,18|PAKISTAN,2030,11,3.32065925204585
sugarcane,18|PAKISTAN,2030,12,1.21431132865554
sugarcane,18|PAKISTAN,2040,2,0.255168689268973
sugarcane,18|PAKISTAN,2040,3,2.711209611762
sugarcane,18|PAKISTAN,2040,4,9.67096702674477
sugarcane,18|PAKISTAN,2040,5,14.6482625382995
sugarcane,18|PAKISTAN,2040,6,16.1149302233307
sugarcane,18|PAKISTAN,2040,7,13.4011845034085
sugarcane,18|PAKISTAN,2040,8,10.2485122741362
sugarcane,18|PAKISTAN,2040,9,8.0594664784453
sugarcane,18|PAKISTAN,2040,10,5.91269218124805
sugarcane,18|PAKISTAN,2040,11,3.32065925204585
sugarcane,18|PAKISTAN,2040,12,1.21431132865554
sugarcane,18|PAKISTAN,2050,2,0.255168689268973
sugarcane,18|PAKISTAN,2050,3,2.711209611762
sugarcane,18|PAKISTAN,2050,4,9.67096702674477
sugarcane,18|PAKISTAN,2050,5,14.6482625382995
sugarcane,18|PAKISTAN,2050,6,16.1149302233307
sugarcane,18|PAKISTAN,2050,7,13.4011845034085
sugarcane,18|PAKISTAN,2050,8,10.2485122741362
sugarcane,18|PAKISTAN,2050,9,8.0594664784453
sugarcane,18|PAKISTAN,2050,10,5.91269218124805
sugarcane,18|PAKISTAN,2050,11,3.32065925204585
sugarcane,18|PAKISTAN,2050,12,1.21431132865554
sugarcane,18|PAKISTAN,2060,2,0.255168689268973
sugarcane,18|PAKISTAN,2060,3,2.711209611762
sugarcane,18|PAKISTAN,2060,4,9.67096702674477
sugarcane,18|PAKISTAN,2060,5,14.6482625382995
sugarcane,18|PAKISTAN,2060,6,16.1149302233307
sugarcane,18|PAKISTAN,2060,7,13.4011845034085
sugarcane,18|PAKISTAN,2060,8,10.2485122741362
sugarcane,18|PAKISTAN,2060,9,8.0594664784453
sugarcane,18|PAKISTAN,2060,10,5.91269218124805
sugarcane,18|PAKISTAN,2060,11,3.32065925204585
sugarcane,18|PAKISTAN,2060,12,1.21431132865554
sugarcane,19|PAKISTAN,2010,2,0.0342225284442585
sugarcane,19|PAKISTAN,2010,3,1.96026141743865
sugarcane,19|PAKISTAN,2010,4,9.72244029643245
sugarcane,19|PAKISTAN,2010,5,15.0525473433932
sugarcane,19|PAKISTAN,2010,6,16.2497561406329
sugarcane,19|PAKISTAN,2010,7,11.5938763147038
sugarcane,19|PAKISTAN,2010,8,8.92182378474875
sugarcane,19|PAKISTAN,2010,9,7.95223414505985
sugarcane,19|PAKISTAN,2010,10,6.3347868996662
sugarcane,19|PAKISTAN,2010,11,3.64656181433122
sugarcane,19|PAKISTAN,2010,12,1.11830884761066
sugarcane,19|PAKISTAN,2020,2,0.0342225284442585
sugarcane,19|PAKISTAN,2020,3,1.96026141743865
sugarcane,19|PAKISTAN,2020,4,9.72244029643245
sugarcane,19|PAKISTAN,2020,5,15.0525473433932
sugarcane,19|PAKISTAN,2020,6,16.2497561406329
sugarcane,19|PAKISTAN,2020,7,11.5938763147038
sugarcane,19|PAKISTAN,2020,8,8.92182378474875
sugarcane,19|PAKISTAN,2020,9,7.95223414505985
sugarcane,19|PAKISTAN,2020,10,6.3347868996662
sugarcane,19|PAKISTAN,2020,11,3.64656181433122
sugarcane,19|PAKISTAN,2020,12,1.11830884761066
sugarcane,19|PAKISTAN,2030,2,0.0342225284442585
sugarcane,19|PAKISTAN,2030,3,1.96026141743865
sugarcane,19|PAKISTAN,2030,4,9.72244029643245
sugarcane,19|PAKISTAN,2030,5,15.0525473433932
sugarcane,19|PAKISTAN,2030,6,16.2497561406329
sugarcane,19|PAKISTAN,2030,7,11.5938763147038
sugarcane,19|PAKISTAN,2030,8,8.92182378474875
sugarcane,19|PAKISTAN,2030,9,7.95223414505985
sugarcane,19|PAKISTAN,2030,10,6.3347868996662
sugarcane,19|PAKISTAN,2030,11,3.64656181433122
sugarcane,19|PAKISTAN,2030,12,1.11830884761066
sugarcane,19|PAKISTAN,2040,2,0.0342225284442585
sugarcane,19|PAKISTAN,2040,3,1.96026141743865
sugarcane,19|PAKISTAN,2040,4,9.72244029643245
sugarcane,19|PAKISTAN,2040,5,15.0525473433932
sugarcane,19|PAKISTAN,2040,6,16.2497561406329
sugarcane,19|PAKISTAN,2040,7,11.5938763147038
sugarcane,19|PAKISTAN,2040,8,8.92182378474875
sugarcane,19|PAKISTAN,2040,9,7.95223414505985
sugarcane,19|PAKISTAN,2040,10,6.3347868996662
sugarcane,19|PAKISTAN,2040,11,3.64656181433122
sugarcane,19|PAKISTAN,2040,12,1.11830884761066
sugarcane,19|PAKISTAN,2050,2,0.0342225284442585
sugarcane,19|PAKISTAN,2050,3,1.96026141743865
sugarcane,19|PAKISTAN,2050,4,9.72244029643245
sugarcane,19|PAKISTAN,2050,5,15.0525473433932
sugarcane,19|PAKISTAN,2050,6,16.2497561406329
sugarcane,19|PAKISTAN,2050,7,11.5938763147038
sugarcane,19|PAKISTAN,2050,8,8.92182378474875
sugarcane,19|PAKISTAN,2050,9,7.95223414505985
sugarcane,19|PAKISTAN,2050,10,6.3347868996662
sugarcane,19|PAKISTAN,2050,11,3.64656181433122
sugarcane,19|PAKISTAN,2050,12,1.11830884761066
sugarcane,19|PAKISTAN,2060,2,0.0342225284442585
sugarcane,19|PAKISTAN,2060,3,1.96026141743865
sugarcane,19|PAKISTAN,2060,4,9.72244029643245
sugarcane,19|PAKISTAN,2060,5,15.0525473433932
sugarcane,19|PAKISTAN,2060,6,16.2497561406329
sugarcane,19|PAKISTAN,2060,7,11.5938763147038
sugarcane,19|PAKISTAN,2060,8,8.92182378474875
sugarcane,19|PAKISTAN,2060,9,7.95223414505985
sugarcane,19|PAKISTAN,2060,10,6.3347868996662
sugarcane,19|PAKISTAN,2060,11,3.64656181433122
sugarcane,19|PAKISTAN,2060,12,1.11830884761066
sugarcane,20|PAKISTAN,2010,2,1.36770744888213
sugarcane,20|PAKISTAN,2010,3,5.04127871510385
sugarcane,20|PAKISTAN,2010,4,14.5390076600215
sugarcane,20|PAKISTAN,2010,5,18.1343244210356
sugarcane,20|PAKISTAN,2010,6,18.7320763181016
sugarcane,20|PAKISTAN,2010,7,14.7309768624429
sugarcane,20|PAKISTAN,2010,8,12.1772452371361
sugarcane,20|PAKISTAN,2010,9,10.4637063959859
sugarcane,20|PAKISTAN,2010,10,7.69476528521758
sugarcane,20|PAKISTAN,2010,11,4.22680375620518
sugarcane,20|PAKISTAN,2010,12,1.6065045181574
sugarcane,20|PAKISTAN,2020,2,1.36770744888213
sugarcane,20|PAKISTAN,2020,3,5.04127871510385
sugarcane,20|PAKISTAN,2020,4,14.5390076600215
sugarcane,20|PAKISTAN,2020,5,18.1343244210356
sugarcane,20|PAKISTAN,2020,6,18.7320763181016
sugarcane,20|PAKISTAN,2020,7,14.7309768624429
sugarcane,20|PAKISTAN,2020,8,12.1772452371361
sugarcane,20|PAKISTAN,2020,9,10.4637063959859
sugarcane,20|PAKISTAN,2020,10,7.69476528521758
sugarcane,20|PAKISTAN,2020,11,4.22680375620518
sugarcane,20|PAKISTAN,2020,12,1.6065045181574
sugarcane,20|PAKISTAN,2030,2,1.36770744888213
sugarcane,20|PAKISTAN,2030,3,5.04127871510385
sugarcane,20|PAKISTAN,2030,4,14.5390076600215
sugarcane,20|PAKISTAN,2030,5,18.1343244210356
sugarcane,20|PAKISTAN,2030,6,18.7320763181016
sugarcane,20|PAKISTAN,2030,7,14.7309768624429
sugarcane,20|PAKISTAN,2030,8,12.1772452371361
sugarcane,20|PAKISTAN,2030,9,10.4637063959859
sugarcane,20|PAKISTAN,2030,10,7.69476528521758
sugarcane,20|PAKISTAN,2030,11,4.22680375620518
sugarcane,20|PAKISTAN,2030,12,1.6065045181574
sugarcane,20|PAKISTAN,2040,2,1.36770744888213
sugarcane,20|PAKISTAN,2040,3,5.04127871510385
sugarcane,20|PAKISTAN,2040,4,14.5390076600215
sugarcane,20|PAKISTAN,2040,5,18.1343244210356
sugarcane,20|PAKISTAN,2040,6,18.7320763181016
sugarcane,20|PAKISTAN,2040,7,14.7309768624429
sugarcane,20|PAKISTAN,2040,8,12.1772452371361
sugarcane,20|PAKISTAN,2040,9,10.4637063959859
sugarcane,20|PAKISTAN,2040,10,7.69476528521758
sugarcane,20|PAKISTAN,2040,11,4.22680375620518
sugarcane,20|PAKISTAN,2040,12,1.6065045181574
sugarcane,20|PAKISTAN,2050,2,1.36770744888213
sugarcane,20|PAKISTAN,2050,3,5.04127871510385
sugarcane,20|PAKISTAN,2050,4,14.5390076600215
sugarcane,20|PAKISTAN,2050,5,18.1343244210356
sugarcane,20|PAKISTAN,2050,6,18.7320763181016
sugarcane,20|PAKISTAN,2050,7,14.7309768624429
sugarcane,20|PAKISTAN,2050,8,12.1772452371361
sugarcane,20|PAKISTAN,2050,9,10.4637063959859
sugarcane,20|PAKISTAN,2050,10,7.69476528521758
sugarcane,20|PAKISTAN,2050,11,4.22680375620518
sugarcane,20|PAKISTAN,2050,12,1.6065045181574
sugarcane,20|PAKISTAN,2060,2,1.36770744888213
sugarcane,20|PAKISTAN,2060,3,5.04127871510385
sugarcane,20|PAKISTAN,2060,4,14.5390076600215
sugarcane,20|PAKISTAN,2060,5,18.1343244210356
sugarcane,20|PAKISTAN,2060,6,18.7320763181016
sugarcane,20|PAKISTAN,2060,7,14.7309768624429
sugarcane,20|PAKISTAN,2060,8,12.1772452371361
sugarcane,20|PAKISTAN,2060,9,10.4637063959859
sugarcane,20|PAKISTAN,2060,10,7.69476528521758
sugarcane,20|PAKISTAN,2060,11,4.22680375620518
sugarcane,20|PAKISTAN,2060,12,1.6065045181574
sugarcane,21|PAKISTAN,2010,2,1.76806181040059
sugarcane,21|PAKISTAN,2010,3,5.66976756570873
sugarcane,21|PAKISTAN,2010,4,15.2247397953995
sugarcane,21|PAKISTAN,2010,5,18.6279863238837
sugarcane,21|PAKISTAN,2010,6,20.4441692229196
sugarcane,21|PAKISTAN,2010,7,18.5582907697883
sugarcane,21|PAKISTAN,2010,8,16.1379705277182
sugarcane,21|PAKISTAN,2010,9,12.6902894975285
sugarcane,21|PAKISTAN,2010,10,8.63593652770277
sugarcane,21|PAKISTAN,2010,11,4.87493288005475
sugarcane,21|PAKISTAN,2010,12,1.90234998068006
sugarcane,21|PAKISTAN,2020,2,1.76806181040059
sugarcane,21|PAKISTAN,2020,3,5.66976756570873
sugarcane,21|PAKISTAN,2020,4,15.2247397953995
sugarcane,21|PAKISTAN,2020,5,18.6279863238837
sugarcane,21|PAKISTAN,2020,6,20.4441692229196
sugarcane,21|PAKISTAN,2020,7,18.5582907697883
sugarcane,21|PAKISTAN,2020,8,16.1379705277182
sugarcane,21|PAKISTAN,2020,9,12.6902894975285
sugarcane,21|PAKISTAN,2020,10,8.63593652770277
sugarcane,21|PAKISTAN,2020,11,4.87493288005475
sugarcane,21|PAKISTAN,2020,12,1.90234998068006
sugarcane,21|PAKISTAN,2030,2,1.76806181040059
sugarcane,21|PAKISTAN,2030,3,5.66976756570873
sugarcane,21|PAKISTAN,2030,4,15.2247397953995
sugarcane,21|PAKISTAN,2030,5,18.6279863238837
sugarcane,21|PAKISTAN,2030,6,20.4441692229196
sugarcane,21|PAKISTAN,2030,7,18.5582907697883
sugarcane,21|PAKISTAN,2030,8,16.1379705277182
sugarcane,21|PAKISTAN,2030,9,12.6902894975285
sugarcane,21|PAKISTAN,2030,10,8.63593652770277
sugarcane,21|PAKISTAN,2030,11,4.87493288005475
sugarcane,21|PAKISTAN,2030,12,1.90234998068006
sugarcane,21|PAKISTAN,2040,2,1.76806181040059
sugarcane,21|PAKISTAN,2040,3,5.66976756570873
sugarcane,21|PAKISTAN,2040,4,15.2247397953995
sugarcane,21|PAKISTAN,2040,5,18.6279863238837
sugarcane,21|PAKISTAN,2040,6,20.4441692229196
sugarcane,21|PAKISTAN,2040,7,18.5582907697883
sugarcane,21|PAKISTAN,2040,8,16.1379705277182
sugarcane,21|PAKISTAN,2040,9,12.6902894975285
sugarcane,21|PAKISTAN,2040,10,8.63593652770277
sugarcane,21|PAKISTAN,2040,11,4.87493288005475
sugarcane,21|PAKISTAN,2040,12,1.90234998068006
sugarcane,21|PAKISTAN,2050,2,1.76806181040059
sugarcane,21|PAKISTAN,2050,3,5.66976756570873
sugarcane,21|PAKISTAN,2050,4,15.2247397953995
sugarcane,21|PAKISTAN,2050,5,18.6279863238837
sugarcane,21|PAKISTAN,2050,6,20.4441692229196
sugarcane,21|PAKISTAN,2050,7,18.5582907697883
sugarcane,21|PAKISTAN,2050,8,16.1379705277182
sugarcane,21|PAKISTAN,2050,9,12.6902894975285
sugarcane,21|PAKISTAN,2050,10,8.63593652770277
sugarcane,21|PAKISTAN,2050,11,4.87493288005475
sugarcane,21|PAKISTAN,2050,12,1.90234998068006
sugarcane,21|PAKISTAN,2060,2,1.76806181040059
sugarcane,21|PAKISTAN,2060,3,5.66976756570873
sugarcane,21|PAKISTAN,2060,4,15.2247397953995
sugarcane,21|PAKISTAN,2060,5,18.6279863238837
sugarcane,21|PAKISTAN,2060,6,20.4441692229196
sugarcane,21|PAKISTAN,2060,7,18.5582907697883
sugarcane,21|PAKISTAN,2060,8,16.1379705277182
sugarcane,21|PAKISTAN,2060,9,12.6902894975285
sugarcane,21|PAKISTAN,2060,10,8.63593652770277
sugarcane,21|PAKISTAN,2060,11,4.87493288005475
sugarcane,21|PAKISTAN,2060,12,1.90234998068006
sugarcane,23|PAKISTAN,2010,2,1.22094561925194
sugarcane,23|PAKISTAN,2010,3,4.4054375856091
sugarcane,23|PAKISTAN,2010,4,12.5573003756296
sugarcane,23|PAKISTAN,2010,5,16.696176895197
sugarcane,23|PAKISTAN,2010,6,17.3265453814356
sugarcane,23|PAKISTAN,2010,7,14.4054578679365
sugarcane,23|PAKISTAN,2010,8,11.7613398804318
sugarcane,23|PAKISTAN,2010,9,9.46482817855808
sugarcane,23|PAKISTAN,2010,10,7.27313983224792
sugarcane,23|PAKISTAN,2010,11,4.41391869626027
sugarcane,23|PAKISTAN,2010,12,1.78449380699739
sugarcane,23|PAKISTAN,2020,2,1.22094561925194
sugarcane,23|PAKISTAN,2020,3,4.4054375856091
sugarcane,23|PAKISTAN,2020,4,12.5573003756296
sugarcane,23|PAKISTAN,2020,5,16.696176895197
sugarcane,23|PAKISTAN,2020,6,17.3265453814356
sugarcane,23|PAKISTAN,2020,7,14.4054578679365
sugarcane,23|PAKISTAN,2020,8,11.7613398804318
sugarcane,23|PAKISTAN,2020,9,9.46482817855808
sugarcane,23|PAKISTAN,2020,10,7.27313983224792
sugarcane,23|PAKISTAN,2020,11,4.41391869626027
sugarcane,23|PAKISTAN,2020,12,1.78449380699739
sugarcane,23|PAKISTAN,2030,2,1.22094561925194
sugarcane,23|PAKISTAN,2030,3,4.4054375856091
sugarcane,23|PAKISTAN,2030,4,12.5573003756296
sugarcane,23|PAKISTAN,2030,5,16.696176895197
sugarcane,23|PAKISTAN,2030,6,17.3265453814356
sugarcane,23|PAKISTAN,2030,7,14.4054578679365
sugarcane,23|PAKISTAN,2030,8,11.7613398804318
sugarcane,23|PAKISTAN,2030,9,9.46482817855808
sugarcane,23|PAKISTAN,2030,10,7.27313983224792
sugarcane,23|PAKISTAN,2030,11,4.41391869626027
sugarcane,23|PAKISTAN,2030,12,1.78449380699739
sugarcane,23|PAKISTAN,2040,2,1.22094561925194
sugarcane,23|PAKISTAN,2040,3,4.4054375856091
sugarcane,23|PAKISTAN,2040,4,12.5573003756296
sugarcane,23|PAKISTAN,2040,5,16.696176895197
sugarcane,23|PAKISTAN,2040,6,17.3265453814356
sugarcane,23|PAKISTAN,2040,7,14.4054578679365
sugarcane,23|PAKISTAN,2040,8,11.7613398804318
sugarcane,23|PAKISTAN,2040,9,9.46482817855808
sugarcane,23|PAKISTAN,2040,10,7.27313983224792
sugarcane,23|PAKISTAN,2040,11,4.41391869626027
sugarcane,23|PAKISTAN,2040,12,1.78449380699739
sugarcane,23|PAKISTAN,2050,2,1.22094561925194
sugarcane,23|PAKISTAN,2050,3,4.4054375856091
sugarcane,23|PAKISTAN,2050,4,12.5573003756296
sugarcane,23|PAKISTAN,2050,5,16.696176895197
sugarcane,23|PAKISTAN,2050,6,17.3265453814356
sugarcane,23|PAKISTAN,2050,7,14.4054578679365
sugarcane,23|PAKISTAN,2050,8,11.7613398804318
sugarcane,23|PAKISTAN,2050,9,9.46482817855808
sugarcane,23|PAKISTAN,2050,10,7.27313983224792
sugarcane,23|PAKISTAN,2050,11,4.41391869626027
sugarcane,23|PAKISTAN,2050,12,1.78449380699739
sugarcane,23|PAKISTAN,2060,2,1.22094561925194
sugarcane,23|PAKISTAN,2060,3,4.4054375856091
sugarcane,23|PAKISTAN,2060,4,12.5573003756296
sugarcane,23|PAKISTAN,2060,5,16.696176895197
sugarcane,23|PAKISTAN,2060,6,17.3265453814356
sugarcane,23|PAKISTAN,2060,7,14.4054578679365
sugarcane,23|PAKISTAN,2060,8,11.7613398804318
sugarcane,23|PAKISTAN,2060,9,9.46482817855808
sugarcane,23|PAKISTAN,2060,10,7.27313983224792
sugarcane,23|PAKISTAN,2060,11,4.41391869626027
sugarcane,23|PAKISTAN,2060,12,1.78449380699739
pulses,1|AFGHAN_SOUTH,2010,1,7.89286541203119
pulses,1|AFGHAN_SOUTH,2010,2,15.9985809115327
pulses,1|AFGHAN_SOUTH,2010,3,5.85122117353277
pulses,1|AFGHAN_SOUTH,2010,11,4.9339456011143
pulses,1|AFGHAN_SOUTH,2010,12,4.53780440058428
pulses,1|AFGHAN_SOUTH,2020,1,7.89286541203119
pulses,1|AFGHAN_SOUTH,2020,2,15.9985809115327
pulses,1|AFGHAN_SOUTH,2020,3,5.85122117353277
pulses,1|AFGHAN_SOUTH,2020,11,4.9339456011143
pulses,1|AFGHAN_SOUTH,2020,12,4.53780440058428
pulses,1|AFGHAN_SOUTH,2030,1,7.89286541203119
pulses,1|AFGHAN_SOUTH,2030,2,15.9985809115327
pulses,1|AFGHAN_SOUTH,2030,3,5.85122117353277
pulses,1|AFGHAN_SOUTH,2030,11,4.9339456011143
pulses,1|AFGHAN_SOUTH,2030,12,4.53780440058428
pulses,1|AFGHAN_SOUTH,2040,1,7.89286541203119
pulses,1|AFGHAN_SOUTH,2040,2,15.9985809115327
pulses,1|AFGHAN_SOUTH,2040,3,5.85122117353277
pulses,1|AFGHAN_SOUTH,2040,11,4.9339456011143
pulses,1|AFGHAN_SOUTH,2040,12,4.53780440058428
pulses,1|AFGHAN_SOUTH,2050,1,7.89286541203119
pulses,1|AFGHAN_SOUTH,2050,2,15.9985809115327
pulses,1|AFGHAN_SOUTH,2050,3,5.85122117353277
pulses,1|AFGHAN_SOUTH,2050,11,4.9339456011143
pulses,1|AFGHAN_SOUTH,2050,12,4.53780440058428
pulses,1|AFGHAN_SOUTH,2060,1,7.89286541203119
pulses,1|AFGHAN_SOUTH,2060,2,15.9985809115327
pulses,1|AFGHAN_SOUTH,2060,3,5.85122117353277
pulses,1|AFGHAN_SOUTH,2060,11,4.9339456011143
pulses,1|AFGHAN_SOUTH,2060,12,4.53780440058428
pulses,2|AFGHAN_NORTH,2010,1,3.57201100674035
pulses,2|AFGHAN_NORTH,2010,2,6.94692741656413
pulses,2|AFGHAN_NORTH,2010,3,2.77053549356438
pulses,2|AFGHAN_NORTH,2010,11,2.76893301435504
pulses,2|AFGHAN_NORTH,2010,12,2.46482613407884
pulses,2|AFGHAN_NORTH,2020,1,3.57201100674035
pulses,2|AFGHAN_NORTH,2020,2,6.94692741656413
pulses,2|AFGHAN_NORTH,2020,3,2.77053549356438
pulses,2|AFGHAN_NORTH,2020,11,2.76893301435504
pulses,2|AFGHAN_NORTH,2020,12,2.46482613407884
pulses,2|AFGHAN_NORTH,2030,1,3.57201100674035
pulses,2|AFGHAN_NORTH,2030,2,6.94692741656413
pulses,2|AFGHAN_NORTH,2030,3,2.77053549356438
pulses,2|AFGHAN_NORTH,2030,11,2.76893301435504
pulses,2|AFGHAN_NORTH,2030,12,2.46482613407884
pulses,2|AFGHAN_NORTH,2040,1,3.57201100674035
pulses,2|AFGHAN_NORTH,2040,2,6.94692741656413
pulses,2|AFGHAN_NORTH,2040,3,2.77053549356438
pulses,2|AFGHAN_NORTH,2040,11,2.76893301435504
pulses,2|AFGHAN_NORTH,2040,12,2.46482613407884
pulses,2|AFGHAN_NORTH,2050,1,3.57201100674035
pulses,2|AFGHAN_NORTH,2050,2,6.94692741656413
pulses,2|AFGHAN_NORTH,2050,3,2.77053549356438
pulses,2|AFGHAN_NORTH,2050,11,2.76893301435504
pulses,2|AFGHAN_NORTH,2050,12,2.46482613407884
pulses,2|AFGHAN_NORTH,2060,1,3.57201100674035
pulses,2|AFGHAN_NORTH,2060,2,6.94692741656413
pulses,2|AFGHAN_NORTH,2060,3,2.77053549356438
pulses,2|AFGHAN_NORTH,2060,11,2.76893301435504
pulses,2|AFGHAN_NORTH,2060,12,2.46482613407884
pulses,3|CHINA,2010,11,1.76840777230547
pulses,3|CHINA,2010,12,1.02984480528128
pulses,3|CHINA,2020,11,1.76840777230547
pulses,3|CHINA,2020,12,1.02984480528128
pulses,3|CHINA,2030,11,1.76840777230547
pulses,3|CHINA,2030,12,1.02984480528128
pulses,3|CHINA,2040,11,1.76840777230547
pulses,3|CHINA,2040,12,1.02984480528128
pulses,3|CHINA,2050,11,1.76840777230547
pulses,3|CHINA,2050,12,1.02984480528128
pulses,3|CHINA,2060,11,1.76840777230547
pulses,3|CHINA,2060,12,1.02984480528128
pulses,6|INDIA_WEST,2010,1,1.3104560599798
pulses,6|INDIA_WEST,2010,2,3.30574080103883
pulses,6|INDIA_WEST,2010,3,0.238030674162215
pulses,6|INDIA_WEST,2010,11,2.76723140168649
pulses,6|INDIA_WEST,2010,12,1.61096426151073
pulses,6|INDIA_WEST,2020,1,1.3104560599798
pulses,6|INDIA_WEST,2020,2,3.30574080103883
pulses,6|INDIA_WEST,2020,3,0.238030674162215
pulses,6|INDIA_WEST,2020,11,2.76723140168649
pulses,6|INDIA_WEST,2020,12,1.61096426151073
pulses,6|INDIA_WEST,2030,1,1.3104560599798
pulses,6|INDIA_WEST,2030,2,3.30574080103883
pulses,6|INDIA_WEST,2030,3,0.238030674162215
pulses,6|INDIA_WEST,2030,11,2.76723140168649
pulses,6|INDIA_WEST,2030,12,1.61096426151073
pulses,6|INDIA_WEST,2040,1,1.3104560599798
pulses,6|INDIA_WEST,2040,2,3.30574080103883
pulses,6|INDIA_WEST,2040,3,0.238030674162215
pulses,6|INDIA_WEST,2040,11,2.76723140168649
pulses,6|INDIA_WEST,2040,12,1.61096426151073
pulses,6|INDIA_WEST,2050,1,1.3104560599798
pulses,6|INDIA_WEST,2050,2,3.30574080103883
pulses,6|INDIA_WEST,2050,3,0.238030674162215
pulses,6|INDIA_WEST,2050,11,2.76723140168649
pulses,6|INDIA_WEST,2050,12,1.61096426151073
pulses,6|INDIA_WEST,2060,1,1.3104560599798
pulses,6|INDIA_WEST,2060,2,3.30574080103883
pulses,6|INDIA_WEST,2060,3,0.238030674162215
pulses,6|INDIA_WEST,2060,11,2.76723140168649
pulses,6|INDIA_WEST,2060,12,1.61096426151073
pulses,7|INDIA_WEST,2010,1,4.30953413309314
pulses,7|INDIA_WEST,2010,2,14.0527055030851
pulses,7|INDIA_WEST,2010,3,3.81799166060918
pulses,7|INDIA_WEST,2010,11,7.20314371734231
pulses,7|INDIA_WEST,2010,12,4.19928036723308
pulses,7|INDIA_WEST,2020,1,4.30953413309314
pulses,7|INDIA_WEST,2020,2,14.0527055030851
pulses,7|INDIA_WEST,2020,3,3.81799166060918
pulses,7|INDIA_WEST,2020,11,7.20314371734231
pulses,7|INDIA_WEST,2020,12,4.19928036723308
pulses,7|INDIA_WEST,2030,1,4.30953413309314
pulses,7|INDIA_WEST,2030,2,14.0527055030851
pulses,7|INDIA_WEST,2030,3,3.81799166060918
pulses,7|INDIA_WEST,2030,11,7.20314371734231
pulses,7|INDIA_WEST,2030,12,4.19928036723308
pulses,7|INDIA_WEST,2040,1,4.30953413309314
pulses,7|INDIA_WEST,2040,2,14.0527055030851
pulses,7|INDIA_WEST,2040,3,3.81799166060918
pulses,7|INDIA_WEST,2040,11,7.20314371734231
pulses,7|INDIA_WEST,2040,12,4.19928036723308
pulses,7|INDIA_WEST,2050,1,4.30953413309314
pulses,7|INDIA_WEST,2050,2,14.0527055030851
pulses,7|INDIA_WEST,2050,3,3.81799166060918
pulses,7|INDIA_WEST,2050,11,7.20314371734231
pulses,7|INDIA_WEST,2050,12,4.19928036723308
pulses,7|INDIA_WEST,2060,1,4.30953413309314
pulses,7|INDIA_WEST,2060,2,14.0527055030851
pulses,7|INDIA_WEST,2060,3,3.81799166060918
pulses,7|INDIA_WEST,2060,11,7.20314371734231
pulses,7|INDIA_WEST,2060,12,4.19928036723308
pulses,8|INDIA_WEST,2010,1,4.55029448688237
pulses,8|INDIA_WEST,2010,2,13.392046338496
pulses,8|INDIA_WEST,2010,3,4.7574745172185
pulses,8|INDIA_WEST,2010,11,4.23587429654488
pulses,8|INDIA_WEST,2010,12,3.35337171238325
pulses,8|INDIA_WEST,2020,1,4.55029448688237
pulses,8|INDIA_WEST,2020,2,13.392046338496
pulses,8|INDIA_WEST,2020,3,4.7574745172185
pulses,8|INDIA_WEST,2020,11,4.23587429654488
pulses,8|INDIA_WEST,2020,12,3.35337171238325
pulses,8|INDIA_WEST,2030,1,4.55029448688237
pulses,8|INDIA_WEST,2030,2,13.392046338496
pulses,8|INDIA_WEST,2030,3,4.7574745172185
pulses,8|INDIA_WEST,2030,11,4.23587429654488
pulses,8|INDIA_WEST,2030,12,3.35337171238325
pulses,8|INDIA_WEST,2040,1,4.55029448688237
pulses,8|INDIA_WEST,2040,2,13.392046338496
pulses,8|INDIA_WEST,2040,3,4.7574745172185
pulses,8|INDIA_WEST,2040,11,4.23587429654488
pulses,8|INDIA_WEST,2040,12,3.35337171238325
pulses,8|INDIA_WEST,2050,1,4.55029448688237
pulses,8|INDIA_WEST,2050,2,13.392046338496
pulses,8|INDIA_WEST,2050,3,4.7574745172185
pulses,8|INDIA_WEST,2050,11,4.23587429654488
pulses,8|INDIA_WEST,2050,12,3.35337171238325
pulses,8|INDIA_WEST,2060,1,4.55029448688237
pulses,8|INDIA_WEST,2060,2,13.392046338496
pulses,8|INDIA_WEST,2060,3,4.7574745172185
pulses,8|INDIA_WEST,2060,11,4.23587429654488
pulses,8|INDIA_WEST,2060,12,3.35337171238325
pulses,9|INDIA_EAST,2010,1,7.96489890978204
pulses,9|INDIA_EAST,2010,2,20.2216533985991
pulses,9|INDIA_EAST,2010,3,7.47602784806925
pulses,9|INDIA_EAST,2010,11,4.92908649968081
pulses,9|INDIA_EAST,2010,12,4.58055297096697
pulses,9|INDIA_EAST,2020,1,7.96489890978204
pulses,9|INDIA_EAST,2020,2,20.2216533985991
pulses,9|INDIA_EAST,2020,3,7.47602784806925
pulses,9|INDIA_EAST,2020,11,4.92908649968081
pulses,9|INDIA_EAST,2020,12,4.58055297096697
pulses,9|INDIA_EAST,2030,1,7.96489890978204
pulses,9|INDIA_EAST,2030,2,20.2216533985991
pulses,9|INDIA_EAST,2030,3,7.47602784806925
pulses,9|INDIA_EAST,2030,11,4.92908649968081
pulses,9|INDIA_EAST,2030,12,4.58055297096697
pulses,9|INDIA_EAST,2040,1,7.96489890978204
pulses,9|INDIA_EAST,2040,2,20.2216533985991
pulses,9|INDIA_EAST,2040,3,7.47602784806925
pulses,9|INDIA_EAST,2040,11,4.92908649968081
pulses,9|INDIA_EAST,2040,12,4.58055297096697
pulses,9|INDIA_EAST,2050,1,7.96489890978204
pulses,9|INDIA_EAST,2050,2,20.2216533985991
pulses,9|INDIA_EAST,2050,3,7.47602784806925
pulses,9|INDIA_EAST,2050,11,4.92908649968081
pulses,9|INDIA_EAST,2050,12,4.58055297096697
pulses,9|INDIA_EAST,2060,1,7.96489890978204
pulses,9|INDIA_EAST,2060,2,20.2216533985991
pulses,9|INDIA_EAST,2060,3,7.47602784806925
pulses,9|INDIA_EAST,2060,11,4.92908649968081
pulses,9|INDIA_EAST,2060,12,4.58055297096697
pulses,10|INDIA_WEST,2010,1,0.867247996030165
pulses,10|INDIA_WEST,2010,2,2.15784605205955
pulses,10|INDIA_WEST,2010,3,1.17233554051879
pulses,10|INDIA_WEST,2010,11,0.944119347325746
pulses,10|INDIA_WEST,2010,12,0.648410055213217
pulses,10|INDIA_WEST,2020,1,0.867247996030165
pulses,10|INDIA_WEST,2020,2,2.15784605205955
pulses,10|INDIA_WEST,2020,3,1.17233554051879
pulses,10|INDIA_WEST,2020,11,0.944119347325746
pulses,10|INDIA_WEST,2020,12,0.648410055213217
pulses,10|INDIA_WEST,2030,1,0.867247996030165
pulses,10|INDIA_WEST,2030,2,2.15784605205955
pulses,10|INDIA_WEST,2030,3,1.17233554051879
pulses,10|INDIA_WEST,2030,11,0.944119347325746
pulses,10|INDIA_WEST,2030,12,0.648410055213217
pulses,10|INDIA_WEST,2040,1,0.867247996030165
pulses,10|INDIA_WEST,2040,2,2.15784605205955
pulses,10|INDIA_WEST,2040,3,1.17233554051879
pulses,10|INDIA_WEST,2040,11,0.944119347325746
pulses,10|INDIA_WEST,2040,12,0.648410055213217
pulses,10|INDIA_WEST,2050,1,0.867247996030165
pulses,10|INDIA_WEST,2050,2,2.15784605205955
pulses,10|INDIA_WEST,2050,3,1.17233554051879
pulses,10|INDIA_WEST,2050,11,0.944119347325746
pulses,10|INDIA_WEST,2050,12,0.648410055213217
pulses,10|INDIA_WEST,2060,1,0.867247996030165
pulses,10|INDIA_WEST,2060,2,2.15784605205955
pulses,10|INDIA_WEST,2060,3,1.17233554051879
pulses,10|INDIA_WEST,2060,11,0.944119347325746
pulses,10|INDIA_WEST,2060,12,0.648410055213217
pulses,11|INDIA_WEST,2010,1,0.938874002497351
pulses,11|INDIA_WEST,2010,2,2.55665617022947
pulses,11|INDIA_WEST,2010,3,1.32799565615483
pulses,11|INDIA_WEST,2010,11,1.2840126547222
pulses,11|INDIA_WEST,2010,12,0.810274507528829
pulses,11|INDIA_WEST,2020,1,0.938874002497351
pulses,11|INDIA_WEST,2020,2,2.55665617022947
pulses,11|INDIA_WEST,2020,3,1.32799565615483
pulses,11|INDIA_WEST,2020,11,1.2840126547222
pulses,11|INDIA_WEST,2020,12,0.810274507528829
pulses,11|INDIA_WEST,2030,1,0.938874002497351
pulses,11|INDIA_WEST,2030,2,2.55665617022947
pulses,11|INDIA_WEST,2030,3,1.32799565615483
pulses,11|INDIA_WEST,2030,11,1.2840126547222
pulses,11|INDIA_WEST,2030,12,0.810274507528829
pulses,11|INDIA_WEST,2040,1,0.938874002497351
pulses,11|INDIA_WEST,2040,2,2.55665617022947
pulses,11|INDIA_WEST,2040,3,1.32799565615483
pulses,11|INDIA_WEST,2040,11,1.2840126547222
pulses,11|INDIA_WEST,2040,12,0.810274507528829
pulses,11|INDIA_WEST,2050,1,0.938874002497351
pulses,11|INDIA_WEST,2050,2,2.55665617022947
pulses,11|INDIA_WEST,2050,3,1.32799565615483
pulses,11|INDIA_WEST,2050,11,1.2840126547222
pulses,11|INDIA_WEST,2050,12,0.810274507528829
pulses,11|INDIA_WEST,2060,1,0.938874002497351
pulses,11|INDIA_WEST,2060,2,2.55665617022947
pulses,11|INDIA_WEST,2060,3,1.32799565615483
pulses,11|INDIA_WEST,2060,11,1.2840126547222
pulses,11|INDIA_WEST,2060,12,0.810274507528829
pulses,12|PAKISTAN,2010,1,1.74201504596553
pulses,12|PAKISTAN,2010,2,4.17435805017205
pulses,12|PAKISTAN,2010,3,1.4048735124243
pulses,12|PAKISTAN,2010,11,1.00354464974261
pulses,12|PAKISTAN,2010,12,0.853312323990723
pulses,12|PAKISTAN,2020,1,1.74201504596553
pulses,12|PAKISTAN,2020,2,4.17435805017205
pulses,12|PAKISTAN,2020,3,1.4048735124243
pulses,12|PAKISTAN,2020,11,1.00354464974261
pulses,12|PAKISTAN,2020,12,0.853312323990723
pulses,12|PAKISTAN,2030,1,1.74201504596553
pulses,12|PAKISTAN,2030,2,4.17435805017205
pulses,12|PAKISTAN,2030,3,1.4048735124243
pulses,12|PAKISTAN,2030,11,1.00354464974261
pulses,12|PAKISTAN,2030,12,0.853312323990723
pulses,12|PAKISTAN,2040,1,1.74201504596553
pulses,12|PAKISTAN,2040,2,4.17435805017205
pulses,12|PAKISTAN,2040,3,1.4048735124243
pulses,12|PAKISTAN,2040,11,1.00354464974261
pulses,12|PAKISTAN,2040,12,0.853312323990723
pulses,12|PAKISTAN,2050,1,1.74201504596553
pulses,12|PAKISTAN,2050,2,4.17435805017205
pulses,12|PAKISTAN,2050,3,1.4048735124243
pulses,12|PAKISTAN,2050,11,1.00354464974261
pulses,12|PAKISTAN,2050,12,0.853312323990723
pulses,12|PAKISTAN,2060,1,1.74201504596553
pulses,12|PAKISTAN,2060,2,4.17435805017205
pulses,12|PAKISTAN,2060,3,1.4048735124243
pulses,12|PAKISTAN,2060,11,1.00354464974261
pulses,12|PAKISTAN,2060,12,0.853312323990723
pulses,13|PAKISTAN,2010,1,2.44559547454967
pulses,13|PAKISTAN,2010,2,5.87219810313263
pulses,13|PAKISTAN,2010,3,2.26783011585824
pulses,13|PAKISTAN,2010,11,1.20290677600882
pulses,13|PAKISTAN,2010,12,1.17503600506226
pulses,13|PAKISTAN,2020,1,2.44559547454967
pulses,13|PAKISTAN,2020,2,5.87219810313263
pulses,13|PAKISTAN,2020,3,2.26783011585824
pulses,13|PAKISTAN,2020,11,1.20290677600882
pulses,13|PAKISTAN,2020,12,1.17503600506226
pulses,13|PAKISTAN,2030,1,2.44559547454967
pulses,13|PAKISTAN,2030,2,5.87219810313263
pulses,13|PAKISTAN,2030,3,2.26783011585824
pulses,13|PAKISTAN,2030,11,1.20290677600882
pulses,13|PAKISTAN,2030,12,1.17503600506226
pulses,13|PAKISTAN,2040,1,2.44559547454967
pulses,13|PAKISTAN,2040,2,5.87219810313263
pulses,13|PAKISTAN,2040,3,2.26783011585824
pulses,13|PAKISTAN,2040,11,1.20290677600882
pulses,13|PAKISTAN,2040,12,1.17503600506226
pulses,13|PAKISTAN,2050,1,2.44559547454967
pulses,13|PAKISTAN,2050,2,5.87219810313263
pulses,13|PAKISTAN,2050,3,2.26783011585824
pulses,13|PAKISTAN,2050,11,1.20290677600882
pulses,13|PAKISTAN,2050,12,1.17503600506226
pulses,13|PAKISTAN,2060,1,2.44559547454967
pulses,13|PAKISTAN,2060,2,5.87219810313263
pulses,13|PAKISTAN,2060,3,2.26783011585824
pulses,13|PAKISTAN,2060,11,1.20290677600882
pulses,13|PAKISTAN,2060,12,1.17503600506226
pulses,14|PAKISTAN,2010,1,3.18337096465915
pulses,14|PAKISTAN,2010,2,7.35477784505555
pulses,14|PAKISTAN,2010,3,2.6395030809481
pulses,14|PAKISTAN,2010,11,1.39336903736787
pulses,14|PAKISTAN,2010,12,1.46170849289983
pulses,14|PAKISTAN,2020,1,3.18337096465915
pulses,14|PAKISTAN,2020,2,7.35477784505555
pulses,14|PAKISTAN,2020,3,2.6395030809481
pulses,14|PAKISTAN,2020,11,1.39336903736787
pulses,14|PAKISTAN,2020,12,1.46170849289983
pulses,14|PAKISTAN,2030,1,3.18337096465915
pulses,14|PAKISTAN,2030,2,7.35477784505555
pulses,14|PAKISTAN,2030,3,2.6395030809481
pulses,14|PAKISTAN,2030,11,1.39336903736787
pulses,14|PAKISTAN,2030,12,1.46170849289983
pulses,14|PAKISTAN,2040,1,3.18337096465915
pulses,14|PAKISTAN,2040,2,7.35477784505555
pulses,14|PAKISTAN,2040,3,2.6395030809481
pulses,14|PAKISTAN,2040,11,1.39336903736787
pulses,14|PAKISTAN,2040,12,1.46170849289983
pulses,14|PAKISTAN,2050,1,3.18337096465915
pulses,14|PAKISTAN,2050,2,7.35477784505555
pulses,14|PAKISTAN,2050,3,2.6395030809481
pulses,14|PAKISTAN,2050,11,1.39336903736787
pulses,14|PAKISTAN,2050,12,1.46170849289983
pulses,14|PAKISTAN,2060,1,3.18337096465915
pulses,14|PAKISTAN,2060,2,7.35477784505555
pulses,14|PAKISTAN,2060,3,2.6395030809481
pulses,14|PAKISTAN,2060,11,1.39336903736787
pulses,14|PAKISTAN,2060,12,1.46170849289983
pulses,15|PAKISTAN,2010,1,22.3832009967504
pulses,15|PAKISTAN,2010,2,42.155117099237
pulses,15|PAKISTAN,2010,3,14.1640705454128
pulses,15|PAKISTAN,2010,11,8.80060407493743
pulses,15|PAKISTAN,2010,12,11.034693404139
pulses,15|PAKISTAN,2020,1,22.3832009967504
pulses,15|PAKISTAN,2020,2,42.155117099237
pulses,15|PAKISTAN,2020,3,14.1640705454128
pulses,15|PAKISTAN,2020,11,8.80060407493743
pulses,15|PAKISTAN,2020,12,11.034693404139
pulses,15|PAKISTAN,2030,1,22.3832009967504
pulses,15|PAKISTAN,2030,2,42.155117099237
pulses,15|PAKISTAN,2030,3,14.1640705454128
pulses,15|PAKISTAN,2030,11,8.80060407493743
pulses,15|PAKISTAN,2030,12,11.034693404139
pulses,15|PAKISTAN,2040,1,22.3832009967504
pulses,15|PAKISTAN,2040,2,42.155117099237
pulses,15|PAKISTAN,2040,3,14.1640705454128
pulses,15|PAKISTAN,2040,11,8.80060407493743
pulses,15|PAKISTAN,2040,12,11.034693404139
pulses,15|PAKISTAN,2050,1,22.3832009967504
pulses,15|PAKISTAN,2050,2,42.155117099237
pulses,15|PAKISTAN,2050,3,14.1640705454128
pulses,15|PAKISTAN,2050,11,8.80060407493743
pulses,15|PAKISTAN,2050,12,11.034693404139
pulses,15|PAKISTAN,2060,1,22.3832009967504
pulses,15|PAKISTAN,2060,2,42.155117099237
pulses,15|PAKISTAN,2060,3,14.1640705454128
pulses,15|PAKISTAN,2060,11,8.80060407493743
pulses,15|PAKISTAN,2060,12,11.034693404139
pulses,16|PAKISTAN,2010,1,16.4683570761846
pulses,16|PAKISTAN,2010,2,35.4152462701694
pulses,16|PAKISTAN,2010,3,12.5444095390026
pulses,16|PAKISTAN,2010,11,7.06231325352623
pulses,16|PAKISTAN,2010,12,7.79646614056543
pulses,16|PAKISTAN,2020,1,16.4683570761846
pulses,16|PAKISTAN,2020,2,35.4152462701694
pulses,16|PAKISTAN,2020,3,12.5444095390026
pulses,16|PAKISTAN,2020,11,7.06231325352623
pulses,16|PAKISTAN,2020,12,7.79646614056543
pulses,16|PAKISTAN,2030,1,16.4683570761846
pulses,16|PAKISTAN,2030,2,35.4152462701694
pulses,16|PAKISTAN,2030,3,12.5444095390026
pulses,16|PAKISTAN,2030,11,7.06231325352623
pulses,16|PAKISTAN,2030,12,7.79646614056543
pulses,16|PAKISTAN,2040,1,16.4683570761846
pulses,16|PAKISTAN,2040,2,35.4152462701694
pulses,16|PAKISTAN,2040,3,12.5444095390026
pulses,16|PAKISTAN,2040,11,7.06231325352623
pulses,16|PAKISTAN,2040,12,7.79646614056543
pulses,16|PAKISTAN,2050,1,16.4683570761846
pulses,16|PAKISTAN,2050,2,35.4152462701694
pulses,16|PAKISTAN,2050,3,12.5444095390026
pulses,16|PAKISTAN,2050,11,7.06231325352623
pulses,16|PAKISTAN,2050,12,7.79646614056543
pulses,16|PAKISTAN,2060,1,16.4683570761846
pulses,16|PAKISTAN,2060,2,35.4152462701694
pulses,16|PAKISTAN,2060,3,12.5444095390026
pulses,16|PAKISTAN,2060,11,7.06231325352623
pulses,16|PAKISTAN,2060,12,7.79646614056543
pulses,17|PAKISTAN,2010,1,15.3287676138335
pulses,17|PAKISTAN,2010,2,32.0560824218131
pulses,17|PAKISTAN,2010,3,11.4757990986946
pulses,17|PAKISTAN,2010,10,1.36467587161716e-05
pulses,17|PAKISTAN,2010,11,7.29829752451304
pulses,17|PAKISTAN,2010,12,7.6768886623216
pulses,17|PAKISTAN,2020,1,15.3287676138335
pulses,17|PAKISTAN,2020,2,32.0560824218131
pulses,17|PAKISTAN,2020,3,11.4757990986946
pulses,17|PAKISTAN,2020,10,1.36467587161716e-05
pulses,17|PAKISTAN,2020,11,7.29829752451304
pulses,17|PAKISTAN,2020,12,7.6768886623216
pulses,17|PAKISTAN,2030,1,15.3287676138335
pulses,17|PAKISTAN,2030,2,32.0560824218131
pulses,17|PAKISTAN,2030,3,11.4757990986946
pulses,17|PAKISTAN,2030,10,1.36467587161716e-05
pulses,17|PAKISTAN,2030,11,7.29829752451304
pulses,17|PAKISTAN,2030,12,7.6768886623216
pulses,17|PAKISTAN,2040,1,15.3287676138335
pulses,17|PAKISTAN,2040,2,32.0560824218131
pulses,17|PAKISTAN,2040,3,11.4757990986946
pulses,17|PAKISTAN,2040,10,1.36467587161716e-05
pulses,17|PAKISTAN,2040,11,7.29829752451304
pulses,17|PAKISTAN,2040,12,7.6768886623216
pulses,17|PAKISTAN,2050,1,15.3287676138335
pulses,17|PAKISTAN,2050,2,32.0560824218131
pulses,17|PAKISTAN,2050,3,11.4757990986946
pulses,17|PAKISTAN,2050,10,1.36467587161716e-05
pulses,17|PAKISTAN,2050,11,7.29829752451304
pulses,17|PAKISTAN,2050,12,7.6768886623216
pulses,17|PAKISTAN,2060,1,15.3287676138335
pulses,17|PAKISTAN,2060,2,32.0560824218131
pulses,17|PAKISTAN,2060,3,11.4757990986946
pulses,17|PAKISTAN,2060,10,1.36467587161716e-05
pulses,17|PAKISTAN,2060,11,7.29829752451304
pulses,17|PAKISTAN,2060,12,7.6768886623216
pulses,18|PAKISTAN,2010,1,1.2681213868224
pulses,18|PAKISTAN,2010,2,2.28852237959324
pulses,18|PAKISTAN,2010,3,0.646806510769585
pulses,18|PAKISTAN,2010,11,0.730598980757593
pulses,18|PAKISTAN,2010,12,0.705193150017745
pulses,18|PAKISTAN,2020,1,1.2681213868224
pulses,18|PAKISTAN,2020,2,2.28852237959324
pulses,18|PAKISTAN,2020,3,0.646806510769585
pulses,18|PAKISTAN,2020,11,0.730598980757593
pulses,18|PAKISTAN,2020,12,0.705193150017745
pulses,18|PAKISTAN,2030,1,1.2681213868224
pulses,18|PAKISTAN,2030,2,2.28852237959324
pulses,18|PAKISTAN,2030,3,0.646806510769585
pulses,18|PAKISTAN,2030,11,0.730598980757593
pulses,18|PAKISTAN,2030,12,0.705193150017745
pulses,18|PAKISTAN,2040,1,1.2681213868224
pulses,18|PAKISTAN,2040,2,2.28852237959324
pulses,18|PAKISTAN,2040,3,0.646806510769585
pulses,18|PAKISTAN,2040,11,0.730598980757593
pulses,18|PAKISTAN,2040,12,0.705193150017745
pulses,18|PAKISTAN,2050,1,1.2681213868224
pulses,18|PAKISTAN,2050,2,2.28852237959324
pulses,18|PAKISTAN,2050,3,0.646806510769585
pulses,18|PAKISTAN,2050,11,0.730598980757593
pulses,18|PAKISTAN,2050,12,0.705193150017745
pulses,18|PAKISTAN,2060,1,1.2681213868224
pulses,18|PAKISTAN,2060,2,2.28852237959324
pulses,18|PAKISTAN,2060,3,0.646806510769585
pulses,18|PAKISTAN,2060,11,0.730598980757593
pulses,18|PAKISTAN,2060,12,0.705193150017745
pulses,19|PAKISTAN,2010,1,0.713468485447832
pulses,19|PAKISTAN,2010,2,1.36326084313286
pulses,19|PAKISTAN,2010,3,0.37170465559975
pulses,19|PAKISTAN,2010,11,0.59475820483678
pulses,19|PAKISTAN,2010,12,0.46866041076402
pulses,19|PAKISTAN,2020,1,0.713468485447832
pulses,19|PAKISTAN,2020,2,1.36326084313286
pulses,19|PAKISTAN,2020,3,0.37170465559975
pulses,19|PAKISTAN,2020,11,0.59475820483678
pulses,19|PAKISTAN,2020,12,0.46866041076402
pulses,19|PAKISTAN,2030,1,0.713468485447832
pulses,19|PAKISTAN,2030,2,1.36326084313286
pulses,19|PAKISTAN,2030,3,0.37170465559975
pulses,19|PAKISTAN,2030,11,0.59475820483678
pulses,19|PAKISTAN,2030,12,0.46866041076402
pulses,19|PAKISTAN,2040,1,0.713468485447832
pulses,19|PAKISTAN,2040,2,1.36326084313286
pulses,19|PAKISTAN,2040,3,0.37170465559975
pulses,19|PAKISTAN,2040,11,0.59475820483678
pulses,19|PAKISTAN,2040,12,0.46866041076402
pulses,19|PAKISTAN,2050,1,0.713468485447832
pulses,19|PAKISTAN,2050,2,1.36326084313286
pulses,19|PAKISTAN,2050,3,0.37170465559975
pulses,19|PAKISTAN,2050,11,0.59475820483678
pulses,19|PAKISTAN,2050,12,0.46866041076402
pulses,19|PAKISTAN,2060,1,0.713468485447832
pulses,19|PAKISTAN,2060,2,1.36326084313286
pulses,19|PAKISTAN,2060,3,0.37170465559975
pulses,19|PAKISTAN,2060,11,0.59475820483678
pulses,19|PAKISTAN,2060,12,0.46866041076402
pulses,20|PAKISTAN,2010,1,2.59432098937687
pulses,20|PAKISTAN,2010,2,6.29990908549495
pulses,20|PAKISTAN,2010,3,2.46154933112418
pulses,20|PAKISTAN,2010,11,1.27860581783217
pulses,20|PAKISTAN,2010,12,1.26149599822169
pulses,20|PAKISTAN,2020,1,2.59432098937687
pulses,20|PAKISTAN,2020,2,6.29990908549495
pulses,20|PAKISTAN,2020,3,2.46154933112418
pulses,20|PAKISTAN,2020,11,1.27860581783217
pulses,20|PAKISTAN,2020,12,1.26149599822169
pulses,20|PAKISTAN,2030,1,2.59432098937687
pulses,20|PAKISTAN,2030,2,6.29990908549495
pulses,20|PAKISTAN,2030,3,2.46154933112418
pulses,20|PAKISTAN,2030,11,1.27860581783217
pulses,20|PAKISTAN,2030,12,1.26149599822169
pulses,20|PAKISTAN,2040,1,2.59432098937687
pulses,20|PAKISTAN,2040,2,6.29990908549495
pulses,20|PAKISTAN,2040,3,2.46154933112418
pulses,20|PAKISTAN,2040,11,1.27860581783217
pulses,20|PAKISTAN,2040,12,1.26149599822169
pulses,20|PAKISTAN,2050,1,2.59432098937687
pulses,20|PAKISTAN,2050,2,6.29990908549495
pulses,20|PAKISTAN,2050,3,2.46154933112418
pulses,20|PAKISTAN,2050,11,1.27860581783217
pulses,20|PAKISTAN,2050,12,1.26149599822169
pulses,20|PAKISTAN,2060,1,2.59432098937687
pulses,20|PAKISTAN,2060,2,6.29990908549495
pulses,20|PAKISTAN,2060,3,2.46154933112418
pulses,20|PAKISTAN,2060,11,1.27860581783217
pulses,20|PAKISTAN,2060,12,1.26149599822169
pulses,21|PAKISTAN,2010,1,10.9190529092295
pulses,21|PAKISTAN,2010,2,25.7506037611014
pulses,21|PAKISTAN,2010,3,9.64004892425316
pulses,21|PAKISTAN,2010,11,5.05278152042588
pulses,21|PAKISTAN,2010,12,5.12949922513678
pulses,21|PAKISTAN,2020,1,10.9190529092295
pulses,21|PAKISTAN,2020,2,25.7506037611014
pulses,21|PAKISTAN,2020,3,9.64004892425316
pulses,21|PAKISTAN,2020,11,5.05278152042588
pulses,21|PAKISTAN,2020,12,5.12949922513678
pulses,21|PAKISTAN,2030,1,10.9190529092295
pulses,21|PAKISTAN,2030,2,25.7506037611014
pulses,21|PAKISTAN,2030,3,9.64004892425316
pulses,21|PAKISTAN,2030,11,5.05278152042588
pulses,21|PAKISTAN,2030,12,5.12949922513678
pulses,21|PAKISTAN,2040,1,10.9190529092295
pulses,21|PAKISTAN,2040,2,25.7506037611014
pulses,21|PAKISTAN,2040,3,9.64004892425316
pulses,21|PAKISTAN,2040,11,5.05278152042588
pulses,21|PAKISTAN,2040,12,5.12949922513678
pulses,21|PAKISTAN,2050,1,10.9190529092295
pulses,21|PAKISTAN,2050,2,25.7506037611014
pulses,21|PAKISTAN,2050,3,9.64004892425316
pulses,21|PAKISTAN,2050,11,5.05278152042588
pulses,21|PAKISTAN,2050,12,5.12949922513678
pulses,21|PAKISTAN,2060,1,10.9190529092295
pulses,21|PAKISTAN,2060,2,25.7506037611014
pulses,21|PAKISTAN,2060,3,9.64004892425316
pulses,21|PAKISTAN,2060,11,5.05278152042588
pulses,21|PAKISTAN,2060,12,5.12949922513678
pulses,22|PAKISTAN,2010,1,0.798796499211388
pulses,22|PAKISTAN,2010,2,2.12663938067884
pulses,22|PAKISTAN,2010,3,0.900151043291379
pulses,22|PAKISTAN,2010,11,1.01618066472638
pulses,22|PAKISTAN,2010,12,0.741528118467365
pulses,22|PAKISTAN,2020,1,0.798796499211388
pulses,22|PAKISTAN,2020,2,2.12663938067884
pulses,22|PAKISTAN,2020,3,0.900151043291379
pulses,22|PAKISTAN,2020,11,1.01618066472638
pulses,22|PAKISTAN,2020,12,0.741528118467365
pulses,22|PAKISTAN,2030,1,0.798796499211388
pulses,22|PAKISTAN,2030,2,2.12663938067884
pulses,22|PAKISTAN,2030,3,0.900151043291379
pulses,22|PAKISTAN,2030,11,1.01618066472638
pulses,22|PAKISTAN,2030,12,0.741528118467365
pulses,22|PAKISTAN,2040,1,0.798796499211388
pulses,22|PAKISTAN,2040,2,2.12663938067884
pulses,22|PAKISTAN,2040,3,0.900151043291379
pulses,22|PAKISTAN,2040,11,1.01618066472638
pulses,22|PAKISTAN,2040,12,0.741528118467365
pulses,22|PAKISTAN,2050,1,0.798796499211388
pulses,22|PAKISTAN,2050,2,2.12663938067884
pulses,22|PAKISTAN,2050,3,0.900151043291379
pulses,22|PAKISTAN,2050,11,1.01618066472638
pulses,22|PAKISTAN,2050,12,0.741528118467365
pulses,22|PAKISTAN,2060,1,0.798796499211388
pulses,22|PAKISTAN,2060,2,2.12663938067884
pulses,22|PAKISTAN,2060,3,0.900151043291379
pulses,22|PAKISTAN,2060,11,1.01618066472638
pulses,22|PAKISTAN,2060,12,0.741528118467365
pulses,23|PAKISTAN,2010,1,2.8085278559791
pulses,23|PAKISTAN,2010,2,5.84866128718237
pulses,23|PAKISTAN,2010,3,2.04607745032058
pulses,23|PAKISTAN,2010,11,1.36421451901078
pulses,23|PAKISTAN,2010,12,1.40227088164197
pulses,23|PAKISTAN,2020,1,2.8085278559791
pulses,23|PAKISTAN,2020,2,5.84866128718237
pulses,23|PAKISTAN,2020,3,2.04607745032058
pulses,23|PAKISTAN,2020,11,1.36421451901078
pulses,23|PAKISTAN,2020,12,1.40227088164197
pulses,23|PAKISTAN,2030,1,2.8085278559791
pulses,23|PAKISTAN,2030,2,5.84866128718237
pulses,23|PAKISTAN,2030,3,2.04607745032058
pulses,23|PAKISTAN,2030,11,1.36421451901078
pulses,23|PAKISTAN,2030,12,1.40227088164197
pulses,23|PAKISTAN,2040,1,2.8085278559791
pulses,23|PAKISTAN,2040,2,5.84866128718237
pulses,23|PAKISTAN,2040,3,2.04607745032058
pulses,23|PAKISTAN,2040,11,1.36421451901078
pulses,23|PAKISTAN,2040,12,1.40227088164197
pulses,23|PAKISTAN,2050,1,2.8085278559791
pulses,23|PAKISTAN,2050,2,5.84866128718237
pulses,23|PAKISTAN,2050,3,2.04607745032058
pulses,23|PAKISTAN,2050,11,1.36421451901078
pulses,23|PAKISTAN,2050,12,1.40227088164197
pulses,23|PAKISTAN,2060,1,2.8085278559791
pulses,23|PAKISTAN,2060,2,5.84866128718237
pulses,23|PAKISTAN,2060,3,2.04607745032058
pulses,23|PAKISTAN,2060,11,1.36421451901078
pulses,23|PAKISTAN,2060,12,1.40227088164197
maize,1|AFGHAN_SOUTH,2010,7,7.22210019502981
maize,1|AFGHAN_SOUTH,2010,8,26.7081841971592
maize,1|AFGHAN_SOUTH,2010,9,30.8803049294711
maize,1|AFGHAN_SOUTH,2010,10,20.6851716349765
maize,1|AFGHAN_SOUTH,2010,11,5.86600107844264
maize,1|AFGHAN_SOUTH,2020,7,7.22210019502981
maize,1|AFGHAN_SOUTH,2020,8,26.7081841971592
maize,1|AFGHAN_SOUTH,2020,9,30.8803049294711
maize,1|AFGHAN_SOUTH,2020,10,20.6851716349765
maize,1|AFGHAN_SOUTH,2020,11,5.86600107844264
maize,1|AFGHAN_SOUTH,2030,7,7.22210019502981
maize,1|AFGHAN_SOUTH,2030,8,26.7081841971592
maize,1|AFGHAN_SOUTH,2030,9,30.8803049294711
maize,1|AFGHAN_SOUTH,2030,10,20.6851716349765
maize,1|AFGHAN_SOUTH,2030,11,5.86600107844264
maize,1|AFGHAN_SOUTH,2040,7,7.22210019502981
maize,1|AFGHAN_SOUTH,2040,8,26.7081841971592
maize,1|AFGHAN_SOUTH,2040,9,30.8803049294711
maize,1|AFGHAN_SOUTH,2040,10,20.6851716349765
maize,1|AFGHAN_SOUTH,2040,11,5.86600107844264
maize,1|AFGHAN_SOUTH,2050,7,7.22210019502981
maize,1|AFGHAN_SOUTH,2050,8,26.7081841971592
maize,1|AFGHAN_SOUTH,2050,9,30.8803049294711
maize,1|AFGHAN_SOUTH,2050,10,20.6851716349765
maize,1|AFGHAN_SOUTH,2050,11,5.86600107844264
maize,1|AFGHAN_SOUTH,2060,7,7.22210019502981
maize,1|AFGHAN_SOUTH,2060,8,26.7081841971592
maize,1|AFGHAN_SOUTH,2060,9,30.8803049294711
maize,1|AFGHAN_SOUTH,2060,10,20.6851716349765
maize,1|AFGHAN_SOUTH,2060,11,5.86600107844264
maize,2|AFGHAN_NORTH,2010,7,7.50433578157516
maize,2|AFGHAN_NORTH,2010,8,26.2780616726761
maize,2|AFGHAN_NORTH,2010,9,27.5531927804769
maize,2|AFGHAN_NORTH,2010,10,15.3394806075165
maize,2|AFGHAN_NORTH,2010,11,3.451149044735
maize,2|AFGHAN_NORTH,2020,7,7.50433578157516
maize,2|AFGHAN_NORTH,2020,8,26.2780616726761
maize,2|AFGHAN_NORTH,2020,9,27.5531927804769
maize,2|AFGHAN_NORTH,2020,10,15.3394806075165
maize,2|AFGHAN_NORTH,2020,11,3.451149044735
maize,2|AFGHAN_NORTH,2030,7,7.50433578157516
maize,2|AFGHAN_NORTH,2030,8,26.2780616726761
maize,2|AFGHAN_NORTH,2030,9,27.5531927804769
maize,2|AFGHAN_NORTH,2030,10,15.3394806075165
maize,2|AFGHAN_NORTH,2030,11,3.451149044735
maize,2|AFGHAN_NORTH,2040,7,7.50433578157516
maize,2|AFGHAN_NORTH,2040,8,26.2780616726761
maize,2|AFGHAN_NORTH,2040,9,27.5531927804769
maize,2|AFGHAN_NORTH,2040,10,15.3394806075165
maize,2|AFGHAN_NORTH,2040,11,3.451149044735
maize,2|AFGHAN_NORTH,2050,7,7.50433578157516
maize,2|AFGHAN_NORTH,2050,8,26.2780616726761
maize,2|AFGHAN_NORTH,2050,9,27.5531927804769
maize,2|AFGHAN_NORTH,2050,10,15.3394806075165
maize,2|AFGHAN_NORTH,2050,11,3.451149044735
maize,2|AFGHAN_NORTH,2060,7,7.50433578157516
maize,2|AFGHAN_NORTH,2060,8,26.2780616726761
maize,2|AFGHAN_NORTH,2060,9,27.5531927804769
maize,2|AFGHAN_NORTH,2060,10,15.3394806075165
maize,2|AFGHAN_NORTH,2060,11,3.451149044735
maize,6|INDIA_WEST,2010,7,3.18349174051381
maize,6|INDIA_WEST,2010,8,17.6702075350926
maize,6|INDIA_WEST,2010,9,22.7438454159437
maize,6|INDIA_WEST,2010,10,14.1041772743076
maize,6|INDIA_WEST,2010,11,3.4319870110593
maize,6|INDIA_WEST,2020,7,3.18349174051381
maize,6|INDIA_WEST,2020,8,17.6702075350926
maize,6|INDIA_WEST,2020,9,22.7438454159437
maize,6|INDIA_WEST,2020,10,14.1041772743076
maize,6|INDIA_WEST,2020,11,3.4319870110593
maize,6|INDIA_WEST,2030,7,3.18349174051381
maize,6|INDIA_WEST,2030,8,17.6702075350926
maize,6|INDIA_WEST,2030,9,22.7438454159437
maize,6|INDIA_WEST,2030,10,14.1041772743076
maize,6|INDIA_WEST,2030,11,3.4319870110593
maize,6|INDIA_WEST,2040,7,3.18349174051381
maize,6|INDIA_WEST,2040,8,17.6702075350926
maize,6|INDIA_WEST,2040,9,22.7438454159437
maize,6|INDIA_WEST,2040,10,14.1041772743076
maize,6|INDIA_WEST,2040,11,3.4319870110593
maize,6|INDIA_WEST,2050,7,3.18349174051381
maize,6|INDIA_WEST,2050,8,17.6702075350926
maize,6|INDIA_WEST,2050,9,22.7438454159437
maize,6|INDIA_WEST,2050,10,14.1041772743076
maize,6|INDIA_WEST,2050,11,3.4319870110593
maize,6|INDIA_WEST,2060,7,3.18349174051381
maize,6|INDIA_WEST,2060,8,17.6702075350926
maize,6|INDIA_WEST,2060,9,22.7438454159437
maize,6|INDIA_WEST,2060,10,14.1041772743076
maize,6|INDIA_WEST,2060,11,3.4319870110593
maize,7|INDIA_WEST,2010,7,0.891692029073381
maize,7|INDIA_WEST,2010,8,17.1435029219133
maize,7|INDIA_WEST,2010,9,43.9616370406947
maize,7|INDIA_WEST,2010,10,33.3326180220762
maize,7|INDIA_WEST,2010,11,8.90734600866277
maize,7|INDIA_WEST,2020,7,0.891692029073381
maize,7|INDIA_WEST,2020,8,17.1435029219133
maize,7|INDIA_WEST,2020,9,43.9616370406947
maize,7|INDIA_WEST,2020,10,33.3326180220762
maize,7|INDIA_WEST,2020,11,8.90734600866277
maize,7|INDIA_WEST,2030,7,0.891692029073381
maize,7|INDIA_WEST,2030,8,17.1435029219133
maize,7|INDIA_WEST,2030,9,43.9616370406947
maize,7|INDIA_WEST,2030,10,33.3326180220762
maize,7|INDIA_WEST,2030,11,8.90734600866277
maize,7|INDIA_WEST,2040,7,0.891692029073381
maize,7|INDIA_WEST,2040,8,17.1435029219133
maize,7|INDIA_WEST,2040,9,43.9616370406947
maize,7|INDIA_WEST,2040,10,33.3326180220762
maize,7|INDIA_WEST,2040,11,8.90734600866277
maize,7|INDIA_WEST,2050,7,0.891692029073381
maize,7|INDIA_WEST,2050,8,17.1435029219133
maize,7|INDIA_WEST,2050,9,43.9616370406947
maize,7|INDIA_WEST,2050,10,33.3326180220762
maize,7|INDIA_WEST,2050,11,8.90734600866277
maize,7|INDIA_WEST,2060,7,0.891692029073381
maize,7|INDIA_WEST,2060,8,17.1435029219133
maize,7|INDIA_WEST,2060,9,43.9616370406947
maize,7|INDIA_WEST,2060,10,33.3326180220762
maize,7|INDIA_WEST,2060,11,8.90734600866277
maize,8|INDIA_WEST,2010,8,6.38655453584419
maize,8|INDIA_WEST,2010,9,21.2059753170478
maize,8|INDIA_WEST,2010,10,17.6814621130776
maize,8|INDIA_WEST,2010,11,5.04919642635485
maize,8|INDIA_WEST,2020,8,6.38655453584419
maize,8|INDIA_WEST,2020,9,21.2059753170478
maize,8|INDIA_WEST,2020,10,17.6814621130776
maize,8|INDIA_WEST,2020,11,5.04919642635485
maize,8|INDIA_WEST,2030,8,6.38655453584419
maize,8|INDIA_WEST,2030,9,21.2059753170478
maize,8|INDIA_WEST,2030,10,17.6814621130776
maize,8|INDIA_WEST,2030,11,5.04919642635485
maize,8|INDIA_WEST,2040,8,6.38655453584419
maize,8|INDIA_WEST,2040,9,21.2059753170478
maize,8|INDIA_WEST,2040,10,17.6814621130776
maize,8|INDIA_WEST,2040,11,5.04919642635485
maize,8|INDIA_WEST,2050,8,6.38655453584419
maize,8|INDIA_WEST,2050,9,21.2059753170478
maize,8|INDIA_WEST,2050,10,17.6814621130776
maize,8|INDIA_WEST,2050,11,5.04919642635485
maize,8|INDIA_WEST,2060,8,6.38655453584419
maize,8|INDIA_WEST,2060,9,21.2059753170478
maize,8|INDIA_WEST,2060,10,17.6814621130776
maize,8|INDIA_WEST,2060,11,5.04919642635485
maize,9|INDIA_EAST,2010,7,0.857203262837288
maize,9|INDIA_EAST,2010,8,10.5091990191134
maize,9|INDIA_EAST,2010,9,23.2385065902733
maize,9|INDIA_EAST,2010,10,19.9584451641723
maize,9|INDIA_EAST,2010,11,5.85240779624274
maize,9|INDIA_EAST,2020,7,0.857203262837288
maize,9|INDIA_EAST,2020,8,10.5091990191134
maize,9|INDIA_EAST,2020,9,23.2385065902733
maize,9|INDIA_EAST,2020,10,19.9584451641723
maize,9|INDIA_EAST,2020,11,5.85240779624274
maize,9|INDIA_EAST,2030,7,0.857203262837288
maize,9|INDIA_EAST,2030,8,10.5091990191134
maize,9|INDIA_EAST,2030,9,23.2385065902733
maize,9|INDIA_EAST,2030,10,19.9584451641723
maize,9|INDIA_EAST,2030,11,5.85240779624274
maize,9|INDIA_EAST,2040,7,0.857203262837288
maize,9|INDIA_EAST,2040,8,10.5091990191134
maize,9|INDIA_EAST,2040,9,23.2385065902733
maize,9|INDIA_EAST,2040,10,19.9584451641723
maize,9|INDIA_EAST,2040,11,5.85240779624274
maize,9|INDIA_EAST,2050,7,0.857203262837288
maize,9|INDIA_EAST,2050,8,10.5091990191134
maize,9|INDIA_EAST,2050,9,23.2385065902733
maize,9|INDIA_EAST,2050,10,19.9584451641723
maize,9|INDIA_EAST,2050,11,5.85240779624274
maize,9|INDIA_EAST,2060,7,0.857203262837288
maize,9|INDIA_EAST,2060,8,10.5091990191134
maize,9|INDIA_EAST,2060,9,23.2385065902733
maize,9|INDIA_EAST,2060,10,19.9584451641723
maize,9|INDIA_EAST,2060,11,5.85240779624274
maize,10|INDIA_WEST,2010,7,4.72954872478002
maize,10|INDIA_WEST,2010,8,15.4316640611097
maize,10|INDIA_WEST,2010,9,12.949674944295
maize,10|INDIA_WEST,2010,10,5.51250098284222
maize,10|INDIA_WEST,2010,11,1.11166409813831
maize,10|INDIA_WEST,2020,7,4.72954872478002
maize,10|INDIA_WEST,2020,8,15.4316640611097
maize,10|INDIA_WEST,2020,9,12.949674944295
maize,10|INDIA_WEST,2020,10,5.51250098284222
maize,10|INDIA_WEST,2020,11,1.11166409813831
maize,10|INDIA_WEST,2030,7,4.72954872478002
maize,10|INDIA_WEST,2030,8,15.4316640611097
maize,10|INDIA_WEST,2030,9,12.949674944295
maize,10|INDIA_WEST,2030,10,5.51250098284222
maize,10|INDIA_WEST,2030,11,1.11166409813831
maize,10|INDIA_WEST,2040,7,4.72954872478002
maize,10|INDIA_WEST,2040,8,15.4316640611097
maize,10|INDIA_WEST,2040,9,12.949674944295
maize,10|INDIA_WEST,2040,10,5.51250098284222
maize,10|INDIA_WEST,2040,11,1.11166409813831
maize,10|INDIA_WEST,2050,7,4.72954872478002
maize,10|INDIA_WEST,2050,8,15.4316640611097
maize,10|INDIA_WEST,2050,9,12.949674944295
maize,10|INDIA_WEST,2050,10,5.51250098284222
maize,10|INDIA_WEST,2050,11,1.11166409813831
maize,10|INDIA_WEST,2060,7,4.72954872478002
maize,10|INDIA_WEST,2060,8,15.4316640611097
maize,10|INDIA_WEST,2060,9,12.949674944295
maize,10|INDIA_WEST,2060,10,5.51250098284222
maize,10|INDIA_WEST,2060,11,1.11166409813831
maize,12|PAKISTAN,2010,7,0.396470910189188
maize,12|PAKISTAN,2010,8,4.2564676462093
maize,12|PAKISTAN,2010,9,6.65474108666918
maize,12|PAKISTAN,2010,10,4.43892277321773
maize,12|PAKISTAN,2010,11,1.20833099142974
maize,12|PAKISTAN,2020,7,0.396470910189188
maize,12|PAKISTAN,2020,8,4.2564676462093
maize,12|PAKISTAN,2020,9,6.65474108666918
maize,12|PAKISTAN,2020,10,4.43892277321773
maize,12|PAKISTAN,2020,11,1.20833099142974
maize,12|PAKISTAN,2030,7,0.396470910189188
maize,12|PAKISTAN,2030,8,4.2564676462093
maize,12|PAKISTAN,2030,9,6.65474108666918
maize,12|PAKISTAN,2030,10,4.43892277321773
maize,12|PAKISTAN,2030,11,1.20833099142974
maize,12|PAKISTAN,2040,7,0.396470910189188
maize,12|PAKISTAN,2040,8,4.2564676462093
maize,12|PAKISTAN,2040,9,6.65474108666918
maize,12|PAKISTAN,2040,10,4.43892277321773
maize,12|PAKISTAN,2040,11,1.20833099142974
maize,12|PAKISTAN,2050,7,0.396470910189188
maize,12|PAKISTAN,2050,8,4.2564676462093
maize,12|PAKISTAN,2050,9,6.65474108666918
maize,12|PAKISTAN,2050,10,4.43892277321773
maize,12|PAKISTAN,2050,11,1.20833099142974
maize,12|PAKISTAN,2060,7,0.396470910189188
maize,12|PAKISTAN,2060,8,4.2564676462093
maize,12|PAKISTAN,2060,9,6.65474108666918
maize,12|PAKISTAN,2060,10,4.43892277321773
maize,12|PAKISTAN,2060,11,1.20833099142974
maize,13|PAKISTAN,2010,7,0.590816224443787
maize,13|PAKISTAN,2010,8,4.70648439566563
maize,13|PAKISTAN,2010,9,7.51796283689938
maize,13|PAKISTAN,2010,10,5.08767480367675
maize,13|PAKISTAN,2010,11,1.40431937193563
maize,13|PAKISTAN,2020,7,0.590816224443787
maize,13|PAKISTAN,2020,8,4.70648439566563
maize,13|PAKISTAN,2020,9,7.51796283689938
maize,13|PAKISTAN,2020,10,5.08767480367675
maize,13|PAKISTAN,2020,11,1.40431937193563
maize,13|PAKISTAN,2030,7,0.590816224443787
maize,13|PAKISTAN,2030,8,4.70648439566563
maize,13|PAKISTAN,2030,9,7.51796283689938
maize,13|PAKISTAN,2030,10,5.08767480367675
maize,13|PAKISTAN,2030,11,1.40431937193563
maize,13|PAKISTAN,2040,7,0.590816224443787
maize,13|PAKISTAN,2040,8,4.70648439566563
maize,13|PAKISTAN,2040,9,7.51796283689938
maize,13|PAKISTAN,2040,10,5.08767480367675
maize,13|PAKISTAN,2040,11,1.40431937193563
maize,13|PAKISTAN,2050,7,0.590816224443787
maize,13|PAKISTAN,2050,8,4.70648439566563
maize,13|PAKISTAN,2050,9,7.51796283689938
maize,13|PAKISTAN,2050,10,5.08767480367675
maize,13|PAKISTAN,2050,11,1.40431937193563
maize,13|PAKISTAN,2060,7,0.590816224443787
maize,13|PAKISTAN,2060,8,4.70648439566563
maize,13|PAKISTAN,2060,9,7.51796283689938
maize,13|PAKISTAN,2060,10,5.08767480367675
maize,13|PAKISTAN,2060,11,1.40431937193563
maize,14|PAKISTAN,2010,7,1.64523504945628
maize,14|PAKISTAN,2010,8,7.28641076200388
maize,14|PAKISTAN,2010,9,8.78683200838462
maize,14|PAKISTAN,2010,10,5.65870166387875
maize,14|PAKISTAN,2010,11,1.62577990940322
maize,14|PAKISTAN,2020,7,1.64523504945628
maize,14|PAKISTAN,2020,8,7.28641076200388
maize,14|PAKISTAN,2020,9,8.78683200838462
maize,14|PAKISTAN,2020,10,5.65870166387875
maize,14|PAKISTAN,2020,11,1.62577990940322
maize,14|PAKISTAN,2030,7,1.64523504945628
maize,14|PAKISTAN,2030,8,7.28641076200388
maize,14|PAKISTAN,2030,9,8.78683200838462
maize,14|PAKISTAN,2030,10,5.65870166387875
maize,14|PAKISTAN,2030,11,1.62577990940322
maize,14|PAKISTAN,2040,7,1.64523504945628
maize,14|PAKISTAN,2040,8,7.28641076200388
maize,14|PAKISTAN,2040,9,8.78683200838462
maize,14|PAKISTAN,2040,10,5.65870166387875
maize,14|PAKISTAN,2040,11,1.62577990940322
maize,14|PAKISTAN,2050,7,1.64523504945628
maize,14|PAKISTAN,2050,8,7.28641076200388
maize,14|PAKISTAN,2050,9,8.78683200838462
maize,14|PAKISTAN,2050,10,5.65870166387875
maize,14|PAKISTAN,2050,11,1.62577990940322
maize,14|PAKISTAN,2060,7,1.64523504945628
maize,14|PAKISTAN,2060,8,7.28641076200388
maize,14|PAKISTAN,2060,9,8.78683200838462
maize,14|PAKISTAN,2060,10,5.65870166387875
maize,14|PAKISTAN,2060,11,1.62577990940322
maize,15|PAKISTAN,2010,7,7.18281713921524
maize,15|PAKISTAN,2010,8,30.5040420805992
maize,15|PAKISTAN,2010,9,41.0607199576881
maize,15|PAKISTAN,2010,10,28.7043859710364
maize,15|PAKISTAN,2010,11,10.2677151897938
maize,15|PAKISTAN,2020,7,7.18281713921524
maize,15|PAKISTAN,2020,8,30.5040420805992
maize,15|PAKISTAN,2020,9,41.0607199576881
maize,15|PAKISTAN,2020,10,28.7043859710364
maize,15|PAKISTAN,2020,11,10.2677151897938
maize,15|PAKISTAN,2030,7,7.18281713921524
maize,15|PAKISTAN,2030,8,30.5040420805992
maize,15|PAKISTAN,2030,9,41.0607199576881
maize,15|PAKISTAN,2030,10,28.7043859710364
maize,15|PAKISTAN,2030,11,10.2677151897938
maize,15|PAKISTAN,2040,7,7.18281713921524
maize,15|PAKISTAN,2040,8,30.5040420805992
maize,15|PAKISTAN,2040,9,41.0607199576881
maize,15|PAKISTAN,2040,10,28.7043859710364
maize,15|PAKISTAN,2040,11,10.2677151897938
maize,15|PAKISTAN,2050,7,7.18281713921524
maize,15|PAKISTAN,2050,8,30.5040420805992
maize,15|PAKISTAN,2050,9,41.0607199576881
maize,15|PAKISTAN,2050,10,28.7043859710364
maize,15|PAKISTAN,2050,11,10.2677151897938
maize,15|PAKISTAN,2060,7,7.18281713921524
maize,15|PAKISTAN,2060,8,30.5040420805992
maize,15|PAKISTAN,2060,9,41.0607199576881
maize,15|PAKISTAN,2060,10,28.7043859710364
maize,15|PAKISTAN,2060,11,10.2677151897938
maize,16|PAKISTAN,2010,7,7.55578423016443
maize,16|PAKISTAN,2010,8,32.2534209885625
maize,16|PAKISTAN,2010,9,39.6494076509241
maize,16|PAKISTAN,2010,10,25.7144118043842
maize,16|PAKISTAN,2010,11,8.23987539478093
maize,16|PAKISTAN,2020,7,7.55578423016443
maize,16|PAKISTAN,2020,8,32.2534209885625
maize,16|PAKISTAN,2020,9,39.6494076509241
maize,16|PAKISTAN,2020,10,25.7144118043842
maize,16|PAKISTAN,2020,11,8.23987539478093
maize,16|PAKISTAN,2030,7,7.55578423016443
maize,16|PAKISTAN,2030,8,32.2534209885625
maize,16|PAKISTAN,2030,9,39.6494076509241
maize,16|PAKISTAN,2030,10,25.7144118043842
maize,16|PAKISTAN,2030,11,8.23987539478093
maize,16|PAKISTAN,2040,7,7.55578423016443
maize,16|PAKISTAN,2040,8,32.2534209885625
maize,16|PAKISTAN,2040,9,39.6494076509241
maize,16|PAKISTAN,2040,10,25.7144118043842
maize,16|PAKISTAN,2040,11,8.23987539478093
maize,16|PAKISTAN,2050,7,7.55578423016443
maize,16|PAKISTAN,2050,8,32.2534209885625
maize,16|PAKISTAN,2050,9,39.6494076509241
maize,16|PAKISTAN,2050,10,25.7144118043842
maize,16|PAKISTAN,2050,11,8.23987539478093
maize,16|PAKISTAN,2060,7,7.55578423016443
maize,16|PAKISTAN,2060,8,32.2534209885625
maize,16|PAKISTAN,2060,9,39.6494076509241
maize,16|PAKISTAN,2060,10,25.7144118043842
maize,16|PAKISTAN,2060,11,8.23987539478093
maize,17|PAKISTAN,2010,7,7.4504160521879
maize,17|PAKISTAN,2010,8,29.6390009947231
maize,17|PAKISTAN,2010,9,36.8078901034925
maize,17|PAKISTAN,2010,10,26.1942410922963
maize,17|PAKISTAN,2010,11,8.51675172771484
maize,17|PAKISTAN,2020,7,7.4504160521879
maize,17|PAKISTAN,2020,8,29.6390009947231
maize,17|PAKISTAN,2020,9,36.8078901034925
maize,17|PAKISTAN,2020,10,26.1942410922963
maize,17|PAKISTAN,2020,11,8.51675172771484
maize,17|PAKISTAN,2030,7,7.4504160521879
maize,17|PAKISTAN,2030,8,29.6390009947231
maize,17|PAKISTAN,2030,9,36.8078901034925
maize,17|PAKISTAN,2030,10,26.1942410922963
maize,17|PAKISTAN,2030,11,8.51675172771484
maize,17|PAKISTAN,2040,7,7.4504160521879
maize,17|PAKISTAN,2040,8,29.6390009947231
maize,17|PAKISTAN,2040,9,36.8078901034925
maize,17|PAKISTAN,2040,10,26.1942410922963
maize,17|PAKISTAN,2040,11,8.51675172771484
maize,17|PAKISTAN,2050,7,7.4504160521879
maize,17|PAKISTAN,2050,8,29.6390009947231
maize,17|PAKISTAN,2050,9,36.8078901034925
maize,17|PAKISTAN,2050,10,26.1942410922963
maize,17|PAKISTAN,2050,11,8.51675172771484
maize,17|PAKISTAN,2060,7,7.4504160521879
maize,17|PAKISTAN,2060,8,29.6390009947231
maize,17|PAKISTAN,2060,9,36.8078901034925
maize,17|PAKISTAN,2060,10,26.1942410922963
maize,17|PAKISTAN,2060,11,8.51675172771484
maize,18|PAKISTAN,2010,7,1.20611048506458
maize,18|PAKISTAN,2010,8,4.9960748127133
maize,18|PAKISTAN,2010,9,6.0120636992696
maize,18|PAKISTAN,2010,10,3.71627455774795
maize,18|PAKISTAN,2010,11,0.923818102214543
maize,18|PAKISTAN,2020,7,1.20611048506458
maize,18|PAKISTAN,2020,8,4.9960748127133
maize,18|PAKISTAN,2020,9,6.0120636992696
maize,18|PAKISTAN,2020,10,3.71627455774795
maize,18|PAKISTAN,2020,11,0.923818102214543
maize,18|PAKISTAN,2030,7,1.20611048506458
maize,18|PAKISTAN,2030,8,4.9960748127133
maize,18|PAKISTAN,2030,9,6.0120636992696
maize,18|PAKISTAN,2030,10,3.71627455774795
maize,18|PAKISTAN,2030,11,0.923818102214543
maize,18|PAKISTAN,2040,7,1.20611048506458
maize,18|PAKISTAN,2040,8,4.9960748127133
maize,18|PAKISTAN,2040,9,6.0120636992696
maize,18|PAKISTAN,2040,10,3.71627455774795
maize,18|PAKISTAN,2040,11,0.923818102214543
maize,18|PAKISTAN,2050,7,1.20611048506458
maize,18|PAKISTAN,2050,8,4.9960748127133
maize,18|PAKISTAN,2050,9,6.0120636992696
maize,18|PAKISTAN,2050,10,3.71627455774795
maize,18|PAKISTAN,2050,11,0.923818102214543
maize,18|PAKISTAN,2060,7,1.20611048506458
maize,18|PAKISTAN,2060,8,4.9960748127133
maize,18|PAKISTAN,2060,9,6.0120636992696
maize,18|PAKISTAN,2060,10,3.71627455774795
maize,18|PAKISTAN,2060,11,0.923818102214543
maize,19|PAKISTAN,2010,7,0.566057778824853
maize,19|PAKISTAN,2010,8,3.92514229033528
maize,19|PAKISTAN,2010,9,5.16765020087485
maize,19|PAKISTAN,2010,10,3.15469282662405
maize,19|PAKISTAN,2010,11,0.81071923374386
maize,19|PAKISTAN,2020,7,0.566057778824853
maize,19|PAKISTAN,2020,8,3.92514229033528
maize,19|PAKISTAN,2020,9,5.16765020087485
maize,19|PAKISTAN,2020,10,3.15469282662405
maize,19|PAKISTAN,2020,11,0.81071923374386
maize,19|PAKISTAN,2030,7,0.566057778824853
maize,19|PAKISTAN,2030,8,3.92514229033528
maize,19|PAKISTAN,2030,9,5.16765020087485
maize,19|PAKISTAN,2030,10,3.15469282662405
maize,19|PAKISTAN,2030,11,0.81071923374386
maize,19|PAKISTAN,2040,7,0.566057778824853
maize,19|PAKISTAN,2040,8,3.92514229033528
maize,19|PAKISTAN,2040,9,5.16765020087485
maize,19|PAKISTAN,2040,10,3.15469282662405
maize,19|PAKISTAN,2040,11,0.81071923374386
maize,19|PAKISTAN,2050,7,0.566057778824853
maize,19|PAKISTAN,2050,8,3.92514229033528
maize,19|PAKISTAN,2050,9,5.16765020087485
maize,19|PAKISTAN,2050,10,3.15469282662405
maize,19|PAKISTAN,2050,11,0.81071923374386
maize,19|PAKISTAN,2060,7,0.566057778824853
maize,19|PAKISTAN,2060,8,3.92514229033528
maize,19|PAKISTAN,2060,9,5.16765020087485
maize,19|PAKISTAN,2060,10,3.15469282662405
maize,19|PAKISTAN,2060,11,0.81071923374386
maize,20|PAKISTAN,2010,7,0.585431481284175
maize,20|PAKISTAN,2010,8,5.33199394922582
maize,20|PAKISTAN,2010,9,7.98432879660995
maize,20|PAKISTAN,2010,10,5.38835616670718
maize,20|PAKISTAN,2010,11,1.49224334959833
maize,20|PAKISTAN,2020,7,0.585431481284175
maize,20|PAKISTAN,2020,8,5.33199394922582
maize,20|PAKISTAN,2020,9,7.98432879660995
maize,20|PAKISTAN,2020,10,5.38835616670718
maize,20|PAKISTAN,2020,11,1.49224334959833
maize,20|PAKISTAN,2030,7,0.585431481284175
maize,20|PAKISTAN,2030,8,5.33199394922582
maize,20|PAKISTAN,2030,9,7.98432879660995
maize,20|PAKISTAN,2030,10,5.38835616670718
maize,20|PAKISTAN,2030,11,1.49224334959833
maize,20|PAKISTAN,2040,7,0.585431481284175
maize,20|PAKISTAN,2040,8,5.33199394922582
maize,20|PAKISTAN,2040,9,7.98432879660995
maize,20|PAKISTAN,2040,10,5.38835616670718
maize,20|PAKISTAN,2040,11,1.49224334959833
maize,20|PAKISTAN,2050,7,0.585431481284175
maize,20|PAKISTAN,2050,8,5.33199394922582
maize,20|PAKISTAN,2050,9,7.98432879660995
maize,20|PAKISTAN,2050,10,5.38835616670718
maize,20|PAKISTAN,2050,11,1.49224334959833
maize,20|PAKISTAN,2060,7,0.585431481284175
maize,20|PAKISTAN,2060,8,5.33199394922582
maize,20|PAKISTAN,2060,9,7.98432879660995
maize,20|PAKISTAN,2060,10,5.38835616670718
maize,20|PAKISTAN,2060,11,1.49224334959833
maize,21|PAKISTAN,2010,7,1.691945288407
maize,21|PAKISTAN,2010,8,7.96188930331602
maize,21|PAKISTAN,2010,9,9.76550849474335
maize,21|PAKISTAN,2010,10,6.05238924225382
maize,21|PAKISTAN,2010,11,1.72293767773485
maize,21|PAKISTAN,2020,7,1.691945288407
maize,21|PAKISTAN,2020,8,7.96188930331602
maize,21|PAKISTAN,2020,9,9.76550849474335
maize,21|PAKISTAN,2020,10,6.05238924225382
maize,21|PAKISTAN,2020,11,1.72293767773485
maize,21|PAKISTAN,2030,7,1.691945288407
maize,21|PAKISTAN,2030,8,7.96188930331602
maize,21|PAKISTAN,2030,9,9.76550849474335
maize,21|PAKISTAN,2030,10,6.05238924225382
maize,21|PAKISTAN,2030,11,1.72293767773485
maize,21|PAKISTAN,2040,7,1.691945288407
maize,21|PAKISTAN,2040,8,7.96188930331602
maize,21|PAKISTAN,2040,9,9.76550849474335
maize,21|PAKISTAN,2040,10,6.05238924225382
maize,21|PAKISTAN,2040,11,1.72293767773485
maize,21|PAKISTAN,2050,7,1.691945288407
maize,21|PAKISTAN,2050,8,7.96188930331602
maize,21|PAKISTAN,2050,9,9.76550849474335
maize,21|PAKISTAN,2050,10,6.05238924225382
maize,21|PAKISTAN,2050,11,1.72293767773485
maize,21|PAKISTAN,2060,7,1.691945288407
maize,21|PAKISTAN,2060,8,7.96188930331602
maize,21|PAKISTAN,2060,9,9.76550849474335
maize,21|PAKISTAN,2060,10,6.05238924225382
maize,21|PAKISTAN,2060,11,1.72293767773485
maize,22|PAKISTAN,2010,7,6.22207494344441
maize,22|PAKISTAN,2010,8,21.0407313346199
maize,22|PAKISTAN,2010,9,17.8752772343167
maize,22|PAKISTAN,2010,10,5.37617544718583
maize,22|PAKISTAN,2010,11,1.05921032692446
maize,22|PAKISTAN,2020,7,6.22207494344441
maize,22|PAKISTAN,2020,8,21.0407313346199
maize,22|PAKISTAN,2020,9,17.8752772343167
maize,22|PAKISTAN,2020,10,5.37617544718583
maize,22|PAKISTAN,2020,11,1.05921032692446
maize,22|PAKISTAN,2030,7,6.22207494344441
maize,22|PAKISTAN,2030,8,21.0407313346199
maize,22|PAKISTAN,2030,9,17.8752772343167
maize,22|PAKISTAN,2030,10,5.37617544718583
maize,22|PAKISTAN,2030,11,1.05921032692446
maize,22|PAKISTAN,2040,7,6.22207494344441
maize,22|PAKISTAN,2040,8,21.0407313346199
maize,22|PAKISTAN,2040,9,17.8752772343167
maize,22|PAKISTAN,2040,10,5.37617544718583
maize,22|PAKISTAN,2040,11,1.05921032692446
maize,22|PAKISTAN,2050,7,6.22207494344441
maize,22|PAKISTAN,2050,8,21.0407313346199
maize,22|PAKISTAN,2050,9,17.8752772343167
maize,22|PAKISTAN,2050,10,5.37617544718583
maize,22|PAKISTAN,2050,11,1.05921032692446
maize,22|PAKISTAN,2060,7,6.22207494344441
maize,22|PAKISTAN,2060,8,21.0407313346199
maize,22|PAKISTAN,2060,9,17.8752772343167
maize,22|PAKISTAN,2060,10,5.37617544718583
maize,22|PAKISTAN,2060,11,1.05921032692446
maize,23|PAKISTAN,2010,7,1.35142905045387
maize,23|PAKISTAN,2010,8,5.96080837037807
maize,23|PAKISTAN,2010,9,7.6067245438613
maize,23|PAKISTAN,2010,10,5.28981564976302
maize,23|PAKISTAN,2010,11,1.59650435228925
maize,23|PAKISTAN,2020,7,1.35142905045387
maize,23|PAKISTAN,2020,8,5.96080837037807
maize,23|PAKISTAN,2020,9,7.6067245438613
maize,23|PAKISTAN,2020,10,5.28981564976302
maize,23|PAKISTAN,2020,11,1.59650435228925
maize,23|PAKISTAN,2030,7,1.35142905045387
maize,23|PAKISTAN,2030,8,5.96080837037807
maize,23|PAKISTAN,2030,9,7.6067245438613
maize,23|PAKISTAN,2030,10,5.28981564976302
maize,23|PAKISTAN,2030,11,1.59650435228925
maize,23|PAKISTAN,2040,7,1.35142905045387
maize,23|PAKISTAN,2040,8,5.96080837037807
maize,23|PAKISTAN,2040,9,7.6067245438613
maize,23|PAKISTAN,2040,10,5.28981564976302
maize,23|PAKISTAN,2040,11,1.59650435228925
maize,23|PAKISTAN,2050,7,1.35142905045387
maize,23|PAKISTAN,2050,8,5.96080837037807
maize,23|PAKISTAN,2050,9,7.6067245438613
maize,23|PAKISTAN,2050,10,5.28981564976302
maize,23|PAKISTAN,2050,11,1.59650435228925
maize,23|PAKISTAN,2060,7,1.35142905045387
maize,23|PAKISTAN,2060,8,5.96080837037807
maize,23|PAKISTAN,2060,9,7.6067245438613
maize,23|PAKISTAN,2060,10,5.28981564976302
maize,23|PAKISTAN,2060,11,1.59650435228925
fruit,1|AFGHAN_SOUTH,2010,1,6.5871035594689
fruit,1|AFGHAN_SOUTH,2010,2,7.36085239705102
fruit,1|AFGHAN_SOUTH,2010,3,13.2693894102333
fruit,1|AFGHAN_SOUTH,2010,4,21.5929093657884
fruit,1|AFGHAN_SOUTH,2010,5,30.6875859849104
fruit,1|AFGHAN_SOUTH,2010,6,33.5884250071485
fruit,1|AFGHAN_SOUTH,2010,7,28.4010658862431
fruit,1|AFGHAN_SOUTH,2010,8,24.2817934604129
fruit,1|AFGHAN_SOUTH,2010,9,20.693050664798
fruit,1|AFGHAN_SOUTH,2010,10,15.9317490331851
fruit,1|AFGHAN_SOUTH,2010,11,10.5936247609437
fruit,1|AFGHAN_SOUTH,2010,12,7.73039865395051
fruit,1|AFGHAN_SOUTH,2020,1,6.5871035594689
fruit,1|AFGHAN_SOUTH,2020,2,7.36085239705102
fruit,1|AFGHAN_SOUTH,2020,3,13.2693894102333
fruit,1|AFGHAN_SOUTH,2020,4,21.5929093657884
fruit,1|AFGHAN_SOUTH,2020,5,30.6875859849104
fruit,1|AFGHAN_SOUTH,2020,6,33.5884250071485
fruit,1|AFGHAN_SOUTH,2020,7,28.4010658862431
fruit,1|AFGHAN_SOUTH,2020,8,24.2817934604129
fruit,1|AFGHAN_SOUTH,2020,9,20.693050664798
fruit,1|AFGHAN_SOUTH,2020,10,15.9317490331851
fruit,1|AFGHAN_SOUTH,2020,11,10.5936247609437
fruit,1|AFGHAN_SOUTH,2020,12,7.73039865395051
fruit,1|AFGHAN_SOUTH,2030,1,6.5871035594689
fruit,1|AFGHAN_SOUTH,2030,2,7.36085239705102
fruit,1|AFGHAN_SOUTH,2030,3,13.2693894102333
fruit,1|AFGHAN_SOUTH,2030,4,21.5929093657884
fruit,1|AFGHAN_SOUTH,2030,5,30.6875859849104
fruit,1|AFGHAN_SOUTH,2030,6,33.5884250071485
fruit,1|AFGHAN_SOUTH,2030,7,28.4010658862431
fruit,1|AFGHAN_SOUTH,2030,8,24.2817934604129
fruit,1|AFGHAN_SOUTH,2030,9,20.693050664798
fruit,1|AFGHAN_SOUTH,2030,10,15.9317490331851
fruit,1|AFGHAN_SOUTH,2030,11,10.5936247609437
fruit,1|AFGHAN_SOUTH,2030,12,7.73039865395051
fruit,1|AFGHAN_SOUTH,2040,1,6.5871035594689
fruit,1|AFGHAN_SOUTH,2040,2,7.36085239705102
fruit,1|AFGHAN_SOUTH,2040,3,13.2693894102333
fruit,1|AFGHAN_SOUTH,2040,4,21.5929093657884
fruit,1|AFGHAN_SOUTH,2040,5,30.6875859849104
fruit,1|AFGHAN_SOUTH,2040,6,33.5884250071485
fruit,1|AFGHAN_SOUTH,2040,7,28.4010658862431
fruit,1|AFGHAN_SOUTH,2040,8,24.2817934604129
fruit,1|AFGHAN_SOUTH,2040,9,20.693050664798
fruit,1|AFGHAN_SOUTH,2040,10,15.9317490331851
fruit,1|AFGHAN_SOUTH,2040,11,10.5936247609437
fruit,1|AFGHAN_SOUTH,2040,12,7.73039865395051
fruit,1|AFGHAN_SOUTH,2050,1,6.5871035594689
fruit,1|AFGHAN_SOUTH,2050,2,7.36085239705102
fruit,1|AFGHAN_SOUTH,2050,3,13.2693894102333
fruit,1|AFGHAN_SOUTH,2050,4,21.5929093657884
fruit,1|AFGHAN_SOUTH,2050,5,30.6875859849104
fruit,1|AFGHAN_SOUTH,2050,6,33.5884250071485
fruit,1|AFGHAN_SOUTH,2050,7,28.4010658862431
fruit,1|AFGHAN_SOUTH,2050,8,24.2817934604129
fruit,1|AFGHAN_SOUTH,2050,9,20.693050664798
fruit,1|AFGHAN_SOUTH,2050,10,15.9317490331851
fruit,1|AFGHAN_SOUTH,2050,11,10.5936247609437
fruit,1|AFGHAN_SOUTH,2050,12,7.73039865395051
fruit,1|AFGHAN_SOUTH,2060,1,6.5871035594689
fruit,1|AFGHAN_SOUTH,2060,2,7.36085239705102
fruit,1|AFGHAN_SOUTH,2060,3,13.2693894102333
fruit,1|AFGHAN_SOUTH,2060,4,21.5929093657884
fruit,1|AFGHAN_SOUTH,2060,5,30.6875859849104
fruit,1|AFGHAN_SOUTH,2060,6,33.5884250071485
fruit,1|AFGHAN_SOUTH,2060,7,28.4010658862431
fruit,1|AFGHAN_SOUTH,2060,8,24.2817934604129
fruit,1|AFGHAN_SOUTH,2060,9,20.693050664798
fruit,1|AFGHAN_SOUTH,2060,10,15.9317490331851
fruit,1|AFGHAN_SOUTH,2060,11,10.5936247609437
fruit,1|AFGHAN_SOUTH,2060,12,7.73039865395051
fruit,2|AFGHAN_NORTH,2010,1,3.62356908648927
fruit,2|AFGHAN_NORTH,2010,2,4.38664446884587
fruit,2|AFGHAN_NORTH,2010,3,8.87845868414546
fruit,2|AFGHAN_NORTH,2010,4,15.4454373508504
fruit,2|AFGHAN_NORTH,2010,5,25.574049125958
fruit,2|AFGHAN_NORTH,2010,6,31.5085503598646
fruit,2|AFGHAN_NORTH,2010,7,28.5232593569822
fruit,2|AFGHAN_NORTH,2010,8,23.1932926211983
fruit,2|AFGHAN_NORTH,2010,9,18.3558262072332
fruit,2|AFGHAN_NORTH,2010,10,12.4212745035942
fruit,2|AFGHAN_NORTH,2010,11,6.93581603674171
fruit,2|AFGHAN_NORTH,2010,12,4.98789201899897
fruit,2|AFGHAN_NORTH,2020,1,3.62356908648927
fruit,2|AFGHAN_NORTH,2020,2,4.38664446884587
fruit,2|AFGHAN_NORTH,2020,3,8.87845868414546
fruit,2|AFGHAN_NORTH,2020,4,15.4454373508504
fruit,2|AFGHAN_NORTH,2020,5,25.574049125958
fruit,2|AFGHAN_NORTH,2020,6,31.5085503598646
fruit,2|AFGHAN_NORTH,2020,7,28.5232593569822
fruit,2|AFGHAN_NORTH,2020,8,23.1932926211983
fruit,2|AFGHAN_NORTH,2020,9,18.3558262072332
fruit,2|AFGHAN_NORTH,2020,10,12.4212745035942
fruit,2|AFGHAN_NORTH,2020,11,6.93581603674171
fruit,2|AFGHAN_NORTH,2020,12,4.98789201899897
fruit,2|AFGHAN_NORTH,2030,1,3.62356908648927
fruit,2|AFGHAN_NORTH,2030,2,4.38664446884587
fruit,2|AFGHAN_NORTH,2030,3,8.87845868414546
fruit,2|AFGHAN_NORTH,2030,4,15.4454373508504
fruit,2|AFGHAN_NORTH,2030,5,25.574049125958
fruit,2|AFGHAN_NORTH,2030,6,31.5085503598646
fruit,2|AFGHAN_NORTH,2030,7,28.5232593569822
fruit,2|AFGHAN_NORTH,2030,8,23.1932926211983
fruit,2|AFGHAN_NORTH,2030,9,18.3558262072332
fruit,2|AFGHAN_NORTH,2030,10,12.4212745035942
fruit,2|AFGHAN_NORTH,2030,11,6.93581603674171
fruit,2|AFGHAN_NORTH,2030,12,4.98789201899897
fruit,2|AFGHAN_NORTH,2040,1,3.62356908648927
fruit,2|AFGHAN_NORTH,2040,2,4.38664446884587
fruit,2|AFGHAN_NORTH,2040,3,8.87845868414546
fruit,2|AFGHAN_NORTH,2040,4,15.4454373508504
fruit,2|AFGHAN_NORTH,2040,5,25.574049125958
fruit,2|AFGHAN_NORTH,2040,6,31.5085503598646
fruit,2|AFGHAN_NORTH,2040,7,28.5232593569822
fruit,2|AFGHAN_NORTH,2040,8,23.1932926211983
fruit,2|AFGHAN_NORTH,2040,9,18.3558262072332
fruit,2|AFGHAN_NORTH,2040,10,12.4212745035942
fruit,2|AFGHAN_NORTH,2040,11,6.93581603674171
fruit,2|AFGHAN_NORTH,2040,12,4.98789201899897
fruit,2|AFGHAN_NORTH,2050,1,3.62356908648927
fruit,2|AFGHAN_NORTH,2050,2,4.38664446884587
fruit,2|AFGHAN_NORTH,2050,3,8.87845868414546
fruit,2|AFGHAN_NORTH,2050,4,15.4454373508504
fruit,2|AFGHAN_NORTH,2050,5,25.574049125958
fruit,2|AFGHAN_NORTH,2050,6,31.5085503598646
fruit,2|AFGHAN_NORTH,2050,7,28.5232593569822
fruit,2|AFGHAN_NORTH,2050,8,23.1932926211983
fruit,2|AFGHAN_NORTH,2050,9,18.3558262072332
fruit,2|AFGHAN_NORTH,2050,10,12.4212745035942
fruit,2|AFGHAN_NORTH,2050,11,6.93581603674171
fruit,2|AFGHAN_NORTH,2050,12,4.98789201899897
fruit,2|AFGHAN_NORTH,2060,1,3.62356908648927
fruit,2|AFGHAN_NORTH,2060,2,4.38664446884587
fruit,2|AFGHAN_NORTH,2060,3,8.87845868414546
fruit,2|AFGHAN_NORTH,2060,4,15.4454373508504
fruit,2|AFGHAN_NORTH,2060,5,25.574049125958
fruit,2|AFGHAN_NORTH,2060,6,31.5085503598646
fruit,2|AFGHAN_NORTH,2060,7,28.5232593569822
fruit,2|AFGHAN_NORTH,2060,8,23.1932926211983
fruit,2|AFGHAN_NORTH,2060,9,18.3558262072332
fruit,2|AFGHAN_NORTH,2060,10,12.4212745035942
fruit,2|AFGHAN_NORTH,2060,11,6.93581603674171
fruit,2|AFGHAN_NORTH,2060,12,4.98789201899897
fruit,6|INDIA_WEST,2010,1,2.68856048905629
fruit,6|INDIA_WEST,2010,2,2.20941220355225
fruit,6|INDIA_WEST,2010,3,7.83271701129223
fruit,6|INDIA_WEST,2010,4,17.5653436514623
fruit,6|INDIA_WEST,2010,5,25.5902774878642
fruit,6|INDIA_WEST,2010,6,27.3225508578652
fruit,6|INDIA_WEST,2010,7,15.5216682255269
fruit,6|INDIA_WEST,2010,8,12.6552266404942
fruit,6|INDIA_WEST,2010,9,16.2716828345669
fruit,6|INDIA_WEST,2010,10,12.6648689281134
fruit,6|INDIA_WEST,2010,11,7.83323032296789
fruit,6|INDIA_WEST,2010,12,4.95842211980444
fruit,6|INDIA_WEST,2020,1,2.68856048905629
fruit,6|INDIA_WEST,2020,2,2.20941220355225
fruit,6|INDIA_WEST,2020,3,7.83271701129223
fruit,6|INDIA_WEST,2020,4,17.5653436514623
fruit,6|INDIA_WEST,2020,5,25.5902774878642
fruit,6|INDIA_WEST,2020,6,27.3225508578652
fruit,6|INDIA_WEST,2020,7,15.5216682255269
fruit,6|INDIA_WEST,2020,8,12.6552266404942
fruit,6|INDIA_WEST,2020,9,16.2716828345669
fruit,6|INDIA_WEST,2020,10,12.6648689281134
fruit,6|INDIA_WEST,2020,11,7.83323032296789
fruit,6|INDIA_WEST,2020,12,4.95842211980444
fruit,6|INDIA_WEST,2030,1,2.68856048905629
fruit,6|INDIA_WEST,2030,2,2.20941220355225
fruit,6|INDIA_WEST,2030,3,7.83271701129223
fruit,6|INDIA_WEST,2030,4,17.5653436514623
fruit,6|INDIA_WEST,2030,5,25.5902774878642
fruit,6|INDIA_WEST,2030,6,27.3225508578652
fruit,6|INDIA_WEST,2030,7,15.5216682255269
fruit,6|INDIA_WEST,2030,8,12.6552266404942
fruit,6|INDIA_WEST,2030,9,16.2716828345669
fruit,6|INDIA_WEST,2030,10,12.6648689281134
fruit,6|INDIA_WEST,2030,11,7.83323032296789
fruit,6|INDIA_WEST,2030,12,4.95842211980444
fruit,6|INDIA_WEST,2040,1,2.68856048905629
fruit,6|INDIA_WEST,2040,2,2.20941220355225
fruit,6|INDIA_WEST,2040,3,7.83271701129223
fruit,6|INDIA_WEST,2040,4,17.5653436514623
fruit,6|INDIA_WEST,2040,5,25.5902774878642
fruit,6|INDIA_WEST,2040,6,27.3225508578652
fruit,6|INDIA_WEST,2040,7,15.5216682255269
fruit,6|INDIA_WEST,2040,8,12.6552266404942
fruit,6|INDIA_WEST,2040,9,16.2716828345669
fruit,6|INDIA_WEST,2040,10,12.6648689281134
fruit,6|INDIA_WEST,2040,11,7.83323032296789
fruit,6|INDIA_WEST,2040,12,4.95842211980444
fruit,6|INDIA_WEST,2050,1,2.68856048905629
fruit,6|INDIA_WEST,2050,2,2.20941220355225
fruit,6|INDIA_WEST,2050,3,7.83271701129223
fruit,6|INDIA_WEST,2050,4,17.5653436514623
fruit,6|INDIA_WEST,2050,5,25.5902774878642
fruit,6|INDIA_WEST,2050,6,27.3225508578652
fruit,6|INDIA_WEST,2050,7,15.5216682255269
fruit,6|INDIA_WEST,2050,8,12.6552266404942
fruit,6|INDIA_WEST,2050,9,16.2716828345669
fruit,6|INDIA_WEST,2050,10,12.6648689281134
fruit,6|INDIA_WEST,2050,11,7.83323032296789
fruit,6|INDIA_WEST,2050,12,4.95842211980444
fruit,6|INDIA_WEST,2060,1,2.68856048905629
fruit,6|INDIA_WEST,2060,2,2.20941220355225
fruit,6|INDIA_WEST,2060,3,7.83271701129223
fruit,6|INDIA_WEST,2060,4,17.5653436514623
fruit,6|INDIA_WEST,2060,5,25.5902774878642
fruit,6|INDIA_WEST,2060,6,27.3225508578652
fruit,6|INDIA_WEST,2060,7,15.5216682255269
fruit,6|INDIA_WEST,2060,8,12.6552266404942
fruit,6|INDIA_WEST,2060,9,16.2716828345669
fruit,6|INDIA_WEST,2060,10,12.6648689281134
fruit,6|INDIA_WEST,2060,11,7.83323032296789
fruit,6|INDIA_WEST,2060,12,4.95842211980444
fruit,7|INDIA_WEST,2010,1,1.45691196961017
fruit,7|INDIA_WEST,2010,2,2.17131095231107
fruit,7|INDIA_WEST,2010,3,9.1057603372469
fruit,7|INDIA_WEST,2010,4,20.8276960832538
fruit,7|INDIA_WEST,2010,5,29.2458976454937
fruit,7|INDIA_WEST,2010,6,29.3642069008516
fruit,7|INDIA_WEST,2010,7,9.26284212101998
fruit,7|INDIA_WEST,2010,8,5.64946206341741
fruit,7|INDIA_WEST,2010,9,16.0156201584366
fruit,7|INDIA_WEST,2010,10,14.9838542416574
fruit,7|INDIA_WEST,2010,11,9.39801933386021
fruit,7|INDIA_WEST,2010,12,5.21481857499759
fruit,7|INDIA_WEST,2020,1,1.45691196961017
fruit,7|INDIA_WEST,2020,2,2.17131095231107
fruit,7|INDIA_WEST,2020,3,9.1057603372469
fruit,7|INDIA_WEST,2020,4,20.8276960832538
fruit,7|INDIA_WEST,2020,5,29.2458976454937
fruit,7|INDIA_WEST,2020,6,29.3642069008516
fruit,7|INDIA_WEST,2020,7,9.26284212101998
fruit,7|INDIA_WEST,2020,8,5.64946206341741
fruit,7|INDIA_WEST,2020,9,16.0156201584366
fruit,7|INDIA_WEST,2020,10,14.9838542416574
fruit,7|INDIA_WEST,2020,11,9.39801933386021
fruit,7|INDIA_WEST,2020,12,5.21481857499759
fruit,7|INDIA_WEST,2030,1,1.45691196961017
fruit,7|INDIA_WEST,2030,2,2.17131095231107
fruit,7|INDIA_WEST,2030,3,9.1057603372469
fruit,7|INDIA_WEST,2030,4,20.8276960832538
fruit,7|INDIA_WEST,2030,5,29.2458976454937
fruit,7|INDIA_WEST,2030,6,29.3642069008516
fruit,7|INDIA_WEST,2030,7,9.26284212101998
fruit,7|INDIA_WEST,2030,8,5.64946206341741
fruit,7|INDIA_WEST,2030,9,16.0156201584366
fruit,7|INDIA_WEST,2030,10,14.9838542416574
fruit,7|INDIA_WEST,2030,11,9.39801933386021
fruit,7|INDIA_WEST,2030,12,5.21481857499759
fruit,7|INDIA_WEST,2040,1,1.45691196961017
fruit,7|INDIA_WEST,2040,2,2.17131095231107
fruit,7|INDIA_WEST,2040,3,9.1057603372469
fruit,7|INDIA_WEST,2040,4,20.8276960832538
fruit,7|INDIA_WEST,2040,5,29.2458976454937
fruit,7|INDIA_WEST,2040,6,29.3642069008516
fruit,7|INDIA_WEST,2040,7,9.26284212101998
fruit,7|INDIA_WEST,2040,8,5.64946206341741
fruit,7|INDIA_WEST,2040,9,16.0156201584366
fruit,7|INDIA_WEST,2040,10,14.9838542416574
fruit,7|INDIA_WEST,2040,11,9.39801933386021
fruit,7|INDIA_WEST,2040,12,5.21481857499759
fruit,7|INDIA_WEST,2050,1,1.45691196961017
fruit,7|INDIA_WEST,2050,2,2.17131095231107
fruit,7|INDIA_WEST,2050,3,9.1057603372469
fruit,7|INDIA_WEST,2050,4,20.8276960832538
fruit,7|INDIA_WEST,2050,5,29.2458976454937
fruit,7|INDIA_WEST,2050,6,29.3642069008516
fruit,7|INDIA_WEST,2050,7,9.26284212101998
fruit,7|INDIA_WEST,2050,8,5.64946206341741
fruit,7|INDIA_WEST,2050,9,16.0156201584366
fruit,7|INDIA_WEST,2050,10,14.9838542416574
fruit,7|INDIA_WEST,2050,11,9.39801933386021
fruit,7|INDIA_WEST,2050,12,5.21481857499759
fruit,7|INDIA_WEST,2060,1,1.45691196961017
fruit,7|INDIA_WEST,2060,2,2.17131095231107
fruit,7|INDIA_WEST,2060,3,9.1057603372469
fruit,7|INDIA_WEST,2060,4,20.8276960832538
fruit,7|INDIA_WEST,2060,5,29.2458976454937
fruit,7|INDIA_WEST,2060,6,29.3642069008516
fruit,7|INDIA_WEST,2060,7,9.26284212101998
fruit,7|INDIA_WEST,2060,8,5.64946206341741
fruit,7|INDIA_WEST,2060,9,16.0156201584366
fruit,7|INDIA_WEST,2060,10,14.9838542416574
fruit,7|INDIA_WEST,2060,11,9.39801933386021
fruit,7|INDIA_WEST,2060,12,5.21481857499759
fruit,8|INDIA_WEST,2010,1,0.147965596848992
fruit,8|INDIA_WEST,2010,2,0.547689222728969
fruit,8|INDIA_WEST,2010,3,6.62567675700255
fruit,8|INDIA_WEST,2010,4,18.1147545912966
fruit,8|INDIA_WEST,2010,5,24.6593028904088
fruit,8|INDIA_WEST,2010,6,20.6561459826554
fruit,8|INDIA_WEST,2010,7,0.518077189198051
fruit,8|INDIA_WEST,2010,8,0.117496586951814
fruit,8|INDIA_WEST,2010,9,7.53404665339913
fruit,8|INDIA_WEST,2010,10,10.4927985718649
fruit,8|INDIA_WEST,2010,11,7.53813261483005
fruit,8|INDIA_WEST,2010,12,4.29436475347482
fruit,8|INDIA_WEST,2020,1,0.147965596848992
fruit,8|INDIA_WEST,2020,2,0.547689222728969
fruit,8|INDIA_WEST,2020,3,6.62567675700255
fruit,8|INDIA_WEST,2020,4,18.1147545912966
fruit,8|INDIA_WEST,2020,5,24.6593028904088
fruit,8|INDIA_WEST,2020,6,20.6561459826554
fruit,8|INDIA_WEST,2020,7,0.518077189198051
fruit,8|INDIA_WEST,2020,8,0.117496586951814
fruit,8|INDIA_WEST,2020,9,7.53404665339913
fruit,8|INDIA_WEST,2020,10,10.4927985718649
fruit,8|INDIA_WEST,2020,11,7.53813261483005
fruit,8|INDIA_WEST,2020,12,4.29436475347482
fruit,8|INDIA_WEST,2030,1,0.147965596848992
fruit,8|INDIA_WEST,2030,2,0.547689222728969
fruit,8|INDIA_WEST,2030,3,6.62567675700255
fruit,8|INDIA_WEST,2030,4,18.1147545912966
fruit,8|INDIA_WEST,2030,5,24.6593028904088
fruit,8|INDIA_WEST,2030,6,20.6561459826554
fruit,8|INDIA_WEST,2030,7,0.518077189198051
fruit,8|INDIA_WEST,2030,8,0.117496586951814
fruit,8|INDIA_WEST,2030,9,7.53404665339913
fruit,8|INDIA_WEST,2030,10,10.4927985718649
fruit,8|INDIA_WEST,2030,11,7.53813261483005
fruit,8|INDIA_WEST,2030,12,4.29436475347482
fruit,8|INDIA_WEST,2040,1,0.147965596848992
fruit,8|INDIA_WEST,2040,2,0.547689222728969
fruit,8|INDIA_WEST,2040,3,6.62567675700255
fruit,8|INDIA_WEST,2040,4,18.1147545912966
fruit,8|INDIA_WEST,2040,5,24.6593028904088
fruit,8|INDIA_WEST,2040,6,20.6561459826554
fruit,8|INDIA_WEST,2040,7,0.518077189198051
fruit,8|INDIA_WEST,2040,8,0.117496586951814
fruit,8|INDIA_WEST,2040,9,7.53404665339913
fruit,8|INDIA_WEST,2040,10,10.4927985718649
fruit,8|INDIA_WEST,2040,11,7.53813261483005
fruit,8|INDIA_WEST,2040,12,4.29436475347482
fruit,8|INDIA_WEST,2050,1,0.147965596848992
fruit,8|INDIA_WEST,2050,2,0.547689222728969
fruit,8|INDIA_WEST,2050,3,6.62567675700255
fruit,8|INDIA_WEST,2050,4,18.1147545912966
fruit,8|INDIA_WEST,2050,5,24.6593028904088
fruit,8|INDIA_WEST,2050,6,20.6561459826554
fruit,8|INDIA_WEST,2050,7,0.518077189198051
fruit,8|INDIA_WEST,2050,8,0.117496586951814
fruit,8|INDIA_WEST,2050,9,7.53404665339913
fruit,8|INDIA_WEST,2050,10,10.4927985718649
fruit,8|INDIA_WEST,2050,11,7.53813261483005
fruit,8|INDIA_WEST,2050,12,4.29436475347482
fruit,8|INDIA_WEST,2060,1,0.147965596848992
fruit,8|INDIA_WEST,2060,2,0.547689222728969
fruit,8|INDIA_WEST,2060,3,6.62567675700255
fruit,8|INDIA_WEST,2060,4,18.1147545912966
fruit,8|INDIA_WEST,2060,5,24.6593028904088
fruit,8|INDIA_WEST,2060,6,20.6561459826554
fruit,8|INDIA_WEST,2060,7,0.518077189198051
fruit,8|INDIA_WEST,2060,8,0.117496586951814
fruit,8|INDIA_WEST,2060,9,7.53404665339913
fruit,8|INDIA_WEST,2060,10,10.4927985718649
fruit,8|INDIA_WEST,2060,11,7.53813261483005
fruit,8|INDIA_WEST,2060,12,4.29436475347482
fruit,9|INDIA_EAST,2010,1,2.57578258249644
fruit,9|INDIA_EAST,2010,2,4.44966184861308
fruit,9|INDIA_EAST,2010,3,11.4108300614184
fruit,9|INDIA_EAST,2010,4,22.3757415247949
fruit,9|INDIA_EAST,2010,5,28.7416249592188
fruit,9|INDIA_EAST,2010,6,21.6103700687533
fruit,9|INDIA_EAST,2010,7,0.397003474419361
fruit,9|INDIA_EAST,2010,8,0.226736626999933
fruit,9|INDIA_EAST,2010,9,8.53917792443749
fruit,9|INDIA_EAST,2010,10,14.8251338115578
fruit,9|INDIA_EAST,2010,11,10.1466966366924
fruit,9|INDIA_EAST,2010,12,6.36115122993126
fruit,9|INDIA_EAST,2020,1,2.57578258249644
fruit,9|INDIA_EAST,2020,2,4.44966184861308
fruit,9|INDIA_EAST,2020,3,11.4108300614184
fruit,9|INDIA_EAST,2020,4,22.3757415247949
fruit,9|INDIA_EAST,2020,5,28.7416249592188
fruit,9|INDIA_EAST,2020,6,21.6103700687533
fruit,9|INDIA_EAST,2020,7,0.397003474419361
fruit,9|INDIA_EAST,2020,8,0.226736626999933
fruit,9|INDIA_EAST,2020,9,8.53917792443749
fruit,9|INDIA_EAST,2020,10,14.8251338115578
fruit,9|INDIA_EAST,2020,11,10.1466966366924
fruit,9|INDIA_EAST,2020,12,6.36115122993126
fruit,9|INDIA_EAST,2030,1,2.57578258249644
fruit,9|INDIA_EAST,2030,2,4.44966184861308
fruit,9|INDIA_EAST,2030,3,11.4108300614184
fruit,9|INDIA_EAST,2030,4,22.3757415247949
fruit,9|INDIA_EAST,2030,5,28.7416249592188
fruit,9|INDIA_EAST,2030,6,21.6103700687533
fruit,9|INDIA_EAST,2030,7,0.397003474419361
fruit,9|INDIA_EAST,2030,8,0.226736626999933
fruit,9|INDIA_EAST,2030,9,8.53917792443749
fruit,9|INDIA_EAST,2030,10,14.8251338115578
fruit,9|INDIA_EAST,2030,11,10.1466966366924
fruit,9|INDIA_EAST,2030,12,6.36115122993126
fruit,9|INDIA_EAST,2040,1,2.57578258249644
fruit,9|INDIA_EAST,2040,2,4.44966184861308
fruit,9|INDIA_EAST,2040,3,11.4108300614184
fruit,9|INDIA_EAST,2040,4,22.3757415247949
fruit,9|INDIA_EAST,2040,5,28.7416249592188
fruit,9|INDIA_EAST,2040,6,21.6103700687533
fruit,9|INDIA_EAST,2040,7,0.397003474419361
fruit,9|INDIA_EAST,2040,8,0.226736626999933
fruit,9|INDIA_EAST,2040,9,8.53917792443749
fruit,9|INDIA_EAST,2040,10,14.8251338115578
fruit,9|INDIA_EAST,2040,11,10.1466966366924
fruit,9|INDIA_EAST,2040,12,6.36115122993126
fruit,9|INDIA_EAST,2050,1,2.57578258249644
fruit,9|INDIA_EAST,2050,2,4.44966184861308
fruit,9|INDIA_EAST,2050,3,11.4108300614184
fruit,9|INDIA_EAST,2050,4,22.3757415247949
fruit,9|INDIA_EAST,2050,5,28.7416249592188
fruit,9|INDIA_EAST,2050,6,21.6103700687533
fruit,9|INDIA_EAST,2050,7,0.397003474419361
fruit,9|INDIA_EAST,2050,8,0.226736626999933
fruit,9|INDIA_EAST,2050,9,8.53917792443749
fruit,9|INDIA_EAST,2050,10,14.8251338115578
fruit,9|INDIA_EAST,2050,11,10.1466966366924
fruit,9|INDIA_EAST,2050,12,6.36115122993126
fruit,9|INDIA_EAST,2060,1,2.57578258249644
fruit,9|INDIA_EAST,2060,2,4.44966184861308
fruit,9|INDIA_EAST,2060,3,11.4108300614184
fruit,9|INDIA_EAST,2060,4,22.3757415247949
fruit,9|INDIA_EAST,2060,5,28.7416249592188
fruit,9|INDIA_EAST,2060,6,21.6103700687533
fruit,9|INDIA_EAST,2060,7,0.397003474419361
fruit,9|INDIA_EAST,2060,8,0.226736626999933
fruit,9|INDIA_EAST,2060,9,8.53917792443749
fruit,9|INDIA_EAST,2060,10,14.8251338115578
fruit,9|INDIA_EAST,2060,11,10.1466966366924
fruit,9|INDIA_EAST,2060,12,6.36115122993126
fruit,12|PAKISTAN,2010,1,0.464695484954545
fruit,12|PAKISTAN,2010,2,0.412276332261935
fruit,12|PAKISTAN,2010,3,1.78370117391776
fruit,12|PAKISTAN,2010,4,4.5672536034269
fruit,12|PAKISTAN,2010,5,7.08560059533383
fruit,12|PAKISTAN,2010,6,7.36995039053675
fruit,12|PAKISTAN,2010,7,3.6726110005823
fruit,12|PAKISTAN,2010,8,2.84085551011635
fruit,12|PAKISTAN,2010,9,4.21614736098135
fruit,12|PAKISTAN,2010,10,3.63318702978483
fruit,12|PAKISTAN,2010,11,2.29101195432124
fruit,12|PAKISTAN,2010,12,1.25818421523808
fruit,12|PAKISTAN,2020,1,0.464695484954545
fruit,12|PAKISTAN,2020,2,0.412276332261935
fruit,12|PAKISTAN,2020,3,1.78370117391776
fruit,12|PAKISTAN,2020,4,4.5672536034269
fruit,12|PAKISTAN,2020,5,7.08560059533383
fruit,12|PAKISTAN,2020,6,7.36995039053675
fruit,12|PAKISTAN,2020,7,3.6726110005823
fruit,12|PAKISTAN,2020,8,2.84085551011635
fruit,12|PAKISTAN,2020,9,4.21614736098135
fruit,12|PAKISTAN,2020,10,3.63318702978483
fruit,12|PAKISTAN,2020,11,2.29101195432124
fruit,12|PAKISTAN,2020,12,1.25818421523808
fruit,12|PAKISTAN,2030,1,0.464695484954545
fruit,12|PAKISTAN,2030,2,0.412276332261935
fruit,12|PAKISTAN,2030,3,1.78370117391776
fruit,12|PAKISTAN,2030,4,4.5672536034269
fruit,12|PAKISTAN,2030,5,7.08560059533383
fruit,12|PAKISTAN,2030,6,7.36995039053675
fruit,12|PAKISTAN,2030,7,3.6726110005823
fruit,12|PAKISTAN,2030,8,2.84085551011635
fruit,12|PAKISTAN,2030,9,4.21614736098135
fruit,12|PAKISTAN,2030,10,3.63318702978483
fruit,12|PAKISTAN,2030,11,2.29101195432124
fruit,12|PAKISTAN,2030,12,1.25818421523808
fruit,12|PAKISTAN,2040,1,0.464695484954545
fruit,12|PAKISTAN,2040,2,0.412276332261935
fruit,12|PAKISTAN,2040,3,1.78370117391776
fruit,12|PAKISTAN,2040,4,4.5672536034269
fruit,12|PAKISTAN,2040,5,7.08560059533383
fruit,12|PAKISTAN,2040,6,7.36995039053675
fruit,12|PAKISTAN,2040,7,3.6726110005823
fruit,12|PAKISTAN,2040,8,2.84085551011635
fruit,12|PAKISTAN,2040,9,4.21614736098135
fruit,12|PAKISTAN,2040,10,3.63318702978483
fruit,12|PAKISTAN,2040,11,2.29101195432124
fruit,12|PAKISTAN,2040,12,1.25818421523808
fruit,12|PAKISTAN,2050,1,0.464695484954545
fruit,12|PAKISTAN,2050,2,0.412276332261935
fruit,12|PAKISTAN,2050,3,1.78370117391776
fruit,12|PAKISTAN,2050,4,4.5672536034269
fruit,12|PAKISTAN,2050,5,7.08560059533383
fruit,12|PAKISTAN,2050,6,7.36995039053675
fruit,12|PAKISTAN,2050,7,3.6726110005823
fruit,12|PAKISTAN,2050,8,2.84085551011635
fruit,12|PAKISTAN,2050,9,4.21614736098135
fruit,12|PAKISTAN,2050,10,3.63318702978483
fruit,12|PAKISTAN,2050,11,2.29101195432124
fruit,12|PAKISTAN,2050,12,1.25818421523808
fruit,12|PAKISTAN,2060,1,0.464695484954545
fruit,12|PAKISTAN,2060,2,0.412276332261935
fruit,12|PAKISTAN,2060,3,1.78370117391776
fruit,12|PAKISTAN,2060,4,4.5672536034269
fruit,12|PAKISTAN,2060,5,7.08560059533383
fruit,12|PAKISTAN,2060,6,7.36995039053675
fruit,12|PAKISTAN,2060,7,3.6726110005823
fruit,12|PAKISTAN,2060,8,2.84085551011635
fruit,12|PAKISTAN,2060,9,4.21614736098135
fruit,12|PAKISTAN,2060,10,3.63318702978483
fruit,12|PAKISTAN,2060,11,2.29101195432124
fruit,12|PAKISTAN,2060,12,1.25818421523808
fruit,13|PAKISTAN,2010,1,0.914699402972532
fruit,13|PAKISTAN,2010,2,1.12202062728281
fruit,13|PAKISTAN,2010,3,3.06637908120172
fruit,13|PAKISTAN,2010,4,5.7751336655792
fruit,13|PAKISTAN,2010,5,8.01699656254865
fruit,13|PAKISTAN,2010,6,8.06805628347202
fruit,13|PAKISTAN,2010,7,3.5935606239413
fruit,13|PAKISTAN,2010,8,2.26534791003049
fruit,13|PAKISTAN,2010,9,4.8990270512715
fruit,13|PAKISTAN,2010,10,4.36942860392215
fruit,13|PAKISTAN,2010,11,2.74467373176252
fruit,13|PAKISTAN,2010,12,1.58432140806481
fruit,13|PAKISTAN,2020,1,0.914699402972532
fruit,13|PAKISTAN,2020,2,1.12202062728281
fruit,13|PAKISTAN,2020,3,3.06637908120172
fruit,13|PAKISTAN,2020,4,5.7751336655792
fruit,13|PAKISTAN,2020,5,8.01699656254865
fruit,13|PAKISTAN,2020,6,8.06805628347202
fruit,13|PAKISTAN,2020,7,3.5935606239413
fruit,13|PAKISTAN,2020,8,2.26534791003049
fruit,13|PAKISTAN,2020,9,4.8990270512715
fruit,13|PAKISTAN,2020,10,4.36942860392215
fruit,13|PAKISTAN,2020,11,2.74467373176252
fruit,13|PAKISTAN,2020,12,1.58432140806481
fruit,13|PAKISTAN,2030,1,0.914699402972532
fruit,13|PAKISTAN,2030,2,1.12202062728281
fruit,13|PAKISTAN,2030,3,3.06637908120172
fruit,13|PAKISTAN,2030,4,5.7751336655792
fruit,13|PAKISTAN,2030,5,8.01699656254865
fruit,13|PAKISTAN,2030,6,8.06805628347202
fruit,13|PAKISTAN,2030,7,3.5935606239413
fruit,13|PAKISTAN,2030,8,2.26534791003049
fruit,13|PAKISTAN,2030,9,4.8990270512715
fruit,13|PAKISTAN,2030,10,4.36942860392215
fruit,13|PAKISTAN,2030,11,2.74467373176252
fruit,13|PAKISTAN,2030,12,1.58432140806481
fruit,13|PAKISTAN,2040,1,0.914699402972532
fruit,13|PAKISTAN,2040,2,1.12202062728281
fruit,13|PAKISTAN,2040,3,3.06637908120172
fruit,13|PAKISTAN,2040,4,5.7751336655792
fruit,13|PAKISTAN,2040,5,8.01699656254865
fruit,13|PAKISTAN,2040,6,8.06805628347202
fruit,13|PAKISTAN,2040,7,3.5935606239413
fruit,13|PAKISTAN,2040,8,2.26534791003049
fruit,13|PAKISTAN,2040,9,4.8990270512715
fruit,13|PAKISTAN,2040,10,4.36942860392215
fruit,13|PAKISTAN,2040,11,2.74467373176252
fruit,13|PAKISTAN,2040,12,1.58432140806481
fruit,13|PAKISTAN,2050,1,0.914699402972532
fruit,13|PAKISTAN,2050,2,1.12202062728281
fruit,13|PAKISTAN,2050,3,3.06637908120172
fruit,13|PAKISTAN,2050,4,5.7751336655792
fruit,13|PAKISTAN,2050,5,8.01699656254865
fruit,13|PAKISTAN,2050,6,8.06805628347202
fruit,13|PAKISTAN,2050,7,3.5935606239413
fruit,13|PAKISTAN,2050,8,2.26534791003049
fruit,13|PAKISTAN,2050,9,4.8990270512715
fruit,13|PAKISTAN,2050,10,4.36942860392215
fruit,13|PAKISTAN,2050,11,2.74467373176252
fruit,13|PAKISTAN,2050,12,1.58432140806481
fruit,13|PAKISTAN,2060,1,0.914699402972532
fruit,13|PAKISTAN,2060,2,1.12202062728281
fruit,13|PAKISTAN,2060,3,3.06637908120172
fruit,13|PAKISTAN,2060,4,5.7751336655792
fruit,13|PAKISTAN,2060,5,8.01699656254865
fruit,13|PAKISTAN,2060,6,8.06805628347202
fruit,13|PAKISTAN,2060,7,3.5935606239413
fruit,13|PAKISTAN,2060,8,2.26534791003049
fruit,13|PAKISTAN,2060,9,4.8990270512715
fruit,13|PAKISTAN,2060,10,4.36942860392215
fruit,13|PAKISTAN,2060,11,2.74467373176252
fruit,13|PAKISTAN,2060,12,1.58432140806481
fruit,16|PAKISTAN,2010,1,8.96664589938877
fruit,16|PAKISTAN,2010,2,12.6910265833068
fruit,16|PAKISTAN,2010,3,19.8441200565795
fruit,16|PAKISTAN,2010,4,28.7463468055002
fruit,16|PAKISTAN,2010,5,35.9160501169126
fruit,16|PAKISTAN,2010,6,37.4559572671339
fruit,16|PAKISTAN,2010,7,29.1497243124084
fruit,16|PAKISTAN,2010,8,27.0426008824032
fruit,16|PAKISTAN,2010,9,25.9594432262429
fruit,16|PAKISTAN,2010,10,20.9685855797155
fruit,16|PAKISTAN,2010,11,14.4797120006621
fruit,16|PAKISTAN,2010,12,10.3405432914872
fruit,16|PAKISTAN,2020,1,8.96664589938877
fruit,16|PAKISTAN,2020,2,12.6910265833068
fruit,16|PAKISTAN,2020,3,19.8441200565795
fruit,16|PAKISTAN,2020,4,28.7463468055002
fruit,16|PAKISTAN,2020,5,35.9160501169126
fruit,16|PAKISTAN,2020,6,37.4559572671339
fruit,16|PAKISTAN,2020,7,29.1497243124084
fruit,16|PAKISTAN,2020,8,27.0426008824032
fruit,16|PAKISTAN,2020,9,25.9594432262429
fruit,16|PAKISTAN,2020,10,20.9685855797155
fruit,16|PAKISTAN,2020,11,14.4797120006621
fruit,16|PAKISTAN,2020,12,10.3405432914872
fruit,16|PAKISTAN,2030,1,8.96664589938877
fruit,16|PAKISTAN,2030,2,12.6910265833068
fruit,16|PAKISTAN,2030,3,19.8441200565795
fruit,16|PAKISTAN,2030,4,28.7463468055002
fruit,16|PAKISTAN,2030,5,35.9160501169126
fruit,16|PAKISTAN,2030,6,37.4559572671339
fruit,16|PAKISTAN,2030,7,29.1497243124084
fruit,16|PAKISTAN,2030,8,27.0426008824032
fruit,16|PAKISTAN,2030,9,25.9594432262429
fruit,16|PAKISTAN,2030,10,20.9685855797155
fruit,16|PAKISTAN,2030,11,14.4797120006621
fruit,16|PAKISTAN,2030,12,10.3405432914872
fruit,16|PAKISTAN,2040,1,8.96664589938877
fruit,16|PAKISTAN,2040,2,12.6910265833068
fruit,16|PAKISTAN,2040,3,19.8441200565795
fruit,16|PAKISTAN,2040,4,28.7463468055002
fruit,16|PAKISTAN,2040,5,35.9160501169126
fruit,16|PAKISTAN,2040,6,37.4559572671339
fruit,16|PAKISTAN,2040,7,29.1497243124084
fruit,16|PAKISTAN,2040,8,27.0426008824032
fruit,16|PAKISTAN,2040,9,25.9594432262429
fruit,16|PAKISTAN,2040,10,20.9685855797155
fruit,16|PAKISTAN,2040,11,14.4797120006621
fruit,16|PAKISTAN,2040,12,10.3405432914872
fruit,16|PAKISTAN,2050,1,8.96664589938877
fruit,16|PAKISTAN,2050,2,12.6910265833068
fruit,16|PAKISTAN,2050,3,19.8441200565795
fruit,16|PAKISTAN,2050,4,28.7463468055002
fruit,16|PAKISTAN,2050,5,35.9160501169126
fruit,16|PAKISTAN,2050,6,37.4559572671339
fruit,16|PAKISTAN,2050,7,29.1497243124084
fruit,16|PAKISTAN,2050,8,27.0426008824032
fruit,16|PAKISTAN,2050,9,25.9594432262429
fruit,16|PAKISTAN,2050,10,20.9685855797155
fruit,16|PAKISTAN,2050,11,14.4797120006621
fruit,16|PAKISTAN,2050,12,10.3405432914872
fruit,16|PAKISTAN,2060,1,8.96664589938877
fruit,16|PAKISTAN,2060,2,12.6910265833068
fruit,16|PAKISTAN,2060,3,19.8441200565795
fruit,16|PAKISTAN,2060,4,28.7463468055002
fruit,16|PAKISTAN,2060,5,35.9160501169126
fruit,16|PAKISTAN,2060,6,37.4559572671339
fruit,16|PAKISTAN,2060,7,29.1497243124084
fruit,16|PAKISTAN,2060,8,27.0426008824032
fruit,16|PAKISTAN,2060,9,25.9594432262429
fruit,16|PAKISTAN,2060,10,20.9685855797155
fruit,16|PAKISTAN,2060,11,14.4797120006621
fruit,16|PAKISTAN,2060,12,10.3405432914872
fruit,17|PAKISTAN,2010,1,8.81702770285527
fruit,17|PAKISTAN,2010,2,12.3638949500362
fruit,17|PAKISTAN,2010,3,19.8655080478743
fruit,17|PAKISTAN,2010,4,29.1322957549099
fruit,17|PAKISTAN,2010,5,37.0136234447125
fruit,17|PAKISTAN,2010,6,38.0606360282867
fruit,17|PAKISTAN,2010,7,32.5767653222115
fruit,17|PAKISTAN,2010,8,29.0960856225347
fruit,17|PAKISTAN,2010,9,27.0331765642983
fruit,17|PAKISTAN,2010,10,22.5738811262958
fruit,17|PAKISTAN,2010,11,15.5945863256656
fruit,17|PAKISTAN,2010,12,10.7671321998832
fruit,17|PAKISTAN,2020,1,8.81702770285527
fruit,17|PAKISTAN,2020,2,12.3638949500362
fruit,17|PAKISTAN,2020,3,19.8655080478743
fruit,17|PAKISTAN,2020,4,29.1322957549099
fruit,17|PAKISTAN,2020,5,37.0136234447125
fruit,17|PAKISTAN,2020,6,38.0606360282867
fruit,17|PAKISTAN,2020,7,32.5767653222115
fruit,17|PAKISTAN,2020,8,29.0960856225347
fruit,17|PAKISTAN,2020,9,27.0331765642983
fruit,17|PAKISTAN,2020,10,22.5738811262958
fruit,17|PAKISTAN,2020,11,15.5945863256656
fruit,17|PAKISTAN,2020,12,10.7671321998832
fruit,17|PAKISTAN,2030,1,8.81702770285527
fruit,17|PAKISTAN,2030,2,12.3638949500362
fruit,17|PAKISTAN,2030,3,19.8655080478743
fruit,17|PAKISTAN,2030,4,29.1322957549099
fruit,17|PAKISTAN,2030,5,37.0136234447125
fruit,17|PAKISTAN,2030,6,38.0606360282867
fruit,17|PAKISTAN,2030,7,32.5767653222115
fruit,17|PAKISTAN,2030,8,29.0960856225347
fruit,17|PAKISTAN,2030,9,27.0331765642983
fruit,17|PAKISTAN,2030,10,22.5738811262958
fruit,17|PAKISTAN,2030,11,15.5945863256656
fruit,17|PAKISTAN,2030,12,10.7671321998832
fruit,17|PAKISTAN,2040,1,8.81702770285527
fruit,17|PAKISTAN,2040,2,12.3638949500362
fruit,17|PAKISTAN,2040,3,19.8655080478743
fruit,17|PAKISTAN,2040,4,29.1322957549099
fruit,17|PAKISTAN,2040,5,37.0136234447125
fruit,17|PAKISTAN,2040,6,38.0606360282867
fruit,17|PAKISTAN,2040,7,32.5767653222115
fruit,17|PAKISTAN,2040,8,29.0960856225347
fruit,17|PAKISTAN,2040,9,27.0331765642983
fruit,17|PAKISTAN,2040,10,22.5738811262958
fruit,17|PAKISTAN,2040,11,15.5945863256656
fruit,17|PAKISTAN,2040,12,10.7671321998832
fruit,17|PAKISTAN,2050,1,8.81702770285527
fruit,17|PAKISTAN,2050,2,12.3638949500362
fruit,17|PAKISTAN,2050,3,19.8655080478743
fruit,17|PAKISTAN,2050,4,29.1322957549099
fruit,17|PAKISTAN,2050,5,37.0136234447125
fruit,17|PAKISTAN,2050,6,38.0606360282867
fruit,17|PAKISTAN,2050,7,32.5767653222115
fruit,17|PAKISTAN,2050,8,29.0960856225347
fruit,17|PAKISTAN,2050,9,27.0331765642983
fruit,17|PAKISTAN,2050,10,22.5738811262958
fruit,17|PAKISTAN,2050,11,15.5945863256656
fruit,17|PAKISTAN,2050,12,10.7671321998832
fruit,17|PAKISTAN,2060,1,8.81702770285527
fruit,17|PAKISTAN,2060,2,12.3638949500362
fruit,17|PAKISTAN,2060,3,19.8655080478743
fruit,17|PAKISTAN,2060,4,29.1322957549099
fruit,17|PAKISTAN,2060,5,37.0136234447125
fruit,17|PAKISTAN,2060,6,38.0606360282867
fruit,17|PAKISTAN,2060,7,32.5767653222115
fruit,17|PAKISTAN,2060,8,29.0960856225347
fruit,17|PAKISTAN,2060,9,27.0331765642983
fruit,17|PAKISTAN,2060,10,22.5738811262958
fruit,17|PAKISTAN,2060,11,15.5945863256656
fruit,17|PAKISTAN,2060,12,10.7671321998832
fruit,18|PAKISTAN,2010,1,0.61019870338656
fruit,18|PAKISTAN,2010,2,0.412972153901395
fruit,18|PAKISTAN,2010,3,1.32594518309776
fruit,18|PAKISTAN,2010,4,3.69554768119665
fruit,18|PAKISTAN,2010,5,6.6092862825991
fruit,18|PAKISTAN,2010,6,7.60438871706433
fruit,18|PAKISTAN,2010,7,5.83131870707593
fruit,18|PAKISTAN,2010,8,4.65305337154595
fruit,18|PAKISTAN,2010,9,4.18544425611293
fruit,18|PAKISTAN,2010,10,3.09226594590872
fruit,18|PAKISTAN,2010,11,1.83409909596437
fruit,18|PAKISTAN,2010,12,1.14600892160806
fruit,18|PAKISTAN,2020,1,0.61019870338656
fruit,18|PAKISTAN,2020,2,0.412972153901395
fruit,18|PAKISTAN,2020,3,1.32594518309776
fruit,18|PAKISTAN,2020,4,3.69554768119665
fruit,18|PAKISTAN,2020,5,6.6092862825991
fruit,18|PAKISTAN,2020,6,7.60438871706433
fruit,18|PAKISTAN,2020,7,5.83131870707593
fruit,18|PAKISTAN,2020,8,4.65305337154595
fruit,18|PAKISTAN,2020,9,4.18544425611293
fruit,18|PAKISTAN,2020,10,3.09226594590872
fruit,18|PAKISTAN,2020,11,1.83409909596437
fruit,18|PAKISTAN,2020,12,1.14600892160806
fruit,18|PAKISTAN,2030,1,0.61019870338656
fruit,18|PAKISTAN,2030,2,0.412972153901395
fruit,18|PAKISTAN,2030,3,1.32594518309776
fruit,18|PAKISTAN,2030,4,3.69554768119665
fruit,18|PAKISTAN,2030,5,6.6092862825991
fruit,18|PAKISTAN,2030,6,7.60438871706433
fruit,18|PAKISTAN,2030,7,5.83131870707593
fruit,18|PAKISTAN,2030,8,4.65305337154595
fruit,18|PAKISTAN,2030,9,4.18544425611293
fruit,18|PAKISTAN,2030,10,3.09226594590872
fruit,18|PAKISTAN,2030,11,1.83409909596437
fruit,18|PAKISTAN,2030,12,1.14600892160806
fruit,18|PAKISTAN,2040,1,0.61019870338656
fruit,18|PAKISTAN,2040,2,0.412972153901395
fruit,18|PAKISTAN,2040,3,1.32594518309776
fruit,18|PAKISTAN,2040,4,3.69554768119665
fruit,18|PAKISTAN,2040,5,6.6092862825991
fruit,18|PAKISTAN,2040,6,7.60438871706433
fruit,18|PAKISTAN,2040,7,5.83131870707593
fruit,18|PAKISTAN,2040,8,4.65305337154595
fruit,18|PAKISTAN,2040,9,4.18544425611293
fruit,18|PAKISTAN,2040,10,3.09226594590872
fruit,18|PAKISTAN,2040,11,1.83409909596437
fruit,18|PAKISTAN,2040,12,1.14600892160806
fruit,18|PAKISTAN,2050,1,0.61019870338656
fruit,18|PAKISTAN,2050,2,0.412972153901395
fruit,18|PAKISTAN,2050,3,1.32594518309776
fruit,18|PAKISTAN,2050,4,3.69554768119665
fruit,18|PAKISTAN,2050,5,6.6092862825991
fruit,18|PAKISTAN,2050,6,7.60438871706433
fruit,18|PAKISTAN,2050,7,5.83131870707593
fruit,18|PAKISTAN,2050,8,4.65305337154595
fruit,18|PAKISTAN,2050,9,4.18544425611293
fruit,18|PAKISTAN,2050,10,3.09226594590872
fruit,18|PAKISTAN,2050,11,1.83409909596437
fruit,18|PAKISTAN,2050,12,1.14600892160806
fruit,18|PAKISTAN,2060,1,0.61019870338656
fruit,18|PAKISTAN,2060,2,0.412972153901395
fruit,18|PAKISTAN,2060,3,1.32594518309776
fruit,18|PAKISTAN,2060,4,3.69554768119665
fruit,18|PAKISTAN,2060,5,6.6092862825991
fruit,18|PAKISTAN,2060,6,7.60438871706433
fruit,18|PAKISTAN,2060,7,5.83131870707593
fruit,18|PAKISTAN,2060,8,4.65305337154595
fruit,18|PAKISTAN,2060,9,4.18544425611293
fruit,18|PAKISTAN,2060,10,3.09226594590872
fruit,18|PAKISTAN,2060,11,1.83409909596437
fruit,18|PAKISTAN,2060,12,1.14600892160806
fruit,19|PAKISTAN,2010,1,0.366929017013535
fruit,19|PAKISTAN,2010,2,0.0274199796407715
fruit,19|PAKISTAN,2010,3,0.897675874260842
fruit,19|PAKISTAN,2010,4,3.74797743648457
fruit,19|PAKISTAN,2010,5,6.98997708762495
fruit,19|PAKISTAN,2010,6,7.37020053564552
fruit,19|PAKISTAN,2010,7,3.48185781761038
fruit,19|PAKISTAN,2010,8,3.00870851251632
fruit,19|PAKISTAN,2010,9,3.90377160204888
fruit,19|PAKISTAN,2010,10,3.51243151083723
fruit,19|PAKISTAN,2010,11,2.23594636876175
fruit,19|PAKISTAN,2010,12,1.20410331230304
fruit,19|PAKISTAN,2020,1,0.366929017013535
fruit,19|PAKISTAN,2020,2,0.0274199796407715
fruit,19|PAKISTAN,2020,3,0.897675874260842
fruit,19|PAKISTAN,2020,4,3.74797743648457
fruit,19|PAKISTAN,2020,5,6.98997708762495
fruit,19|PAKISTAN,2020,6,7.37020053564552
fruit,19|PAKISTAN,2020,7,3.48185781761038
fruit,19|PAKISTAN,2020,8,3.00870851251632
fruit,19|PAKISTAN,2020,9,3.90377160204888
fruit,19|PAKISTAN,2020,10,3.51243151083723
fruit,19|PAKISTAN,2020,11,2.23594636876175
fruit,19|PAKISTAN,2020,12,1.20410331230304
fruit,19|PAKISTAN,2030,1,0.366929017013535
fruit,19|PAKISTAN,2030,2,0.0274199796407715
fruit,19|PAKISTAN,2030,3,0.897675874260842
fruit,19|PAKISTAN,2030,4,3.74797743648457
fruit,19|PAKISTAN,2030,5,6.98997708762495
fruit,19|PAKISTAN,2030,6,7.37020053564552
fruit,19|PAKISTAN,2030,7,3.48185781761038
fruit,19|PAKISTAN,2030,8,3.00870851251632
fruit,19|PAKISTAN,2030,9,3.90377160204888
fruit,19|PAKISTAN,2030,10,3.51243151083723
fruit,19|PAKISTAN,2030,11,2.23594636876175
fruit,19|PAKISTAN,2030,12,1.20410331230304
fruit,19|PAKISTAN,2040,1,0.366929017013535
fruit,19|PAKISTAN,2040,2,0.0274199796407715
fruit,19|PAKISTAN,2040,3,0.897675874260842
fruit,19|PAKISTAN,2040,4,3.74797743648457
fruit,19|PAKISTAN,2040,5,6.98997708762495
fruit,19|PAKISTAN,2040,6,7.37020053564552
fruit,19|PAKISTAN,2040,7,3.48185781761038
fruit,19|PAKISTAN,2040,8,3.00870851251632
fruit,19|PAKISTAN,2040,9,3.90377160204888
fruit,19|PAKISTAN,2040,10,3.51243151083723
fruit,19|PAKISTAN,2040,11,2.23594636876175
fruit,19|PAKISTAN,2040,12,1.20410331230304
fruit,19|PAKISTAN,2050,1,0.366929017013535
fruit,19|PAKISTAN,2050,2,0.0274199796407715
fruit,19|PAKISTAN,2050,3,0.897675874260842
fruit,19|PAKISTAN,2050,4,3.74797743648457
fruit,19|PAKISTAN,2050,5,6.98997708762495
fruit,19|PAKISTAN,2050,6,7.37020053564552
fruit,19|PAKISTAN,2050,7,3.48185781761038
fruit,19|PAKISTAN,2050,8,3.00870851251632
fruit,19|PAKISTAN,2050,9,3.90377160204888
fruit,19|PAKISTAN,2050,10,3.51243151083723
fruit,19|PAKISTAN,2050,11,2.23594636876175
fruit,19|PAKISTAN,2050,12,1.20410331230304
fruit,19|PAKISTAN,2060,1,0.366929017013535
fruit,19|PAKISTAN,2060,2,0.0274199796407715
fruit,19|PAKISTAN,2060,3,0.897675874260842
fruit,19|PAKISTAN,2060,4,3.74797743648457
fruit,19|PAKISTAN,2060,5,6.98997708762495
fruit,19|PAKISTAN,2060,6,7.37020053564552
fruit,19|PAKISTAN,2060,7,3.48185781761038
fruit,19|PAKISTAN,2060,8,3.00870851251632
fruit,19|PAKISTAN,2060,9,3.90377160204888
fruit,19|PAKISTAN,2060,10,3.51243151083723
fruit,19|PAKISTAN,2060,11,2.23594636876175
fruit,19|PAKISTAN,2060,12,1.20410331230304
fruit,23|PAKISTAN,2010,1,1.70190508971975
fruit,23|PAKISTAN,2010,2,2.21900273462221
fruit,23|PAKISTAN,2010,3,3.77504317987235
fruit,23|PAKISTAN,2010,4,5.98095370486273
fruit,23|PAKISTAN,2010,5,8.08101111267372
fruit,23|PAKISTAN,2010,6,8.39820619698012
fruit,23|PAKISTAN,2010,7,6.61091911794825
fruit,23|PAKISTAN,2010,8,5.8153376944221
fruit,23|PAKISTAN,2010,9,5.54157884282372
fruit,23|PAKISTAN,2010,10,4.47866538714668
fruit,23|PAKISTAN,2010,11,3.0191502240574
fruit,23|PAKISTAN,2010,12,2.09663582933388
fruit,23|PAKISTAN,2020,1,1.70190508971975
fruit,23|PAKISTAN,2020,2,2.21900273462221
fruit,23|PAKISTAN,2020,3,3.77504317987235
fruit,23|PAKISTAN,2020,4,5.98095370486273
fruit,23|PAKISTAN,2020,5,8.08101111267372
fruit,23|PAKISTAN,2020,6,8.39820619698012
fruit,23|PAKISTAN,2020,7,6.61091911794825
fruit,23|PAKISTAN,2020,8,5.8153376944221
fruit,23|PAKISTAN,2020,9,5.54157884282372
fruit,23|PAKISTAN,2020,10,4.47866538714668
fruit,23|PAKISTAN,2020,11,3.0191502240574
fruit,23|PAKISTAN,2020,12,2.09663582933388
fruit,23|PAKISTAN,2030,1,1.70190508971975
fruit,23|PAKISTAN,2030,2,2.21900273462221
fruit,23|PAKISTAN,2030,3,3.77504317987235
fruit,23|PAKISTAN,2030,4,5.98095370486273
fruit,23|PAKISTAN,2030,5,8.08101111267372
fruit,23|PAKISTAN,2030,6,8.39820619698012
fruit,23|PAKISTAN,2030,7,6.61091911794825
fruit,23|PAKISTAN,2030,8,5.8153376944221
fruit,23|PAKISTAN,2030,9,5.54157884282372
fruit,23|PAKISTAN,2030,10,4.47866538714668
fruit,23|PAKISTAN,2030,11,3.0191502240574
fruit,23|PAKISTAN,2030,12,2.09663582933388
fruit,23|PAKISTAN,2040,1,1.70190508971975
fruit,23|PAKISTAN,2040,2,2.21900273462221
fruit,23|PAKISTAN,2040,3,3.77504317987235
fruit,23|PAKISTAN,2040,4,5.98095370486273
fruit,23|PAKISTAN,2040,5,8.08101111267372
fruit,23|PAKISTAN,2040,6,8.39820619698012
fruit,23|PAKISTAN,2040,7,6.61091911794825
fruit,23|PAKISTAN,2040,8,5.8153376944221
fruit,23|PAKISTAN,2040,9,5.54157884282372
fruit,23|PAKISTAN,2040,10,4.47866538714668
fruit,23|PAKISTAN,2040,11,3.0191502240574
fruit,23|PAKISTAN,2040,12,2.09663582933388
fruit,23|PAKISTAN,2050,1,1.70190508971975
fruit,23|PAKISTAN,2050,2,2.21900273462221
fruit,23|PAKISTAN,2050,3,3.77504317987235
fruit,23|PAKISTAN,2050,4,5.98095370486273
fruit,23|PAKISTAN,2050,5,8.08101111267372
fruit,23|PAKISTAN,2050,6,8.39820619698012
fruit,23|PAKISTAN,2050,7,6.61091911794825
fruit,23|PAKISTAN,2050,8,5.8153376944221
fruit,23|PAKISTAN,2050,9,5.54157884282372
fruit,23|PAKISTAN,2050,10,4.47866538714668
fruit,23|PAKISTAN,2050,11,3.0191502240574
fruit,23|PAKISTAN,2050,12,2.09663582933388
fruit,23|PAKISTAN,2060,1,1.70190508971975
fruit,23|PAKISTAN,2060,2,2.21900273462221
fruit,23|PAKISTAN,2060,3,3.77504317987235
fruit,23|PAKISTAN,2060,4,5.98095370486273
fruit,23|PAKISTAN,2060,5,8.08101111267372
fruit,23|PAKISTAN,2060,6,8.39820619698012
fruit,23|PAKISTAN,2060,7,6.61091911794825
fruit,23|PAKISTAN,2060,8,5.8153376944221
fruit,23|PAKISTAN,2060,9,5.54157884282372
fruit,23|PAKISTAN,2060,10,4.47866538714668
fruit,23|PAKISTAN,2060,11,3.0191502240574
fruit,23|PAKISTAN,2060,12,2.09663582933388
vegetables,1|AFGHAN_SOUTH,2010,1,6.91339549073234
vegetables,1|AFGHAN_SOUTH,2010,2,8.86017622784878
vegetables,1|AFGHAN_SOUTH,2010,3,10.8407464407678
vegetables,1|AFGHAN_SOUTH,2010,4,45.4236326309224
vegetables,1|AFGHAN_SOUTH,2010,5,62.4420793299648
vegetables,1|AFGHAN_SOUTH,2010,6,66.3373136714961
vegetables,1|AFGHAN_SOUTH,2010,7,37.6429064943606
vegetables,1|AFGHAN_SOUTH,2010,8,30.1436396868457
vegetables,1|AFGHAN_SOUTH,2010,9,37.9739866415243
vegetables,1|AFGHAN_SOUTH,2010,10,28.7795244696718
vegetables,1|AFGHAN_SOUTH,2010,11,17.7604550906063
vegetables,1|AFGHAN_SOUTH,2010,12,11.0336784317408
vegetables,1|AFGHAN_SOUTH,2020,1,6.91339549073234
vegetables,1|AFGHAN_SOUTH,2020,2,8.86017622784878
vegetables,1|AFGHAN_SOUTH,2020,3,10.8407464407678
vegetables,1|AFGHAN_SOUTH,2020,4,45.4236326309224
vegetables,1|AFGHAN_SOUTH,2020,5,62.4420793299648
vegetables,1|AFGHAN_SOUTH,2020,6,66.3373136714961
vegetables,1|AFGHAN_SOUTH,2020,7,37.6429064943606
vegetables,1|AFGHAN_SOUTH,2020,8,30.1436396868457
vegetables,1|AFGHAN_SOUTH,2020,9,37.9739866415243
vegetables,1|AFGHAN_SOUTH,2020,10,28.7795244696718
vegetables,1|AFGHAN_SOUTH,2020,11,17.7604550906063
vegetables,1|AFGHAN_SOUTH,2020,12,11.0336784317408
vegetables,1|AFGHAN_SOUTH,2030,1,6.91339549073234
vegetables,1|AFGHAN_SOUTH,2030,2,8.86017622784878
vegetables,1|AFGHAN_SOUTH,2030,3,10.8407464407678
vegetables,1|AFGHAN_SOUTH,2030,4,45.4236326309224
vegetables,1|AFGHAN_SOUTH,2030,5,62.4420793299648
vegetables,1|AFGHAN_SOUTH,2030,6,66.3373136714961
vegetables,1|AFGHAN_SOUTH,2030,7,37.6429064943606
vegetables,1|AFGHAN_SOUTH,2030,8,30.1436396868457
vegetables,1|AFGHAN_SOUTH,2030,9,37.9739866415243
vegetables,1|AFGHAN_SOUTH,2030,10,28.7795244696718
vegetables,1|AFGHAN_SOUTH,2030,11,17.7604550906063
vegetables,1|AFGHAN_SOUTH,2030,12,11.0336784317408
vegetables,1|AFGHAN_SOUTH,2040,1,6.91339549073234
vegetables,1|AFGHAN_SOUTH,2040,2,8.86017622784878
vegetables,1|AFGHAN_SOUTH,2040,3,10.8407464407678
vegetables,1|AFGHAN_SOUTH,2040,4,45.4236326309224
vegetables,1|AFGHAN_SOUTH,2040,5,62.4420793299648
vegetables,1|AFGHAN_SOUTH,2040,6,66.3373136714961
vegetables,1|AFGHAN_SOUTH,2040,7,37.6429064943606
vegetables,1|AFGHAN_SOUTH,2040,8,30.1436396868457
vegetables,1|AFGHAN_SOUTH,2040,9,37.9739866415243
vegetables,1|AFGHAN_SOUTH,2040,10,28.7795244696718
vegetables,1|AFGHAN_SOUTH,2040,11,17.7604550906063
vegetables,1|AFGHAN_SOUTH,2040,12,11.0336784317408
vegetables,1|AFGHAN_SOUTH,2050,1,6.91339549073234
vegetables,1|AFGHAN_SOUTH,2050,2,8.86017622784878
vegetables,1|AFGHAN_SOUTH,2050,3,10.8407464407678
vegetables,1|AFGHAN_SOUTH,2050,4,45.4236326309224
vegetables,1|AFGHAN_SOUTH,2050,5,62.4420793299648
vegetables,1|AFGHAN_SOUTH,2050,6,66.3373136714961
vegetables,1|AFGHAN_SOUTH,2050,7,37.6429064943606
vegetables,1|AFGHAN_SOUTH,2050,8,30.1436396868457
vegetables,1|AFGHAN_SOUTH,2050,9,37.9739866415243
vegetables,1|AFGHAN_SOUTH,2050,10,28.7795244696718
vegetables,1|AFGHAN_SOUTH,2050,11,17.7604550906063
vegetables,1|AFGHAN_SOUTH,2050,12,11.0336784317408
vegetables,1|AFGHAN_SOUTH,2060,1,6.91339549073234
vegetables,1|AFGHAN_SOUTH,2060,2,8.86017622784878
vegetables,1|AFGHAN_SOUTH,2060,3,10.8407464407678
vegetables,1|AFGHAN_SOUTH,2060,4,45.4236326309224
vegetables,1|AFGHAN_SOUTH,2060,5,62.4420793299648
vegetables,1|AFGHAN_SOUTH,2060,6,66.3373136714961
vegetables,1|AFGHAN_SOUTH,2060,7,37.6429064943606
vegetables,1|AFGHAN_SOUTH,2060,8,30.1436396868457
vegetables,1|AFGHAN_SOUTH,2060,9,37.9739866415243
vegetables,1|AFGHAN_SOUTH,2060,10,28.7795244696718
vegetables,1|AFGHAN_SOUTH,2060,11,17.7604550906063
vegetables,1|AFGHAN_SOUTH,2060,12,11.0336784317408
vegetables,2|AFGHAN_NORTH,2010,1,3.13108283374462
vegetables,2|AFGHAN_NORTH,2010,2,3.48163241436968
vegetables,2|AFGHAN_NORTH,2010,3,5.81148569973817
vegetables,2|AFGHAN_NORTH,2010,4,30.8708698885598
vegetables,2|AFGHAN_NORTH,2010,5,49.6708985163864
vegetables,2|AFGHAN_NORTH,2010,6,62.3506948465652
vegetables,2|AFGHAN_NORTH,2010,7,38.6409142113908
vegetables,2|AFGHAN_NORTH,2010,8,29.8955768726688
vegetables,2|AFGHAN_NORTH,2010,9,34.1372810154132
vegetables,2|AFGHAN_NORTH,2010,10,21.2920207490433
vegetables,2|AFGHAN_NORTH,2010,11,10.6630084982106
vegetables,2|AFGHAN_NORTH,2010,12,6.42033753575996
vegetables,2|AFGHAN_NORTH,2020,1,3.13108283374462
vegetables,2|AFGHAN_NORTH,2020,2,3.48163241436968
vegetables,2|AFGHAN_NORTH,2020,3,5.81148569973817
vegetables,2|AFGHAN_NORTH,2020,4,30.8708698885598
vegetables,2|AFGHAN_NORTH,2020,5,49.6708985163864
vegetables,2|AFGHAN_NORTH,2020,6,62.3506948465652
vegetables,2|AFGHAN_NORTH,2020,7,38.6409142113908
vegetables,2|AFGHAN_NORTH,2020,8,29.8955768726688
vegetables,2|AFGHAN_NORTH,2020,9,34.1372810154132
vegetables,2|AFGHAN_NORTH,2020,10,21.2920207490433
vegetables,2|AFGHAN_NORTH,2020,11,10.6630084982106
vegetables,2|AFGHAN_NORTH,2020,12,6.42033753575996
vegetables,2|AFGHAN_NORTH,2030,1,3.13108283374462
vegetables,2|AFGHAN_NORTH,2030,2,3.48163241436968
vegetables,2|AFGHAN_NORTH,2030,3,5.81148569973817
vegetables,2|AFGHAN_NORTH,2030,4,30.8708698885598
vegetables,2|AFGHAN_NORTH,2030,5,49.6708985163864
vegetables,2|AFGHAN_NORTH,2030,6,62.3506948465652
vegetables,2|AFGHAN_NORTH,2030,7,38.6409142113908
vegetables,2|AFGHAN_NORTH,2030,8,29.8955768726688
vegetables,2|AFGHAN_NORTH,2030,9,34.1372810154132
vegetables,2|AFGHAN_NORTH,2030,10,21.2920207490433
vegetables,2|AFGHAN_NORTH,2030,11,10.6630084982106
vegetables,2|AFGHAN_NORTH,2030,12,6.42033753575996
vegetables,2|AFGHAN_NORTH,2040,1,3.13108283374462
vegetables,2|AFGHAN_NORTH,2040,2,3.48163241436968
vegetables,2|AFGHAN_NORTH,2040,3,5.81148569973817
vegetables,2|AFGHAN_NORTH,2040,4,30.8708698885598
vegetables,2|AFGHAN_NORTH,2040,5,49.6708985163864
vegetables,2|AFGHAN_NORTH,2040,6,62.3506948465652
vegetables,2|AFGHAN_NORTH,2040,7,38.6409142113908
vegetables,2|AFGHAN_NORTH,2040,8,29.8955768726688
vegetables,2|AFGHAN_NORTH,2040,9,34.1372810154132
vegetables,2|AFGHAN_NORTH,2040,10,21.2920207490433
vegetables,2|AFGHAN_NORTH,2040,11,10.6630084982106
vegetables,2|AFGHAN_NORTH,2040,12,6.42033753575996
vegetables,2|AFGHAN_NORTH,2050,1,3.13108283374462
vegetables,2|AFGHAN_NORTH,2050,2,3.48163241436968
vegetables,2|AFGHAN_NORTH,2050,3,5.81148569973817
vegetables,2|AFGHAN_NORTH,2050,4,30.8708698885598
vegetables,2|AFGHAN_NORTH,2050,5,49.6708985163864
vegetables,2|AFGHAN_NORTH,2050,6,62.3506948465652
vegetables,2|AFGHAN_NORTH,2050,7,38.6409142113908
vegetables,2|AFGHAN_NORTH,2050,8,29.8955768726688
vegetables,2|AFGHAN_NORTH,2050,9,34.1372810154132
vegetables,2|AFGHAN_NORTH,2050,10,21.2920207490433
vegetables,2|AFGHAN_NORTH,2050,11,10.6630084982106
vegetables,2|AFGHAN_NORTH,2050,12,6.42033753575996
vegetables,2|AFGHAN_NORTH,2060,1,3.13108283374462
vegetables,2|AFGHAN_NORTH,2060,2,3.48163241436968
vegetables,2|AFGHAN_NORTH,2060,3,5.81148569973817
vegetables,2|AFGHAN_NORTH,2060,4,30.8708698885598
vegetables,2|AFGHAN_NORTH,2060,5,49.6708985163864
vegetables,2|AFGHAN_NORTH,2060,6,62.3506948465652
vegetables,2|AFGHAN_NORTH,2060,7,38.6409142113908
vegetables,2|AFGHAN_NORTH,2060,8,29.8955768726688
vegetables,2|AFGHAN_NORTH,2060,9,34.1372810154132
vegetables,2|AFGHAN_NORTH,2060,10,21.2920207490433
vegetables,2|AFGHAN_NORTH,2060,11,10.6630084982106
vegetables,2|AFGHAN_NORTH,2060,12,6.42033753575996
vegetables,6|INDIA_WEST,2010,1,1.01454976649243
vegetables,6|INDIA_WEST,2010,2,0.716400265906913
vegetables,6|INDIA_WEST,2010,3,1.45021937687684
vegetables,6|INDIA_WEST,2010,4,26.2056247365899
vegetables,6|INDIA_WEST,2010,5,42.4246298797302
vegetables,6|INDIA_WEST,2010,6,49.9937068507288
vegetables,6|INDIA_WEST,2010,7,25.3686524824096
vegetables,6|INDIA_WEST,2010,8,20.0455967805756
vegetables,6|INDIA_WEST,2010,9,28.0911980485668
vegetables,6|INDIA_WEST,2010,10,19.4227129073917
vegetables,6|INDIA_WEST,2010,11,10.8568942958324
vegetables,6|INDIA_WEST,2010,12,5.73031360529338
vegetables,6|INDIA_WEST,2020,1,1.01454976649243
vegetables,6|INDIA_WEST,2020,2,0.716400265906913
vegetables,6|INDIA_WEST,2020,3,1.45021937687684
vegetables,6|INDIA_WEST,2020,4,26.2056247365899
vegetables,6|INDIA_WEST,2020,5,42.4246298797302
vegetables,6|INDIA_WEST,2020,6,49.9937068507288
vegetables,6|INDIA_WEST,2020,7,25.3686524824096
vegetables,6|INDIA_WEST,2020,8,20.0455967805756
vegetables,6|INDIA_WEST,2020,9,28.0911980485668
vegetables,6|INDIA_WEST,2020,10,19.4227129073917
vegetables,6|INDIA_WEST,2020,11,10.8568942958324
vegetables,6|INDIA_WEST,2020,12,5.73031360529338
vegetables,6|INDIA_WEST,2030,1,1.01454976649243
vegetables,6|INDIA_WEST,2030,2,0.716400265906913
vegetables,6|INDIA_WEST,2030,3,1.45021937687684
vegetables,6|INDIA_WEST,2030,4,26.2056247365899
vegetables,6|INDIA_WEST,2030,5,42.4246298797302
vegetables,6|INDIA_WEST,2030,6,49.9937068507288
vegetables,6|INDIA_WEST,2030,7,25.3686524824096
vegetables,6|INDIA_WEST,2030,8,20.0455967805756
vegetables,6|INDIA_WEST,2030,9,28.0911980485668
vegetables,6|INDIA_WEST,2030,10,19.4227129073917
vegetables,6|INDIA_WEST,2030,11,10.8568942958324
vegetables,6|INDIA_WEST,2030,12,5.73031360529338
vegetables,6|INDIA_WEST,2040,1,1.01454976649243
vegetables,6|INDIA_WEST,2040,2,0.716400265906913
vegetables,6|INDIA_WEST,2040,3,1.45021937687684
vegetables,6|INDIA_WEST,2040,4,26.2056247365899
vegetables,6|INDIA_WEST,2040,5,42.4246298797302
vegetables,6|INDIA_WEST,2040,6,49.9937068507288
vegetables,6|INDIA_WEST,2040,7,25.3686524824096
vegetables,6|INDIA_WEST,2040,8,20.0455967805756
vegetables,6|INDIA_WEST,2040,9,28.0911980485668
vegetables,6|INDIA_WEST,2040,10,19.4227129073917
vegetables,6|INDIA_WEST,2040,11,10.8568942958324
vegetables,6|INDIA_WEST,2040,12,5.73031360529338
vegetables,6|INDIA_WEST,2050,1,1.01454976649243
vegetables,6|INDIA_WEST,2050,2,0.716400265906913
vegetables,6|INDIA_WEST,2050,3,1.45021937687684
vegetables,6|INDIA_WEST,2050,4,26.2056247365899
vegetables,6|INDIA_WEST,2050,5,42.4246298797302
vegetables,6|INDIA_WEST,2050,6,49.9937068507288
vegetables,6|INDIA_WEST,2050,7,25.3686524824096
vegetables,6|INDIA_WEST,2050,8,20.0455967805756
vegetables,6|INDIA_WEST,2050,9,28.0911980485668
vegetables,6|INDIA_WEST,2050,10,19.4227129073917
vegetables,6|INDIA_WEST,2050,11,10.8568942958324
vegetables,6|INDIA_WEST,2050,12,5.73031360529338
vegetables,6|INDIA_WEST,2060,1,1.01454976649243
vegetables,6|INDIA_WEST,2060,2,0.716400265906913
vegetables,6|INDIA_WEST,2060,3,1.45021937687684
vegetables,6|INDIA_WEST,2060,4,26.2056247365899
vegetables,6|INDIA_WEST,2060,5,42.4246298797302
vegetables,6|INDIA_WEST,2060,6,49.9937068507288
vegetables,6|INDIA_WEST,2060,7,25.3686524824096
vegetables,6|INDIA_WEST,2060,8,20.0455967805756
vegetables,6|INDIA_WEST,2060,9,28.0911980485668
vegetables,6|INDIA_WEST,2060,10,19.4227129073917
vegetables,6|INDIA_WEST,2060,11,10.8568942958324
vegetables,6|INDIA_WEST,2060,12,5.73031360529338
vegetables,7|INDIA_WEST,2010,1,2.62920240817631
vegetables,7|INDIA_WEST,2010,2,4.43115902939604
vegetables,7|INDIA_WEST,2010,3,7.49784006328442
vegetables,7|INDIA_WEST,2010,4,57.7818341982504
vegetables,7|INDIA_WEST,2010,5,80.7583453534721
vegetables,7|INDIA_WEST,2010,6,84.7685836221534
vegetables,7|INDIA_WEST,2010,7,26.6778828900784
vegetables,7|INDIA_WEST,2010,8,17.8505418468303
vegetables,7|INDIA_WEST,2010,9,42.4111886764956
vegetables,7|INDIA_WEST,2010,10,35.1583391364464
vegetables,7|INDIA_WEST,2010,11,20.8903008161352
vegetables,7|INDIA_WEST,2010,12,11.1883728103601
vegetables,7|INDIA_WEST,2020,1,2.62920240817631
vegetables,7|INDIA_WEST,2020,2,4.43115902939604
vegetables,7|INDIA_WEST,2020,3,7.49784006328442
vegetables,7|INDIA_WEST,2020,4,57.7818341982504
vegetables,7|INDIA_WEST,2020,5,80.7583453534721
vegetables,7|INDIA_WEST,2020,6,84.7685836221534
vegetables,7|INDIA_WEST,2020,7,26.6778828900784
vegetables,7|INDIA_WEST,2020,8,17.8505418468303
vegetables,7|INDIA_WEST,2020,9,42.4111886764956
vegetables,7|INDIA_WEST,2020,10,35.1583391364464
vegetables,7|INDIA_WEST,2020,11,20.8903008161352
vegetables,7|INDIA_WEST,2020,12,11.1883728103601
vegetables,7|INDIA_WEST,2030,1,2.62920240817631
vegetables,7|INDIA_WEST,2030,2,4.43115902939604
vegetables,7|INDIA_WEST,2030,3,7.49784006328442
vegetables,7|INDIA_WEST,2030,4,57.7818341982504
vegetables,7|INDIA_WEST,2030,5,80.7583453534721
vegetables,7|INDIA_WEST,2030,6,84.7685836221534
vegetables,7|INDIA_WEST,2030,7,26.6778828900784
vegetables,7|INDIA_WEST,2030,8,17.8505418468303
vegetables,7|INDIA_WEST,2030,9,42.4111886764956
vegetables,7|INDIA_WEST,2030,10,35.1583391364464
vegetables,7|INDIA_WEST,2030,11,20.8903008161352
vegetables,7|INDIA_WEST,2030,12,11.1883728103601
vegetables,7|INDIA_WEST,2040,1,2.62920240817631
vegetables,7|INDIA_WEST,2040,2,4.43115902939604
vegetables,7|INDIA_WEST,2040,3,7.49784006328442
vegetables,7|INDIA_WEST,2040,4,57.7818341982504
vegetables,7|INDIA_WEST,2040,5,80.7583453534721
vegetables,7|INDIA_WEST,2040,6,84.7685836221534
vegetables,7|INDIA_WEST,2040,7,26.6778828900784
vegetables,7|INDIA_WEST,2040,8,17.8505418468303
vegetables,7|INDIA_WEST,2040,9,42.4111886764956
vegetables,7|INDIA_WEST,2040,10,35.1583391364464
vegetables,7|INDIA_WEST,2040,11,20.8903008161352
vegetables,7|INDIA_WEST,2040,12,11.1883728103601
vegetables,7|INDIA_WEST,2050,1,2.62920240817631
vegetables,7|INDIA_WEST,2050,2,4.43115902939604
vegetables,7|INDIA_WEST,2050,3,7.49784006328442
vegetables,7|INDIA_WEST,2050,4,57.7818341982504
vegetables,7|INDIA_WEST,2050,5,80.7583453534721
vegetables,7|INDIA_WEST,2050,6,84.7685836221534
vegetables,7|INDIA_WEST,2050,7,26.6778828900784
vegetables,7|INDIA_WEST,2050,8,17.8505418468303
vegetables,7|INDIA_WEST,2050,9,42.4111886764956
vegetables,7|INDIA_WEST,2050,10,35.1583391364464
vegetables,7|INDIA_WEST,2050,11,20.8903008161352
vegetables,7|INDIA_WEST,2050,12,11.1883728103601
vegetables,7|INDIA_WEST,2060,1,2.62920240817631
vegetables,7|INDIA_WEST,2060,2,4.43115902939604
vegetables,7|INDIA_WEST,2060,3,7.49784006328442
vegetables,7|INDIA_WEST,2060,4,57.7818341982504
vegetables,7|INDIA_WEST,2060,5,80.7583453534721
vegetables,7|INDIA_WEST,2060,6,84.7685836221534
vegetables,7|INDIA_WEST,2060,7,26.6778828900784
vegetables,7|INDIA_WEST,2060,8,17.8505418468303
vegetables,7|INDIA_WEST,2060,9,42.4111886764956
vegetables,7|INDIA_WEST,2060,10,35.1583391364464
vegetables,7|INDIA_WEST,2060,11,20.8903008161352
vegetables,7|INDIA_WEST,2060,12,11.1883728103601
vegetables,8|INDIA_WEST,2010,1,0.952950598700025
vegetables,8|INDIA_WEST,2010,2,1.68656447849231
vegetables,8|INDIA_WEST,2010,3,2.40586846780748
vegetables,8|INDIA_WEST,2010,4,12.0573758552307
vegetables,8|INDIA_WEST,2010,5,15.5986485169202
vegetables,8|INDIA_WEST,2010,6,15.0070394862305
vegetables,8|INDIA_WEST,2010,7,3.31226662901833
vegetables,8|INDIA_WEST,2010,8,2.07460151333449
vegetables,8|INDIA_WEST,2010,9,6.77065837481163
vegetables,8|INDIA_WEST,2010,10,6.15916811948988
vegetables,8|INDIA_WEST,2010,11,3.8220938001047
vegetables,8|INDIA_WEST,2010,12,2.32703453948965
vegetables,8|INDIA_WEST,2020,1,0.952950598700025
vegetables,8|INDIA_WEST,2020,2,1.68656447849231
vegetables,8|INDIA_WEST,2020,3,2.40586846780748
vegetables,8|INDIA_WEST,2020,4,12.0573758552307
vegetables,8|INDIA_WEST,2020,5,15.5986485169202
vegetables,8|INDIA_WEST,2020,6,15.0070394862305
vegetables,8|INDIA_WEST,2020,7,3.31226662901833
vegetables,8|INDIA_WEST,2020,8,2.07460151333449
vegetables,8|INDIA_WEST,2020,9,6.77065837481163
vegetables,8|INDIA_WEST,2020,10,6.15916811948988
vegetables,8|INDIA_WEST,2020,11,3.8220938001047
vegetables,8|INDIA_WEST,2020,12,2.32703453948965
vegetables,8|INDIA_WEST,2030,1,0.952950598700025
vegetables,8|INDIA_WEST,2030,2,1.68656447849231
vegetables,8|INDIA_WEST,2030,3,2.40586846780748
vegetables,8|INDIA_WEST,2030,4,12.0573758552307
vegetables,8|INDIA_WEST,2030,5,15.5986485169202
vegetables,8|INDIA_WEST,2030,6,15.0070394862305
vegetables,8|INDIA_WEST,2030,7,3.31226662901833
vegetables,8|INDIA_WEST,2030,8,2.07460151333449
vegetables,8|INDIA_WEST,2030,9,6.77065837481163
vegetables,8|INDIA_WEST,2030,10,6.15916811948988
vegetables,8|INDIA_WEST,2030,11,3.8220938001047
vegetables,8|INDIA_WEST,2030,12,2.32703453948965
vegetables,8|INDIA_WEST,2040,1,0.952950598700025
vegetables,8|INDIA_WEST,2040,2,1.68656447849231
vegetables,8|INDIA_WEST,2040,3,2.40586846780748
vegetables,8|INDIA_WEST,2040,4,12.0573758552307
vegetables,8|INDIA_WEST,2040,5,15.5986485169202
vegetables,8|INDIA_WEST,2040,6,15.0070394862305
vegetables,8|INDIA_WEST,2040,7,3.31226662901833
vegetables,8|INDIA_WEST,2040,8,2.07460151333449
vegetables,8|INDIA_WEST,2040,9,6.77065837481163
vegetables,8|INDIA_WEST,2040,10,6.15916811948988
vegetables,8|INDIA_WEST,2040,11,3.8220938001047
vegetables,8|INDIA_WEST,2040,12,2.32703453948965
vegetables,8|INDIA_WEST,2050,1,0.952950598700025
vegetables,8|INDIA_WEST,2050,2,1.68656447849231
vegetables,8|INDIA_WEST,2050,3,2.40586846780748
vegetables,8|INDIA_WEST,2050,4,12.0573758552307
vegetables,8|INDIA_WEST,2050,5,15.5986485169202
vegetables,8|INDIA_WEST,2050,6,15.0070394862305
vegetables,8|INDIA_WEST,2050,7,3.31226662901833
vegetables,8|INDIA_WEST,2050,8,2.07460151333449
vegetables,8|INDIA_WEST,2050,9,6.77065837481163
vegetables,8|INDIA_WEST,2050,10,6.15916811948988
vegetables,8|INDIA_WEST,2050,11,3.8220938001047
vegetables,8|INDIA_WEST,2050,12,2.32703453948965
vegetables,8|INDIA_WEST,2060,1,0.952950598700025
vegetables,8|INDIA_WEST,2060,2,1.68656447849231
vegetables,8|INDIA_WEST,2060,3,2.40586846780748
vegetables,8|INDIA_WEST,2060,4,12.0573758552307
vegetables,8|INDIA_WEST,2060,5,15.5986485169202
vegetables,8|INDIA_WEST,2060,6,15.0070394862305
vegetables,8|INDIA_WEST,2060,7,3.31226662901833
vegetables,8|INDIA_WEST,2060,8,2.07460151333449
vegetables,8|INDIA_WEST,2060,9,6.77065837481163
vegetables,8|INDIA_WEST,2060,10,6.15916811948988
vegetables,8|INDIA_WEST,2060,11,3.8220938001047
vegetables,8|INDIA_WEST,2060,12,2.32703453948965
vegetables,9|INDIA_EAST,2010,1,6.89652059811454
vegetables,9|INDIA_EAST,2010,2,11.3520024998549
vegetables,9|INDIA_EAST,2010,3,13.6102831192117
vegetables,9|INDIA_EAST,2010,4,55.129329618671
vegetables,9|INDIA_EAST,2010,5,67.9109568840369
vegetables,9|INDIA_EAST,2010,6,63.7935253444676
vegetables,9|INDIA_EAST,2010,7,17.8905474109119
vegetables,9|INDIA_EAST,2010,8,12.5559736630201
vegetables,9|INDIA_EAST,2010,9,29.7895769855986
vegetables,9|INDIA_EAST,2010,10,27.7333239385881
vegetables,9|INDIA_EAST,2010,11,17.5452456380004
vegetables,9|INDIA_EAST,2010,12,11.3985695919282
vegetables,9|INDIA_EAST,2020,1,6.89652059811454
vegetables,9|INDIA_EAST,2020,2,11.3520024998549
vegetables,9|INDIA_EAST,2020,3,13.6102831192117
vegetables,9|INDIA_EAST,2020,4,55.129329618671
vegetables,9|INDIA_EAST,2020,5,67.9109568840369
vegetables,9|INDIA_EAST,2020,6,63.7935253444676
vegetables,9|INDIA_EAST,2020,7,17.8905474109119
vegetables,9|INDIA_EAST,2020,8,12.5559736630201
vegetables,9|INDIA_EAST,2020,9,29.7895769855986
vegetables,9|INDIA_EAST,2020,10,27.7333239385881
vegetables,9|INDIA_EAST,2020,11,17.5452456380004
vegetables,9|INDIA_EAST,2020,12,11.3985695919282
vegetables,9|INDIA_EAST,2030,1,6.89652059811454
vegetables,9|INDIA_EAST,2030,2,11.3520024998549
vegetables,9|INDIA_EAST,2030,3,13.6102831192117
vegetables,9|INDIA_EAST,2030,4,55.129329618671
vegetables,9|INDIA_EAST,2030,5,67.9109568840369
vegetables,9|INDIA_EAST,2030,6,63.7935253444676
vegetables,9|INDIA_EAST,2030,7,17.8905474109119
vegetables,9|INDIA_EAST,2030,8,12.5559736630201
vegetables,9|INDIA_EAST,2030,9,29.7895769855986
vegetables,9|INDIA_EAST,2030,10,27.7333239385881
vegetables,9|INDIA_EAST,2030,11,17.5452456380004
vegetables,9|INDIA_EAST,2030,12,11.3985695919282
vegetables,9|INDIA_EAST,2040,1,6.89652059811454
vegetables,9|INDIA_EAST,2040,2,11.3520024998549
vegetables,9|INDIA_EAST,2040,3,13.6102831192117
vegetables,9|INDIA_EAST,2040,4,55.129329618671
vegetables,9|INDIA_EAST,2040,5,67.9109568840369
vegetables,9|INDIA_EAST,2040,6,63.7935253444676
vegetables,9|INDIA_EAST,2040,7,17.8905474109119
vegetables,9|INDIA_EAST,2040,8,12.5559736630201
vegetables,9|INDIA_EAST,2040,9,29.7895769855986
vegetables,9|INDIA_EAST,2040,10,27.7333239385881
vegetables,9|INDIA_EAST,2040,11,17.5452456380004
vegetables,9|INDIA_EAST,2040,12,11.3985695919282
vegetables,9|INDIA_EAST,2050,1,6.89652059811454
vegetables,9|INDIA_EAST,2050,2,11.3520024998549
vegetables,9|INDIA_EAST,2050,3,13.6102831192117
vegetables,9|INDIA_EAST,2050,4,55.129329618671
vegetables,9|INDIA_EAST,2050,5,67.9109568840369
vegetables,9|INDIA_EAST,2050,6,63.7935253444676
vegetables,9|INDIA_EAST,2050,7,17.8905474109119
vegetables,9|INDIA_EAST,2050,8,12.5559736630201
vegetables,9|INDIA_EAST,2050,9,29.7895769855986
vegetables,9|INDIA_EAST,2050,10,27.7333239385881
vegetables,9|INDIA_EAST,2050,11,17.5452456380004
vegetables,9|INDIA_EAST,2050,12,11.3985695919282
vegetables,9|INDIA_EAST,2060,1,6.89652059811454
vegetables,9|INDIA_EAST,2060,2,11.3520024998549
vegetables,9|INDIA_EAST,2060,3,13.6102831192117
vegetables,9|INDIA_EAST,2060,4,55.129329618671
vegetables,9|INDIA_EAST,2060,5,67.9109568840369
vegetables,9|INDIA_EAST,2060,6,63.7935253444676
vegetables,9|INDIA_EAST,2060,7,17.8905474109119
vegetables,9|INDIA_EAST,2060,8,12.5559736630201
vegetables,9|INDIA_EAST,2060,9,29.7895769855986
vegetables,9|INDIA_EAST,2060,10,27.7333239385881
vegetables,9|INDIA_EAST,2060,11,17.5452456380004
vegetables,9|INDIA_EAST,2060,12,11.3985695919282
vegetables,10|INDIA_WEST,2010,1,0.746944440008852
vegetables,10|INDIA_WEST,2010,2,1.29122908272921
vegetables,10|INDIA_WEST,2010,3,2.13594725966907
vegetables,10|INDIA_WEST,2010,4,13.9240644149939
vegetables,10|INDIA_WEST,2010,5,23.5288611445917
vegetables,10|INDIA_WEST,2010,6,32.5549310879292
vegetables,10|INDIA_WEST,2010,7,22.6419903150109
vegetables,10|INDIA_WEST,2010,8,16.3524043166406
vegetables,10|INDIA_WEST,2010,9,14.9750094257642
vegetables,10|INDIA_WEST,2010,10,7.361524074965
vegetables,10|INDIA_WEST,2010,11,3.37807972115635
vegetables,10|INDIA_WEST,2010,12,1.55524146238355
vegetables,10|INDIA_WEST,2020,1,0.746944440008852
vegetables,10|INDIA_WEST,2020,2,1.29122908272921
vegetables,10|INDIA_WEST,2020,3,2.13594725966907
vegetables,10|INDIA_WEST,2020,4,13.9240644149939
vegetables,10|INDIA_WEST,2020,5,23.5288611445917
vegetables,10|INDIA_WEST,2020,6,32.5549310879292
vegetables,10|INDIA_WEST,2020,7,22.6419903150109
vegetables,10|INDIA_WEST,2020,8,16.3524043166406
vegetables,10|INDIA_WEST,2020,9,14.9750094257642
vegetables,10|INDIA_WEST,2020,10,7.361524074965
vegetables,10|INDIA_WEST,2020,11,3.37807972115635
vegetables,10|INDIA_WEST,2020,12,1.55524146238355
vegetables,10|INDIA_WEST,2030,1,0.746944440008852
vegetables,10|INDIA_WEST,2030,2,1.29122908272921
vegetables,10|INDIA_WEST,2030,3,2.13594725966907
vegetables,10|INDIA_WEST,2030,4,13.9240644149939
vegetables,10|INDIA_WEST,2030,5,23.5288611445917
vegetables,10|INDIA_WEST,2030,6,32.5549310879292
vegetables,10|INDIA_WEST,2030,7,22.6419903150109
vegetables,10|INDIA_WEST,2030,8,16.3524043166406
vegetables,10|INDIA_WEST,2030,9,14.9750094257642
vegetables,10|INDIA_WEST,2030,10,7.361524074965
vegetables,10|INDIA_WEST,2030,11,3.37807972115635
vegetables,10|INDIA_WEST,2030,12,1.55524146238355
vegetables,10|INDIA_WEST,2040,1,0.746944440008852
vegetables,10|INDIA_WEST,2040,2,1.29122908272921
vegetables,10|INDIA_WEST,2040,3,2.13594725966907
vegetables,10|INDIA_WEST,2040,4,13.9240644149939
vegetables,10|INDIA_WEST,2040,5,23.5288611445917
vegetables,10|INDIA_WEST,2040,6,32.5549310879292
vegetables,10|INDIA_WEST,2040,7,22.6419903150109
vegetables,10|INDIA_WEST,2040,8,16.3524043166406
vegetables,10|INDIA_WEST,2040,9,14.9750094257642
vegetables,10|INDIA_WEST,2040,10,7.361524074965
vegetables,10|INDIA_WEST,2040,11,3.37807972115635
vegetables,10|INDIA_WEST,2040,12,1.55524146238355
vegetables,10|INDIA_WEST,2050,1,0.746944440008852
vegetables,10|INDIA_WEST,2050,2,1.29122908272921
vegetables,10|INDIA_WEST,2050,3,2.13594725966907
vegetables,10|INDIA_WEST,2050,4,13.9240644149939
vegetables,10|INDIA_WEST,2050,5,23.5288611445917
vegetables,10|INDIA_WEST,2050,6,32.5549310879292
vegetables,10|INDIA_WEST,2050,7,22.6419903150109
vegetables,10|INDIA_WEST,2050,8,16.3524043166406
vegetables,10|INDIA_WEST,2050,9,14.9750094257642
vegetables,10|INDIA_WEST,2050,10,7.361524074965
vegetables,10|INDIA_WEST,2050,11,3.37807972115635
vegetables,10|INDIA_WEST,2050,12,1.55524146238355
vegetables,10|INDIA_WEST,2060,1,0.746944440008852
vegetables,10|INDIA_WEST,2060,2,1.29122908272921
vegetables,10|INDIA_WEST,2060,3,2.13594725966907
vegetables,10|INDIA_WEST,2060,4,13.9240644149939
vegetables,10|INDIA_WEST,2060,5,23.5288611445917
vegetables,10|INDIA_WEST,2060,6,32.5549310879292
vegetables,10|INDIA_WEST,2060,7,22.6419903150109
vegetables,10|INDIA_WEST,2060,8,16.3524043166406
vegetables,10|INDIA_WEST,2060,9,14.9750094257642
vegetables,10|INDIA_WEST,2060,10,7.361524074965
vegetables,10|INDIA_WEST,2060,11,3.37807972115635
vegetables,10|INDIA_WEST,2060,12,1.55524146238355
vegetables,11|INDIA_WEST,2010,1,0.746680861742666
vegetables,11|INDIA_WEST,2010,2,1.44415918287163
vegetables,11|INDIA_WEST,2010,3,2.48024959587026
vegetables,11|INDIA_WEST,2010,4,17.7848571661082
vegetables,11|INDIA_WEST,2010,5,31.0186504669421
vegetables,11|INDIA_WEST,2010,6,42.196055545509
vegetables,11|INDIA_WEST,2010,7,27.1371237786461
vegetables,11|INDIA_WEST,2010,8,21.1293784805304
vegetables,11|INDIA_WEST,2010,9,23.4259592655811
vegetables,11|INDIA_WEST,2010,10,11.7387728381277
vegetables,11|INDIA_WEST,2010,11,4.44902608866238
vegetables,11|INDIA_WEST,2010,12,2.04366561414136
vegetables,11|INDIA_WEST,2020,1,0.746680861742666
vegetables,11|INDIA_WEST,2020,2,1.44415918287163
vegetables,11|INDIA_WEST,2020,3,2.48024959587026
vegetables,11|INDIA_WEST,2020,4,17.7848571661082
vegetables,11|INDIA_WEST,2020,5,31.0186504669421
vegetables,11|INDIA_WEST,2020,6,42.196055545509
vegetables,11|INDIA_WEST,2020,7,27.1371237786461
vegetables,11|INDIA_WEST,2020,8,21.1293784805304
vegetables,11|INDIA_WEST,2020,9,23.4259592655811
vegetables,11|INDIA_WEST,2020,10,11.7387728381277
vegetables,11|INDIA_WEST,2020,11,4.44902608866238
vegetables,11|INDIA_WEST,2020,12,2.04366561414136
vegetables,11|INDIA_WEST,2030,1,0.746680861742666
vegetables,11|INDIA_WEST,2030,2,1.44415918287163
vegetables,11|INDIA_WEST,2030,3,2.48024959587026
vegetables,11|INDIA_WEST,2030,4,17.7848571661082
vegetables,11|INDIA_WEST,2030,5,31.0186504669421
vegetables,11|INDIA_WEST,2030,6,42.196055545509
vegetables,11|INDIA_WEST,2030,7,27.1371237786461
vegetables,11|INDIA_WEST,2030,8,21.1293784805304
vegetables,11|INDIA_WEST,2030,9,23.4259592655811
vegetables,11|INDIA_WEST,2030,10,11.7387728381277
vegetables,11|INDIA_WEST,2030,11,4.44902608866238
vegetables,11|INDIA_WEST,2030,12,2.04366561414136
vegetables,11|INDIA_WEST,2040,1,0.746680861742666
vegetables,11|INDIA_WEST,2040,2,1.44415918287163
vegetables,11|INDIA_WEST,2040,3,2.48024959587026
vegetables,11|INDIA_WEST,2040,4,17.7848571661082
vegetables,11|INDIA_WEST,2040,5,31.0186504669421
vegetables,11|INDIA_WEST,2040,6,42.196055545509
vegetables,11|INDIA_WEST,2040,7,27.1371237786461
vegetables,11|INDIA_WEST,2040,8,21.1293784805304
vegetables,11|INDIA_WEST,2040,9,23.4259592655811
vegetables,11|INDIA_WEST,2040,10,11.7387728381277
vegetables,11|INDIA_WEST,2040,11,4.44902608866238
vegetables,11|INDIA_WEST,2040,12,2.04366561414136
vegetables,11|INDIA_WEST,2050,1,0.746680861742666
vegetables,11|INDIA_WEST,2050,2,1.44415918287163
vegetables,11|INDIA_WEST,2050,3,2.48024959587026
vegetables,11|INDIA_WEST,2050,4,17.7848571661082
vegetables,11|INDIA_WEST,2050,5,31.0186504669421
vegetables,11|INDIA_WEST,2050,6,42.196055545509
vegetables,11|INDIA_WEST,2050,7,27.1371237786461
vegetables,11|INDIA_WEST,2050,8,21.1293784805304
vegetables,11|INDIA_WEST,2050,9,23.4259592655811
vegetables,11|INDIA_WEST,2050,10,11.7387728381277
vegetables,11|INDIA_WEST,2050,11,4.44902608866238
vegetables,11|INDIA_WEST,2050,12,2.04366561414136
vegetables,11|INDIA_WEST,2060,1,0.746680861742666
vegetables,11|INDIA_WEST,2060,2,1.44415918287163
vegetables,11|INDIA_WEST,2060,3,2.48024959587026
vegetables,11|INDIA_WEST,2060,4,17.7848571661082
vegetables,11|INDIA_WEST,2060,5,31.0186504669421
vegetables,11|INDIA_WEST,2060,6,42.196055545509
vegetables,11|INDIA_WEST,2060,7,27.1371237786461
vegetables,11|INDIA_WEST,2060,8,21.1293784805304
vegetables,11|INDIA_WEST,2060,9,23.4259592655811
vegetables,11|INDIA_WEST,2060,10,11.7387728381277
vegetables,11|INDIA_WEST,2060,11,4.44902608866238
vegetables,11|INDIA_WEST,2060,12,2.04366561414136
vegetables,12|PAKISTAN,2010,1,1.50265656871831
vegetables,12|PAKISTAN,2010,2,2.22048528098361
vegetables,12|PAKISTAN,2010,3,2.64389912820835
vegetables,12|PAKISTAN,2010,4,11.8997656722139
vegetables,12|PAKISTAN,2010,5,16.0719437914315
vegetables,12|PAKISTAN,2010,6,16.4886849284904
vegetables,12|PAKISTAN,2010,7,6.77447823278902
vegetables,12|PAKISTAN,2010,8,5.00977706203452
vegetables,12|PAKISTAN,2010,9,8.23049934492417
vegetables,12|PAKISTAN,2010,10,6.1221425980135
vegetables,12|PAKISTAN,2010,11,3.61917584427392
vegetables,12|PAKISTAN,2010,12,2.29815958771402
vegetables,12|PAKISTAN,2020,1,1.50265656871831
vegetables,12|PAKISTAN,2020,2,2.22048528098361
vegetables,12|PAKISTAN,2020,3,2.64389912820835
vegetables,12|PAKISTAN,2020,4,11.8997656722139
vegetables,12|PAKISTAN,2020,5,16.0719437914315
vegetables,12|PAKISTAN,2020,6,16.4886849284904
vegetables,12|PAKISTAN,2020,7,6.77447823278902
vegetables,12|PAKISTAN,2020,8,5.00977706203452
vegetables,12|PAKISTAN,2020,9,8.23049934492417
vegetables,12|PAKISTAN,2020,10,6.1221425980135
vegetables,12|PAKISTAN,2020,11,3.61917584427392
vegetables,12|PAKISTAN,2020,12,2.29815958771402
vegetables,12|PAKISTAN,2030,1,1.50265656871831
vegetables,12|PAKISTAN,2030,2,2.22048528098361
vegetables,12|PAKISTAN,2030,3,2.64389912820835
vegetables,12|PAKISTAN,2030,4,11.8997656722139
vegetables,12|PAKISTAN,2030,5,16.0719437914315
vegetables,12|PAKISTAN,2030,6,16.4886849284904
vegetables,12|PAKISTAN,2030,7,6.77447823278902
vegetables,12|PAKISTAN,2030,8,5.00977706203452
vegetables,12|PAKISTAN,2030,9,8.23049934492417
vegetables,12|PAKISTAN,2030,10,6.1221425980135
vegetables,12|PAKISTAN,2030,11,3.61917584427392
vegetables,12|PAKISTAN,2030,12,2.29815958771402
vegetables,12|PAKISTAN,2040,1,1.50265656871831
vegetables,12|PAKISTAN,2040,2,2.22048528098361
vegetables,12|PAKISTAN,2040,3,2.64389912820835
vegetables,12|PAKISTAN,2040,4,11.8997656722139
vegetables,12|PAKISTAN,2040,5,16.0719437914315
vegetables,12|PAKISTAN,2040,6,16.4886849284904
vegetables,12|PAKISTAN,2040,7,6.77447823278902
vegetables,12|PAKISTAN,2040,8,5.00977706203452
vegetables,12|PAKISTAN,2040,9,8.23049934492417
vegetables,12|PAKISTAN,2040,10,6.1221425980135
vegetables,12|PAKISTAN,2040,11,3.61917584427392
vegetables,12|PAKISTAN,2040,12,2.29815958771402
vegetables,12|PAKISTAN,2050,1,1.50265656871831
vegetables,12|PAKISTAN,2050,2,2.22048528098361
vegetables,12|PAKISTAN,2050,3,2.64389912820835
vegetables,12|PAKISTAN,2050,4,11.8997656722139
vegetables,12|PAKISTAN,2050,5,16.0719437914315
vegetables,12|PAKISTAN,2050,6,16.4886849284904
vegetables,12|PAKISTAN,2050,7,6.77447823278902
vegetables,12|PAKISTAN,2050,8,5.00977706203452
vegetables,12|PAKISTAN,2050,9,8.23049934492417
vegetables,12|PAKISTAN,2050,10,6.1221425980135
vegetables,12|PAKISTAN,2050,11,3.61917584427392
vegetables,12|PAKISTAN,2050,12,2.29815958771402
vegetables,12|PAKISTAN,2060,1,1.50265656871831
vegetables,12|PAKISTAN,2060,2,2.22048528098361
vegetables,12|PAKISTAN,2060,3,2.64389912820835
vegetables,12|PAKISTAN,2060,4,11.8997656722139
vegetables,12|PAKISTAN,2060,5,16.0719437914315
vegetables,12|PAKISTAN,2060,6,16.4886849284904
vegetables,12|PAKISTAN,2060,7,6.77447823278902
vegetables,12|PAKISTAN,2060,8,5.00977706203452
vegetables,12|PAKISTAN,2060,9,8.23049934492417
vegetables,12|PAKISTAN,2060,10,6.1221425980135
vegetables,12|PAKISTAN,2060,11,3.61917584427392
vegetables,12|PAKISTAN,2060,12,2.29815958771402
vegetables,13|PAKISTAN,2010,1,2.14026821455555
vegetables,13|PAKISTAN,2010,2,3.3821926455729
vegetables,13|PAKISTAN,2010,3,3.91403319696153
vegetables,13|PAKISTAN,2010,4,14.6772971846697
vegetables,13|PAKISTAN,2010,5,18.608165139184
vegetables,13|PAKISTAN,2010,6,18.5887541274907
vegetables,13|PAKISTAN,2010,7,7.58948766725097
vegetables,13|PAKISTAN,2010,8,5.55973040358988
vegetables,13|PAKISTAN,2010,9,9.3930687787476
vegetables,13|PAKISTAN,2010,10,7.13223993220242
vegetables,13|PAKISTAN,2010,11,4.22409571491098
vegetables,13|PAKISTAN,2010,12,2.8258284674196
vegetables,13|PAKISTAN,2020,1,2.14026821455555
vegetables,13|PAKISTAN,2020,2,3.3821926455729
vegetables,13|PAKISTAN,2020,3,3.91403319696153
vegetables,13|PAKISTAN,2020,4,14.6772971846697
vegetables,13|PAKISTAN,2020,5,18.608165139184
vegetables,13|PAKISTAN,2020,6,18.5887541274907
vegetables,13|PAKISTAN,2020,7,7.58948766725097
vegetables,13|PAKISTAN,2020,8,5.55973040358988
vegetables,13|PAKISTAN,2020,9,9.3930687787476
vegetables,13|PAKISTAN,2020,10,7.13223993220242
vegetables,13|PAKISTAN,2020,11,4.22409571491098
vegetables,13|PAKISTAN,2020,12,2.8258284674196
vegetables,13|PAKISTAN,2030,1,2.14026821455555
vegetables,13|PAKISTAN,2030,2,3.3821926455729
vegetables,13|PAKISTAN,2030,3,3.91403319696153
vegetables,13|PAKISTAN,2030,4,14.6772971846697
vegetables,13|PAKISTAN,2030,5,18.608165139184
vegetables,13|PAKISTAN,2030,6,18.5887541274907
vegetables,13|PAKISTAN,2030,7,7.58948766725097
vegetables,13|PAKISTAN,2030,8,5.55973040358988
vegetables,13|PAKISTAN,2030,9,9.3930687787476
vegetables,13|PAKISTAN,2030,10,7.13223993220242
vegetables,13|PAKISTAN,2030,11,4.22409571491098
vegetables,13|PAKISTAN,2030,12,2.8258284674196
vegetables,13|PAKISTAN,2040,1,2.14026821455555
vegetables,13|PAKISTAN,2040,2,3.3821926455729
vegetables,13|PAKISTAN,2040,3,3.91403319696153
vegetables,13|PAKISTAN,2040,4,14.6772971846697
vegetables,13|PAKISTAN,2040,5,18.608165139184
vegetables,13|PAKISTAN,2040,6,18.5887541274907
vegetables,13|PAKISTAN,2040,7,7.58948766725097
vegetables,13|PAKISTAN,2040,8,5.55973040358988
vegetables,13|PAKISTAN,2040,9,9.3930687787476
vegetables,13|PAKISTAN,2040,10,7.13223993220242
vegetables,13|PAKISTAN,2040,11,4.22409571491098
vegetables,13|PAKISTAN,2040,12,2.8258284674196
vegetables,13|PAKISTAN,2050,1,2.14026821455555
vegetables,13|PAKISTAN,2050,2,3.3821926455729
vegetables,13|PAKISTAN,2050,3,3.91403319696153
vegetables,13|PAKISTAN,2050,4,14.6772971846697
vegetables,13|PAKISTAN,2050,5,18.608165139184
vegetables,13|PAKISTAN,2050,6,18.5887541274907
vegetables,13|PAKISTAN,2050,7,7.58948766725097
vegetables,13|PAKISTAN,2050,8,5.55973040358988
vegetables,13|PAKISTAN,2050,9,9.3930687787476
vegetables,13|PAKISTAN,2050,10,7.13223993220242
vegetables,13|PAKISTAN,2050,11,4.22409571491098
vegetables,13|PAKISTAN,2050,12,2.8258284674196
vegetables,13|PAKISTAN,2060,1,2.14026821455555
vegetables,13|PAKISTAN,2060,2,3.3821926455729
vegetables,13|PAKISTAN,2060,3,3.91403319696153
vegetables,13|PAKISTAN,2060,4,14.6772971846697
vegetables,13|PAKISTAN,2060,5,18.608165139184
vegetables,13|PAKISTAN,2060,6,18.5887541274907
vegetables,13|PAKISTAN,2060,7,7.58948766725097
vegetables,13|PAKISTAN,2060,8,5.55973040358988
vegetables,13|PAKISTAN,2060,9,9.3930687787476
vegetables,13|PAKISTAN,2060,10,7.13223993220242
vegetables,13|PAKISTAN,2060,11,4.22409571491098
vegetables,13|PAKISTAN,2060,12,2.8258284674196
vegetables,14|PAKISTAN,2010,1,2.80666077421385
vegetables,14|PAKISTAN,2010,2,4.38758708586667
vegetables,14|PAKISTAN,2010,3,4.44483695875943
vegetables,14|PAKISTAN,2010,4,15.0125562183515
vegetables,14|PAKISTAN,2010,5,18.3386676941276
vegetables,14|PAKISTAN,2010,6,19.2724316227858
vegetables,14|PAKISTAN,2010,7,10.1755431226755
vegetables,14|PAKISTAN,2010,8,8.26704845103377
vegetables,14|PAKISTAN,2010,9,10.8981711835896
vegetables,14|PAKISTAN,2010,10,7.9239723384119
vegetables,14|PAKISTAN,2010,11,4.8795321178982
vegetables,14|PAKISTAN,2010,12,3.45191565896305
vegetables,14|PAKISTAN,2020,1,2.80666077421385
vegetables,14|PAKISTAN,2020,2,4.38758708586667
vegetables,14|PAKISTAN,2020,3,4.44483695875943
vegetables,14|PAKISTAN,2020,4,15.0125562183515
vegetables,14|PAKISTAN,2020,5,18.3386676941276
vegetables,14|PAKISTAN,2020,6,19.2724316227858
vegetables,14|PAKISTAN,2020,7,10.1755431226755
vegetables,14|PAKISTAN,2020,8,8.26704845103377
vegetables,14|PAKISTAN,2020,9,10.8981711835896
vegetables,14|PAKISTAN,2020,10,7.9239723384119
vegetables,14|PAKISTAN,2020,11,4.8795321178982
vegetables,14|PAKISTAN,2020,12,3.45191565896305
vegetables,14|PAKISTAN,2030,1,2.80666077421385
vegetables,14|PAKISTAN,2030,2,4.38758708586667
vegetables,14|PAKISTAN,2030,3,4.44483695875943
vegetables,14|PAKISTAN,2030,4,15.0125562183515
vegetables,14|PAKISTAN,2030,5,18.3386676941276
vegetables,14|PAKISTAN,2030,6,19.2724316227858
vegetables,14|PAKISTAN,2030,7,10.1755431226755
vegetables,14|PAKISTAN,2030,8,8.26704845103377
vegetables,14|PAKISTAN,2030,9,10.8981711835896
vegetables,14|PAKISTAN,2030,10,7.9239723384119
vegetables,14|PAKISTAN,2030,11,4.8795321178982
vegetables,14|PAKISTAN,2030,12,3.45191565896305
vegetables,14|PAKISTAN,2040,1,2.80666077421385
vegetables,14|PAKISTAN,2040,2,4.38758708586667
vegetables,14|PAKISTAN,2040,3,4.44483695875943
vegetables,14|PAKISTAN,2040,4,15.0125562183515
vegetables,14|PAKISTAN,2040,5,18.3386676941276
vegetables,14|PAKISTAN,2040,6,19.2724316227858
vegetables,14|PAKISTAN,2040,7,10.1755431226755
vegetables,14|PAKISTAN,2040,8,8.26704845103377
vegetables,14|PAKISTAN,2040,9,10.8981711835896
vegetables,14|PAKISTAN,2040,10,7.9239723384119
vegetables,14|PAKISTAN,2040,11,4.8795321178982
vegetables,14|PAKISTAN,2040,12,3.45191565896305
vegetables,14|PAKISTAN,2050,1,2.80666077421385
vegetables,14|PAKISTAN,2050,2,4.38758708586667
vegetables,14|PAKISTAN,2050,3,4.44483695875943
vegetables,14|PAKISTAN,2050,4,15.0125562183515
vegetables,14|PAKISTAN,2050,5,18.3386676941276
vegetables,14|PAKISTAN,2050,6,19.2724316227858
vegetables,14|PAKISTAN,2050,7,10.1755431226755
vegetables,14|PAKISTAN,2050,8,8.26704845103377
vegetables,14|PAKISTAN,2050,9,10.8981711835896
vegetables,14|PAKISTAN,2050,10,7.9239723384119
vegetables,14|PAKISTAN,2050,11,4.8795321178982
vegetables,14|PAKISTAN,2050,12,3.45191565896305
vegetables,14|PAKISTAN,2060,1,2.80666077421385
vegetables,14|PAKISTAN,2060,2,4.38758708586667
vegetables,14|PAKISTAN,2060,3,4.44483695875943
vegetables,14|PAKISTAN,2060,4,15.0125562183515
vegetables,14|PAKISTAN,2060,5,18.3386676941276
vegetables,14|PAKISTAN,2060,6,19.2724316227858
vegetables,14|PAKISTAN,2060,7,10.1755431226755
vegetables,14|PAKISTAN,2060,8,8.26704845103377
vegetables,14|PAKISTAN,2060,9,10.8981711835896
vegetables,14|PAKISTAN,2060,10,7.9239723384119
vegetables,14|PAKISTAN,2060,11,4.8795321178982
vegetables,14|PAKISTAN,2060,12,3.45191565896305
vegetables,15|PAKISTAN,2010,1,19.7454552406098
vegetables,15|PAKISTAN,2010,2,25.2331133882521
vegetables,15|PAKISTAN,2010,3,23.6096814515034
vegetables,15|PAKISTAN,2010,4,72.9122905545759
vegetables,15|PAKISTAN,2010,5,82.3415741729225
vegetables,15|PAKISTAN,2010,6,79.8170188224741
vegetables,15|PAKISTAN,2010,7,43.2914351894094
vegetables,15|PAKISTAN,2010,8,34.744896762343
vegetables,15|PAKISTAN,2010,9,50.8457686856515
vegetables,15|PAKISTAN,2010,10,40.2008557932011
vegetables,15|PAKISTAN,2010,11,30.8072707977833
vegetables,15|PAKISTAN,2010,12,25.7844570268657
vegetables,15|PAKISTAN,2020,1,19.7454552406098
vegetables,15|PAKISTAN,2020,2,25.2331133882521
vegetables,15|PAKISTAN,2020,3,23.6096814515034
vegetables,15|PAKISTAN,2020,4,72.9122905545759
vegetables,15|PAKISTAN,2020,5,82.3415741729225
vegetables,15|PAKISTAN,2020,6,79.8170188224741
vegetables,15|PAKISTAN,2020,7,43.2914351894094
vegetables,15|PAKISTAN,2020,8,34.744896762343
vegetables,15|PAKISTAN,2020,9,50.8457686856515
vegetables,15|PAKISTAN,2020,10,40.2008557932011
vegetables,15|PAKISTAN,2020,11,30.8072707977833
vegetables,15|PAKISTAN,2020,12,25.7844570268657
vegetables,15|PAKISTAN,2030,1,19.7454552406098
vegetables,15|PAKISTAN,2030,2,25.2331133882521
vegetables,15|PAKISTAN,2030,3,23.6096814515034
vegetables,15|PAKISTAN,2030,4,72.9122905545759
vegetables,15|PAKISTAN,2030,5,82.3415741729225
vegetables,15|PAKISTAN,2030,6,79.8170188224741
vegetables,15|PAKISTAN,2030,7,43.2914351894094
vegetables,15|PAKISTAN,2030,8,34.744896762343
vegetables,15|PAKISTAN,2030,9,50.8457686856515
vegetables,15|PAKISTAN,2030,10,40.2008557932011
vegetables,15|PAKISTAN,2030,11,30.8072707977833
vegetables,15|PAKISTAN,2030,12,25.7844570268657
vegetables,15|PAKISTAN,2040,1,19.7454552406098
vegetables,15|PAKISTAN,2040,2,25.2331133882521
vegetables,15|PAKISTAN,2040,3,23.6096814515034
vegetables,15|PAKISTAN,2040,4,72.9122905545759
vegetables,15|PAKISTAN,2040,5,82.3415741729225
vegetables,15|PAKISTAN,2040,6,79.8170188224741
vegetables,15|PAKISTAN,2040,7,43.2914351894094
vegetables,15|PAKISTAN,2040,8,34.744896762343
vegetables,15|PAKISTAN,2040,9,50.8457686856515
vegetables,15|PAKISTAN,2040,10,40.2008557932011
vegetables,15|PAKISTAN,2040,11,30.8072707977833
vegetables,15|PAKISTAN,2040,12,25.7844570268657
vegetables,15|PAKISTAN,2050,1,19.7454552406098
vegetables,15|PAKISTAN,2050,2,25.2331133882521
vegetables,15|PAKISTAN,2050,3,23.6096814515034
vegetables,15|PAKISTAN,2050,4,72.9122905545759
vegetables,15|PAKISTAN,2050,5,82.3415741729225
vegetables,15|PAKISTAN,2050,6,79.8170188224741
vegetables,15|PAKISTAN,2050,7,43.2914351894094
vegetables,15|PAKISTAN,2050,8,34.744896762343
vegetables,15|PAKISTAN,2050,9,50.8457686856515
vegetables,15|PAKISTAN,2050,10,40.2008557932011
vegetables,15|PAKISTAN,2050,11,30.8072707977833
vegetables,15|PAKISTAN,2050,12,25.7844570268657
vegetables,15|PAKISTAN,2060,1,19.7454552406098
vegetables,15|PAKISTAN,2060,2,25.2331133882521
vegetables,15|PAKISTAN,2060,3,23.6096814515034
vegetables,15|PAKISTAN,2060,4,72.9122905545759
vegetables,15|PAKISTAN,2060,5,82.3415741729225
vegetables,15|PAKISTAN,2060,6,79.8170188224741
vegetables,15|PAKISTAN,2060,7,43.2914351894094
vegetables,15|PAKISTAN,2060,8,34.744896762343
vegetables,15|PAKISTAN,2060,9,50.8457686856515
vegetables,15|PAKISTAN,2060,10,40.2008557932011
vegetables,15|PAKISTAN,2060,11,30.8072707977833
vegetables,15|PAKISTAN,2060,12,25.7844570268657
vegetables,16|PAKISTAN,2010,1,14.5238633439584
vegetables,16|PAKISTAN,2010,2,21.1773983808241
vegetables,16|PAKISTAN,2010,3,21.0072233485758
vegetables,16|PAKISTAN,2010,4,67.4521947591754
vegetables,16|PAKISTAN,2010,5,80.3955329452251
vegetables,16|PAKISTAN,2010,6,84.5149425829329
vegetables,16|PAKISTAN,2010,7,45.7112334523159
vegetables,16|PAKISTAN,2010,8,36.6002090637197
vegetables,16|PAKISTAN,2010,9,49.1001887424556
vegetables,16|PAKISTAN,2010,10,36.0151923145539
vegetables,16|PAKISTAN,2010,11,24.7257453723467
vegetables,16|PAKISTAN,2010,12,18.2741766043689
vegetables,16|PAKISTAN,2020,1,14.5238633439584
vegetables,16|PAKISTAN,2020,2,21.1773983808241
vegetables,16|PAKISTAN,2020,3,21.0072233485758
vegetables,16|PAKISTAN,2020,4,67.4521947591754
vegetables,16|PAKISTAN,2020,5,80.3955329452251
vegetables,16|PAKISTAN,2020,6,84.5149425829329
vegetables,16|PAKISTAN,2020,7,45.7112334523159
vegetables,16|PAKISTAN,2020,8,36.6002090637197
vegetables,16|PAKISTAN,2020,9,49.1001887424556
vegetables,16|PAKISTAN,2020,10,36.0151923145539
vegetables,16|PAKISTAN,2020,11,24.7257453723467
vegetables,16|PAKISTAN,2020,12,18.2741766043689
vegetables,16|PAKISTAN,2030,1,14.5238633439584
vegetables,16|PAKISTAN,2030,2,21.1773983808241
vegetables,16|PAKISTAN,2030,3,21.0072233485758
vegetables,16|PAKISTAN,2030,4,67.4521947591754
vegetables,16|PAKISTAN,2030,5,80.3955329452251
vegetables,16|PAKISTAN,2030,6,84.5149425829329
vegetables,16|PAKISTAN,2030,7,45.7112334523159
vegetables,16|PAKISTAN,2030,8,36.6002090637197
vegetables,16|PAKISTAN,2030,9,49.1001887424556
vegetables,16|PAKISTAN,2030,10,36.0151923145539
vegetables,16|PAKISTAN,2030,11,24.7257453723467
vegetables,16|PAKISTAN,2030,12,18.2741766043689
vegetables,16|PAKISTAN,2040,1,14.5238633439584
vegetables,16|PAKISTAN,2040,2,21.1773983808241
vegetables,16|PAKISTAN,2040,3,21.0072233485758
vegetables,16|PAKISTAN,2040,4,67.4521947591754
vegetables,16|PAKISTAN,2040,5,80.3955329452251
vegetables,16|PAKISTAN,2040,6,84.5149425829329
vegetables,16|PAKISTAN,2040,7,45.7112334523159
vegetables,16|PAKISTAN,2040,8,36.6002090637197
vegetables,16|PAKISTAN,2040,9,49.1001887424556
vegetables,16|PAKISTAN,2040,10,36.0151923145539
vegetables,16|PAKISTAN,2040,11,24.7257453723467
vegetables,16|PAKISTAN,2040,12,18.2741766043689
vegetables,16|PAKISTAN,2050,1,14.5238633439584
vegetables,16|PAKISTAN,2050,2,21.1773983808241
vegetables,16|PAKISTAN,2050,3,21.0072233485758
vegetables,16|PAKISTAN,2050,4,67.4521947591754
vegetables,16|PAKISTAN,2050,5,80.3955329452251
vegetables,16|PAKISTAN,2050,6,84.5149425829329
vegetables,16|PAKISTAN,2050,7,45.7112334523159
vegetables,16|PAKISTAN,2050,8,36.6002090637197
vegetables,16|PAKISTAN,2050,9,49.1001887424556
vegetables,16|PAKISTAN,2050,10,36.0151923145539
vegetables,16|PAKISTAN,2050,11,24.7257453723467
vegetables,16|PAKISTAN,2050,12,18.2741766043689
vegetables,16|PAKISTAN,2060,1,14.5238633439584
vegetables,16|PAKISTAN,2060,2,21.1773983808241
vegetables,16|PAKISTAN,2060,3,21.0072233485758
vegetables,16|PAKISTAN,2060,4,67.4521947591754
vegetables,16|PAKISTAN,2060,5,80.3955329452251
vegetables,16|PAKISTAN,2060,6,84.5149425829329
vegetables,16|PAKISTAN,2060,7,45.7112334523159
vegetables,16|PAKISTAN,2060,8,36.6002090637197
vegetables,16|PAKISTAN,2060,9,49.1001887424556
vegetables,16|PAKISTAN,2060,10,36.0151923145539
vegetables,16|PAKISTAN,2060,11,24.7257453723467
vegetables,16|PAKISTAN,2060,12,18.2741766043689
vegetables,17|PAKISTAN,2010,1,13.4960649352374
vegetables,17|PAKISTAN,2010,2,19.0483353063028
vegetables,17|PAKISTAN,2010,3,19.3300510298094
vegetables,17|PAKISTAN,2010,4,63.3380632936554
vegetables,17|PAKISTAN,2010,5,75.8525221285682
vegetables,17|PAKISTAN,2010,6,76.269329500017
vegetables,17|PAKISTAN,2010,7,41.9023672769646
vegetables,17|PAKISTAN,2010,8,33.5981064177438
vegetables,17|PAKISTAN,2010,9,45.516439347848
vegetables,17|PAKISTAN,2010,10,36.6841978306958
vegetables,17|PAKISTAN,2010,11,25.57511057254
vegetables,17|PAKISTAN,2010,12,18.2064789953286
vegetables,17|PAKISTAN,2020,1,13.4960649352374
vegetables,17|PAKISTAN,2020,2,19.0483353063028
vegetables,17|PAKISTAN,2020,3,19.3300510298094
vegetables,17|PAKISTAN,2020,4,63.3380632936554
vegetables,17|PAKISTAN,2020,5,75.8525221285682
vegetables,17|PAKISTAN,2020,6,76.269329500017
vegetables,17|PAKISTAN,2020,7,41.9023672769646
vegetables,17|PAKISTAN,2020,8,33.5981064177438
vegetables,17|PAKISTAN,2020,9,45.516439347848
vegetables,17|PAKISTAN,2020,10,36.6841978306958
vegetables,17|PAKISTAN,2020,11,25.57511057254
vegetables,17|PAKISTAN,2020,12,18.2064789953286
vegetables,17|PAKISTAN,2030,1,13.4960649352374
vegetables,17|PAKISTAN,2030,2,19.0483353063028
vegetables,17|PAKISTAN,2030,3,19.3300510298094
vegetables,17|PAKISTAN,2030,4,63.3380632936554
vegetables,17|PAKISTAN,2030,5,75.8525221285682
vegetables,17|PAKISTAN,2030,6,76.269329500017
vegetables,17|PAKISTAN,2030,7,41.9023672769646
vegetables,17|PAKISTAN,2030,8,33.5981064177438
vegetables,17|PAKISTAN,2030,9,45.516439347848
vegetables,17|PAKISTAN,2030,10,36.6841978306958
vegetables,17|PAKISTAN,2030,11,25.57511057254
vegetables,17|PAKISTAN,2030,12,18.2064789953286
vegetables,17|PAKISTAN,2040,1,13.4960649352374
vegetables,17|PAKISTAN,2040,2,19.0483353063028
vegetables,17|PAKISTAN,2040,3,19.3300510298094
vegetables,17|PAKISTAN,2040,4,63.3380632936554
vegetables,17|PAKISTAN,2040,5,75.8525221285682
vegetables,17|PAKISTAN,2040,6,76.269329500017
vegetables,17|PAKISTAN,2040,7,41.9023672769646
vegetables,17|PAKISTAN,2040,8,33.5981064177438
vegetables,17|PAKISTAN,2040,9,45.516439347848
vegetables,17|PAKISTAN,2040,10,36.6841978306958
vegetables,17|PAKISTAN,2040,11,25.57511057254
vegetables,17|PAKISTAN,2040,12,18.2064789953286
vegetables,17|PAKISTAN,2050,1,13.4960649352374
vegetables,17|PAKISTAN,2050,2,19.0483353063028
vegetables,17|PAKISTAN,2050,3,19.3300510298094
vegetables,17|PAKISTAN,2050,4,63.3380632936554
vegetables,17|PAKISTAN,2050,5,75.8525221285682
vegetables,17|PAKISTAN,2050,6,76.269329500017
vegetables,17|PAKISTAN,2050,7,41.9023672769646
vegetables,17|PAKISTAN,2050,8,33.5981064177438
vegetables,17|PAKISTAN,2050,9,45.516439347848
vegetables,17|PAKISTAN,2050,10,36.6841978306958
vegetables,17|PAKISTAN,2050,11,25.57511057254
vegetables,17|PAKISTAN,2050,12,18.2064789953286
vegetables,17|PAKISTAN,2060,1,13.4960649352374
vegetables,17|PAKISTAN,2060,2,19.0483353063028
vegetables,17|PAKISTAN,2060,3,19.3300510298094
vegetables,17|PAKISTAN,2060,4,63.3380632936554
vegetables,17|PAKISTAN,2060,5,75.8525221285682
vegetables,17|PAKISTAN,2060,6,76.269329500017
vegetables,17|PAKISTAN,2060,7,41.9023672769646
vegetables,17|PAKISTAN,2060,8,33.5981064177438
vegetables,17|PAKISTAN,2060,9,45.516439347848
vegetables,17|PAKISTAN,2060,10,36.6841978306958
vegetables,17|PAKISTAN,2060,11,25.57511057254
vegetables,17|PAKISTAN,2060,12,18.2064789953286
vegetables,18|PAKISTAN,2010,1,1.09193740668805
vegetables,18|PAKISTAN,2010,2,1.04963369236429
vegetables,18|PAKISTAN,2010,3,1.39678773567128
vegetables,18|PAKISTAN,2010,4,8.49620982790515
vegetables,18|PAKISTAN,2010,5,13.265484566273
vegetables,18|PAKISTAN,2010,6,15.1086138325262
vegetables,18|PAKISTAN,2010,7,7.8318202978416
vegetables,18|PAKISTAN,2010,8,5.73719987975572
vegetables,18|PAKISTAN,2010,9,7.40593312220692
vegetables,18|PAKISTAN,2010,10,5.10182653791048
vegetables,18|PAKISTAN,2010,11,2.93731849401783
vegetables,18|PAKISTAN,2010,12,1.96971371951588
vegetables,18|PAKISTAN,2020,1,1.09193740668805
vegetables,18|PAKISTAN,2020,2,1.04963369236429
vegetables,18|PAKISTAN,2020,3,1.39678773567128
vegetables,18|PAKISTAN,2020,4,8.49620982790515
vegetables,18|PAKISTAN,2020,5,13.265484566273
vegetables,18|PAKISTAN,2020,6,15.1086138325262
vegetables,18|PAKISTAN,2020,7,7.8318202978416
vegetables,18|PAKISTAN,2020,8,5.73719987975572
vegetables,18|PAKISTAN,2020,9,7.40593312220692
vegetables,18|PAKISTAN,2020,10,5.10182653791048
vegetables,18|PAKISTAN,2020,11,2.93731849401783
vegetables,18|PAKISTAN,2020,12,1.96971371951588
vegetables,18|PAKISTAN,2030,1,1.09193740668805
vegetables,18|PAKISTAN,2030,2,1.04963369236429
vegetables,18|PAKISTAN,2030,3,1.39678773567128
vegetables,18|PAKISTAN,2030,4,8.49620982790515
vegetables,18|PAKISTAN,2030,5,13.265484566273
vegetables,18|PAKISTAN,2030,6,15.1086138325262
vegetables,18|PAKISTAN,2030,7,7.8318202978416
vegetables,18|PAKISTAN,2030,8,5.73719987975572
vegetables,18|PAKISTAN,2030,9,7.40593312220692
vegetables,18|PAKISTAN,2030,10,5.10182653791048
vegetables,18|PAKISTAN,2030,11,2.93731849401783
vegetables,18|PAKISTAN,2030,12,1.96971371951588
vegetables,18|PAKISTAN,2040,1,1.09193740668805
vegetables,18|PAKISTAN,2040,2,1.04963369236429
vegetables,18|PAKISTAN,2040,3,1.39678773567128
vegetables,18|PAKISTAN,2040,4,8.49620982790515
vegetables,18|PAKISTAN,2040,5,13.265484566273
vegetables,18|PAKISTAN,2040,6,15.1086138325262
vegetables,18|PAKISTAN,2040,7,7.8318202978416
vegetables,18|PAKISTAN,2040,8,5.73719987975572
vegetables,18|PAKISTAN,2040,9,7.40593312220692
vegetables,18|PAKISTAN,2040,10,5.10182653791048
vegetables,18|PAKISTAN,2040,11,2.93731849401783
vegetables,18|PAKISTAN,2040,12,1.96971371951588
vegetables,18|PAKISTAN,2050,1,1.09193740668805
vegetables,18|PAKISTAN,2050,2,1.04963369236429
vegetables,18|PAKISTAN,2050,3,1.39678773567128
vegetables,18|PAKISTAN,2050,4,8.49620982790515
vegetables,18|PAKISTAN,2050,5,13.265484566273
vegetables,18|PAKISTAN,2050,6,15.1086138325262
vegetables,18|PAKISTAN,2050,7,7.8318202978416
vegetables,18|PAKISTAN,2050,8,5.73719987975572
vegetables,18|PAKISTAN,2050,9,7.40593312220692
vegetables,18|PAKISTAN,2050,10,5.10182653791048
vegetables,18|PAKISTAN,2050,11,2.93731849401783
vegetables,18|PAKISTAN,2050,12,1.96971371951588
vegetables,18|PAKISTAN,2060,1,1.09193740668805
vegetables,18|PAKISTAN,2060,2,1.04963369236429
vegetables,18|PAKISTAN,2060,3,1.39678773567128
vegetables,18|PAKISTAN,2060,4,8.49620982790515
vegetables,18|PAKISTAN,2060,5,13.265484566273
vegetables,18|PAKISTAN,2060,6,15.1086138325262
vegetables,18|PAKISTAN,2060,7,7.8318202978416
vegetables,18|PAKISTAN,2060,8,5.73719987975572
vegetables,18|PAKISTAN,2060,9,7.40593312220692
vegetables,18|PAKISTAN,2060,10,5.10182653791048
vegetables,18|PAKISTAN,2060,11,2.93731849401783
vegetables,18|PAKISTAN,2060,12,1.96971371951588
vegetables,19|PAKISTAN,2010,1,0.60834086636248
vegetables,19|PAKISTAN,2010,2,0.526149762751215
vegetables,19|PAKISTAN,2010,3,0.863292746376953
vegetables,19|PAKISTAN,2010,4,6.84884799757403
vegetables,19|PAKISTAN,2010,5,10.9267806088755
vegetables,19|PAKISTAN,2010,6,12.934674718953
vegetables,19|PAKISTAN,2010,7,6.2397191889191
vegetables,19|PAKISTAN,2010,8,4.69580434520553
vegetables,19|PAKISTAN,2010,9,6.28860163406922
vegetables,19|PAKISTAN,2010,10,4.11659113585632
vegetables,19|PAKISTAN,2010,11,2.33932287591833
vegetables,19|PAKISTAN,2010,12,1.40369619322456
vegetables,19|PAKISTAN,2020,1,0.60834086636248
vegetables,19|PAKISTAN,2020,2,0.526149762751215
vegetables,19|PAKISTAN,2020,3,0.863292746376953
vegetables,19|PAKISTAN,2020,4,6.84884799757403
vegetables,19|PAKISTAN,2020,5,10.9267806088755
vegetables,19|PAKISTAN,2020,6,12.934674718953
vegetables,19|PAKISTAN,2020,7,6.2397191889191
vegetables,19|PAKISTAN,2020,8,4.69580434520553
vegetables,19|PAKISTAN,2020,9,6.28860163406922
vegetables,19|PAKISTAN,2020,10,4.11659113585632
vegetables,19|PAKISTAN,2020,11,2.33932287591833
vegetables,19|PAKISTAN,2020,12,1.40369619322456
vegetables,19|PAKISTAN,2030,1,0.60834086636248
vegetables,19|PAKISTAN,2030,2,0.526149762751215
vegetables,19|PAKISTAN,2030,3,0.863292746376953
vegetables,19|PAKISTAN,2030,4,6.84884799757403
vegetables,19|PAKISTAN,2030,5,10.9267806088755
vegetables,19|PAKISTAN,2030,6,12.934674718953
vegetables,19|PAKISTAN,2030,7,6.2397191889191
vegetables,19|PAKISTAN,2030,8,4.69580434520553
vegetables,19|PAKISTAN,2030,9,6.28860163406922
vegetables,19|PAKISTAN,2030,10,4.11659113585632
vegetables,19|PAKISTAN,2030,11,2.33932287591833
vegetables,19|PAKISTAN,2030,12,1.40369619322456
vegetables,19|PAKISTAN,2040,1,0.60834086636248
vegetables,19|PAKISTAN,2040,2,0.526149762751215
vegetables,19|PAKISTAN,2040,3,0.863292746376953
vegetables,19|PAKISTAN,2040,4,6.84884799757403
vegetables,19|PAKISTAN,2040,5,10.9267806088755
vegetables,19|PAKISTAN,2040,6,12.934674718953
vegetables,19|PAKISTAN,2040,7,6.2397191889191
vegetables,19|PAKISTAN,2040,8,4.69580434520553
vegetables,19|PAKISTAN,2040,9,6.28860163406922
vegetables,19|PAKISTAN,2040,10,4.11659113585632
vegetables,19|PAKISTAN,2040,11,2.33932287591833
vegetables,19|PAKISTAN,2040,12,1.40369619322456
vegetables,19|PAKISTAN,2050,1,0.60834086636248
vegetables,19|PAKISTAN,2050,2,0.526149762751215
vegetables,19|PAKISTAN,2050,3,0.863292746376953
vegetables,19|PAKISTAN,2050,4,6.84884799757403
vegetables,19|PAKISTAN,2050,5,10.9267806088755
vegetables,19|PAKISTAN,2050,6,12.934674718953
vegetables,19|PAKISTAN,2050,7,6.2397191889191
vegetables,19|PAKISTAN,2050,8,4.69580434520553
vegetables,19|PAKISTAN,2050,9,6.28860163406922
vegetables,19|PAKISTAN,2050,10,4.11659113585632
vegetables,19|PAKISTAN,2050,11,2.33932287591833
vegetables,19|PAKISTAN,2050,12,1.40369619322456
vegetables,19|PAKISTAN,2060,1,0.60834086636248
vegetables,19|PAKISTAN,2060,2,0.526149762751215
vegetables,19|PAKISTAN,2060,3,0.863292746376953
vegetables,19|PAKISTAN,2060,4,6.84884799757403
vegetables,19|PAKISTAN,2060,5,10.9267806088755
vegetables,19|PAKISTAN,2060,6,12.934674718953
vegetables,19|PAKISTAN,2060,7,6.2397191889191
vegetables,19|PAKISTAN,2060,8,4.69580434520553
vegetables,19|PAKISTAN,2060,9,6.28860163406922
vegetables,19|PAKISTAN,2060,10,4.11659113585632
vegetables,19|PAKISTAN,2060,11,2.33932287591833
vegetables,19|PAKISTAN,2060,12,1.40369619322456
vegetables,20|PAKISTAN,2010,1,2.27821224069537
vegetables,20|PAKISTAN,2010,2,3.70401348727767
vegetables,20|PAKISTAN,2010,3,4.18136892044398
vegetables,20|PAKISTAN,2010,4,15.2021787451989
vegetables,20|PAKISTAN,2010,5,18.6221099548249
vegetables,20|PAKISTAN,2010,6,18.7320763181016
vegetables,20|PAKISTAN,2010,7,8.07196119134782
vegetables,20|PAKISTAN,2010,8,6.22973182305013
vegetables,20|PAKISTAN,2010,9,9.96783087611072
vegetables,20|PAKISTAN,2010,10,7.55061471531068
vegetables,20|PAKISTAN,2010,11,4.48316879432458
vegetables,20|PAKISTAN,2010,12,2.98653859790025
vegetables,20|PAKISTAN,2020,1,2.27821224069537
vegetables,20|PAKISTAN,2020,2,3.70401348727767
vegetables,20|PAKISTAN,2020,3,4.18136892044398
vegetables,20|PAKISTAN,2020,4,15.2021787451989
vegetables,20|PAKISTAN,2020,5,18.6221099548249
vegetables,20|PAKISTAN,2020,6,18.7320763181016
vegetables,20|PAKISTAN,2020,7,8.07196119134782
vegetables,20|PAKISTAN,2020,8,6.22973182305013
vegetables,20|PAKISTAN,2020,9,9.96783087611072
vegetables,20|PAKISTAN,2020,10,7.55061471531068
vegetables,20|PAKISTAN,2020,11,4.48316879432458
vegetables,20|PAKISTAN,2020,12,2.98653859790025
vegetables,20|PAKISTAN,2030,1,2.27821224069537
vegetables,20|PAKISTAN,2030,2,3.70401348727767
vegetables,20|PAKISTAN,2030,3,4.18136892044398
vegetables,20|PAKISTAN,2030,4,15.2021787451989
vegetables,20|PAKISTAN,2030,5,18.6221099548249
vegetables,20|PAKISTAN,2030,6,18.7320763181016
vegetables,20|PAKISTAN,2030,7,8.07196119134782
vegetables,20|PAKISTAN,2030,8,6.22973182305013
vegetables,20|PAKISTAN,2030,9,9.96783087611072
vegetables,20|PAKISTAN,2030,10,7.55061471531068
vegetables,20|PAKISTAN,2030,11,4.48316879432458
vegetables,20|PAKISTAN,2030,12,2.98653859790025
vegetables,20|PAKISTAN,2040,1,2.27821224069537
vegetables,20|PAKISTAN,2040,2,3.70401348727767
vegetables,20|PAKISTAN,2040,3,4.18136892044398
vegetables,20|PAKISTAN,2040,4,15.2021787451989
vegetables,20|PAKISTAN,2040,5,18.6221099548249
vegetables,20|PAKISTAN,2040,6,18.7320763181016
vegetables,20|PAKISTAN,2040,7,8.07196119134782
vegetables,20|PAKISTAN,2040,8,6.22973182305013
vegetables,20|PAKISTAN,2040,9,9.96783087611072
vegetables,20|PAKISTAN,2040,10,7.55061471531068
vegetables,20|PAKISTAN,2040,11,4.48316879432458
vegetables,20|PAKISTAN,2040,12,2.98653859790025
vegetables,20|PAKISTAN,2050,1,2.27821224069537
vegetables,20|PAKISTAN,2050,2,3.70401348727767
vegetables,20|PAKISTAN,2050,3,4.18136892044398
vegetables,20|PAKISTAN,2050,4,15.2021787451989
vegetables,20|PAKISTAN,2050,5,18.6221099548249
vegetables,20|PAKISTAN,2050,6,18.7320763181016
vegetables,20|PAKISTAN,2050,7,8.07196119134782
vegetables,20|PAKISTAN,2050,8,6.22973182305013
vegetables,20|PAKISTAN,2050,9,9.96783087611072
vegetables,20|PAKISTAN,2050,10,7.55061471531068
vegetables,20|PAKISTAN,2050,11,4.48316879432458
vegetables,20|PAKISTAN,2050,12,2.98653859790025
vegetables,20|PAKISTAN,2060,1,2.27821224069537
vegetables,20|PAKISTAN,2060,2,3.70401348727767
vegetables,20|PAKISTAN,2060,3,4.18136892044398
vegetables,20|PAKISTAN,2060,4,15.2021787451989
vegetables,20|PAKISTAN,2060,5,18.6221099548249
vegetables,20|PAKISTAN,2060,6,18.7320763181016
vegetables,20|PAKISTAN,2060,7,8.07196119134782
vegetables,20|PAKISTAN,2060,8,6.22973182305013
vegetables,20|PAKISTAN,2060,9,9.96783087611072
vegetables,20|PAKISTAN,2060,10,7.55061471531068
vegetables,20|PAKISTAN,2060,11,4.48316879432458
vegetables,20|PAKISTAN,2060,12,2.98653859790025
vegetables,21|PAKISTAN,2010,1,2.81282480589643
vegetables,21|PAKISTAN,2010,2,4.49535389527075
vegetables,21|PAKISTAN,2010,3,4.71895452340172
vegetables,21|PAKISTAN,2010,4,15.9171574462031
vegetables,21|PAKISTAN,2010,5,19.1283746849407
vegetables,21|PAKISTAN,2010,6,20.4441692229196
vegetables,21|PAKISTAN,2010,7,10.8911137558427
vegetables,21|PAKISTAN,2010,8,9.0341622507786
vegetables,21|PAKISTAN,2010,9,12.1053332969715
vegetables,21|PAKISTAN,2010,10,8.47446482236223
vegetables,21|PAKISTAN,2010,11,5.17043243027222
vegetables,21|PAKISTAN,2010,12,3.51531392791085
vegetables,21|PAKISTAN,2020,1,2.81282480589643
vegetables,21|PAKISTAN,2020,2,4.49535389527075
vegetables,21|PAKISTAN,2020,3,4.71895452340172
vegetables,21|PAKISTAN,2020,4,15.9171574462031
vegetables,21|PAKISTAN,2020,5,19.1283746849407
vegetables,21|PAKISTAN,2020,6,20.4441692229196
vegetables,21|PAKISTAN,2020,7,10.8911137558427
vegetables,21|PAKISTAN,2020,8,9.0341622507786
vegetables,21|PAKISTAN,2020,9,12.1053332969715
vegetables,21|PAKISTAN,2020,10,8.47446482236223
vegetables,21|PAKISTAN,2020,11,5.17043243027222
vegetables,21|PAKISTAN,2020,12,3.51531392791085
vegetables,21|PAKISTAN,2030,1,2.81282480589643
vegetables,21|PAKISTAN,2030,2,4.49535389527075
vegetables,21|PAKISTAN,2030,3,4.71895452340172
vegetables,21|PAKISTAN,2030,4,15.9171574462031
vegetables,21|PAKISTAN,2030,5,19.1283746849407
vegetables,21|PAKISTAN,2030,6,20.4441692229196
vegetables,21|PAKISTAN,2030,7,10.8911137558427
vegetables,21|PAKISTAN,2030,8,9.0341622507786
vegetables,21|PAKISTAN,2030,9,12.1053332969715
vegetables,21|PAKISTAN,2030,10,8.47446482236223
vegetables,21|PAKISTAN,2030,11,5.17043243027222
vegetables,21|PAKISTAN,2030,12,3.51531392791085
vegetables,21|PAKISTAN,2040,1,2.81282480589643
vegetables,21|PAKISTAN,2040,2,4.49535389527075
vegetables,21|PAKISTAN,2040,3,4.71895452340172
vegetables,21|PAKISTAN,2040,4,15.9171574462031
vegetables,21|PAKISTAN,2040,5,19.1283746849407
vegetables,21|PAKISTAN,2040,6,20.4441692229196
vegetables,21|PAKISTAN,2040,7,10.8911137558427
vegetables,21|PAKISTAN,2040,8,9.0341622507786
vegetables,21|PAKISTAN,2040,9,12.1053332969715
vegetables,21|PAKISTAN,2040,10,8.47446482236223
vegetables,21|PAKISTAN,2040,11,5.17043243027222
vegetables,21|PAKISTAN,2040,12,3.51531392791085
vegetables,21|PAKISTAN,2050,1,2.81282480589643
vegetables,21|PAKISTAN,2050,2,4.49535389527075
vegetables,21|PAKISTAN,2050,3,4.71895452340172
vegetables,21|PAKISTAN,2050,4,15.9171574462031
vegetables,21|PAKISTAN,2050,5,19.1283746849407
vegetables,21|PAKISTAN,2050,6,20.4441692229196
vegetables,21|PAKISTAN,2050,7,10.8911137558427
vegetables,21|PAKISTAN,2050,8,9.0341622507786
vegetables,21|PAKISTAN,2050,9,12.1053332969715
vegetables,21|PAKISTAN,2050,10,8.47446482236223
vegetables,21|PAKISTAN,2050,11,5.17043243027222
vegetables,21|PAKISTAN,2050,12,3.51531392791085
vegetables,21|PAKISTAN,2060,1,2.81282480589643
vegetables,21|PAKISTAN,2060,2,4.49535389527075
vegetables,21|PAKISTAN,2060,3,4.71895452340172
vegetables,21|PAKISTAN,2060,4,15.9171574462031
vegetables,21|PAKISTAN,2060,5,19.1283746849407
vegetables,21|PAKISTAN,2060,6,20.4441692229196
vegetables,21|PAKISTAN,2060,7,10.8911137558427
vegetables,21|PAKISTAN,2060,8,9.0341622507786
vegetables,21|PAKISTAN,2060,9,12.1053332969715
vegetables,21|PAKISTAN,2060,10,8.47446482236223
vegetables,21|PAKISTAN,2060,11,5.17043243027222
vegetables,21|PAKISTAN,2060,12,3.51531392791085
vegetables,22|PAKISTAN,2010,1,0.698190644444435
vegetables,22|PAKISTAN,2010,2,1.16922853866366
vegetables,22|PAKISTAN,2010,3,1.71100367010733
vegetables,22|PAKISTAN,2010,4,15.0892303913315
vegetables,22|PAKISTAN,2010,5,28.4626964984286
vegetables,22|PAKISTAN,2010,6,42.5049661561733
vegetables,22|PAKISTAN,2010,7,29.5200160205365
vegetables,22|PAKISTAN,2010,8,23.3315482705583
vegetables,22|PAKISTAN,2010,9,22.7218453693695
vegetables,22|PAKISTAN,2010,10,8.85646061242416
vegetables,22|PAKISTAN,2010,11,3.63392512583807
vegetables,22|PAKISTAN,2010,12,1.81227979286305
vegetables,22|PAKISTAN,2020,1,0.698190644444435
vegetables,22|PAKISTAN,2020,2,1.16922853866366
vegetables,22|PAKISTAN,2020,3,1.71100367010733
vegetables,22|PAKISTAN,2020,4,15.0892303913315
vegetables,22|PAKISTAN,2020,5,28.4626964984286
vegetables,22|PAKISTAN,2020,6,42.5049661561733
vegetables,22|PAKISTAN,2020,7,29.5200160205365
vegetables,22|PAKISTAN,2020,8,23.3315482705583
vegetables,22|PAKISTAN,2020,9,22.7218453693695
vegetables,22|PAKISTAN,2020,10,8.85646061242416
vegetables,22|PAKISTAN,2020,11,3.63392512583807
vegetables,22|PAKISTAN,2020,12,1.81227979286305
vegetables,22|PAKISTAN,2030,1,0.698190644444435
vegetables,22|PAKISTAN,2030,2,1.16922853866366
vegetables,22|PAKISTAN,2030,3,1.71100367010733
vegetables,22|PAKISTAN,2030,4,15.0892303913315
vegetables,22|PAKISTAN,2030,5,28.4626964984286
vegetables,22|PAKISTAN,2030,6,42.5049661561733
vegetables,22|PAKISTAN,2030,7,29.5200160205365
vegetables,22|PAKISTAN,2030,8,23.3315482705583
vegetables,22|PAKISTAN,2030,9,22.7218453693695
vegetables,22|PAKISTAN,2030,10,8.85646061242416
vegetables,22|PAKISTAN,2030,11,3.63392512583807
vegetables,22|PAKISTAN,2030,12,1.81227979286305
vegetables,22|PAKISTAN,2040,1,0.698190644444435
vegetables,22|PAKISTAN,2040,2,1.16922853866366
vegetables,22|PAKISTAN,2040,3,1.71100367010733
vegetables,22|PAKISTAN,2040,4,15.0892303913315
vegetables,22|PAKISTAN,2040,5,28.4626964984286
vegetables,22|PAKISTAN,2040,6,42.5049661561733
vegetables,22|PAKISTAN,2040,7,29.5200160205365
vegetables,22|PAKISTAN,2040,8,23.3315482705583
vegetables,22|PAKISTAN,2040,9,22.7218453693695
vegetables,22|PAKISTAN,2040,10,8.85646061242416
vegetables,22|PAKISTAN,2040,11,3.63392512583807
vegetables,22|PAKISTAN,2040,12,1.81227979286305
vegetables,22|PAKISTAN,2050,1,0.698190644444435
vegetables,22|PAKISTAN,2050,2,1.16922853866366
vegetables,22|PAKISTAN,2050,3,1.71100367010733
vegetables,22|PAKISTAN,2050,4,15.0892303913315
vegetables,22|PAKISTAN,2050,5,28.4626964984286
vegetables,22|PAKISTAN,2050,6,42.5049661561733
vegetables,22|PAKISTAN,2050,7,29.5200160205365
vegetables,22|PAKISTAN,2050,8,23.3315482705583
vegetables,22|PAKISTAN,2050,9,22.7218453693695
vegetables,22|PAKISTAN,2050,10,8.85646061242416
vegetables,22|PAKISTAN,2050,11,3.63392512583807
vegetables,22|PAKISTAN,2050,12,1.81227979286305
vegetables,22|PAKISTAN,2060,1,0.698190644444435
vegetables,22|PAKISTAN,2060,2,1.16922853866366
vegetables,22|PAKISTAN,2060,3,1.71100367010733
vegetables,22|PAKISTAN,2060,4,15.0892303913315
vegetables,22|PAKISTAN,2060,5,28.4626964984286
vegetables,22|PAKISTAN,2060,6,42.5049661561733
vegetables,22|PAKISTAN,2060,7,29.5200160205365
vegetables,22|PAKISTAN,2060,8,23.3315482705583
vegetables,22|PAKISTAN,2060,9,22.7218453693695
vegetables,22|PAKISTAN,2060,10,8.85646061242416
vegetables,22|PAKISTAN,2060,11,3.63392512583807
vegetables,22|PAKISTAN,2060,12,1.81227979286305
vegetables,23|PAKISTAN,2010,1,2.46528582244923
vegetables,23|PAKISTAN,2010,2,3.38945519436575
vegetables,23|PAKISTAN,2010,3,3.5761422859595
vegetables,23|PAKISTAN,2010,4,13.0227374059895
vegetables,23|PAKISTAN,2010,5,17.0838062213871
vegetables,23|PAKISTAN,2010,6,17.2849130820185
vegetables,23|PAKISTAN,2010,7,8.67919613324855
vegetables,23|PAKISTAN,2010,8,6.80276989871428
vegetables,23|PAKISTAN,2010,9,9.4347857720754
vegetables,23|PAKISTAN,2010,10,7.41615968631992
vegetables,23|PAKISTAN,2010,11,4.83747371526745
vegetables,23|PAKISTAN,2010,12,3.392466427044
vegetables,23|PAKISTAN,2020,1,2.46528582244923
vegetables,23|PAKISTAN,2020,2,3.38945519436575
vegetables,23|PAKISTAN,2020,3,3.5761422859595
vegetables,23|PAKISTAN,2020,4,13.0227374059895
vegetables,23|PAKISTAN,2020,5,17.0838062213871
vegetables,23|PAKISTAN,2020,6,17.2849130820185
vegetables,23|PAKISTAN,2020,7,8.67919613324855
vegetables,23|PAKISTAN,2020,8,6.80276989871428
vegetables,23|PAKISTAN,2020,9,9.4347857720754
vegetables,23|PAKISTAN,2020,10,7.41615968631992
vegetables,23|PAKISTAN,2020,11,4.83747371526745
vegetables,23|PAKISTAN,2020,12,3.392466427044
vegetables,23|PAKISTAN,2030,1,2.46528582244923
vegetables,23|PAKISTAN,2030,2,3.38945519436575
vegetables,23|PAKISTAN,2030,3,3.5761422859595
vegetables,23|PAKISTAN,2030,4,13.0227374059895
vegetables,23|PAKISTAN,2030,5,17.0838062213871
vegetables,23|PAKISTAN,2030,6,17.2849130820185
vegetables,23|PAKISTAN,2030,7,8.67919613324855
vegetables,23|PAKISTAN,2030,8,6.80276989871428
vegetables,23|PAKISTAN,2030,9,9.4347857720754
vegetables,23|PAKISTAN,2030,10,7.41615968631992
vegetables,23|PAKISTAN,2030,11,4.83747371526745
vegetables,23|PAKISTAN,2030,12,3.392466427044
vegetables,23|PAKISTAN,2040,1,2.46528582244923
vegetables,23|PAKISTAN,2040,2,3.38945519436575
vegetables,23|PAKISTAN,2040,3,3.5761422859595
vegetables,23|PAKISTAN,2040,4,13.0227374059895
vegetables,23|PAKISTAN,2040,5,17.0838062213871
vegetables,23|PAKISTAN,2040,6,17.2849130820185
vegetables,23|PAKISTAN,2040,7,8.67919613324855
vegetables,23|PAKISTAN,2040,8,6.80276989871428
vegetables,23|PAKISTAN,2040,9,9.4347857720754
vegetables,23|PAKISTAN,2040,10,7.41615968631992
vegetables,23|PAKISTAN,2040,11,4.83747371526745
vegetables,23|PAKISTAN,2040,12,3.392466427044
vegetables,23|PAKISTAN,2050,1,2.46528582244923
vegetables,23|PAKISTAN,2050,2,3.38945519436575
vegetables,23|PAKISTAN,2050,3,3.5761422859595
vegetables,23|PAKISTAN,2050,4,13.0227374059895
vegetables,23|PAKISTAN,2050,5,17.0838062213871
vegetables,23|PAKISTAN,2050,6,17.2849130820185
vegetables,23|PAKISTAN,2050,7,8.67919613324855
vegetables,23|PAKISTAN,2050,8,6.80276989871428
vegetables,23|PAKISTAN,2050,9,9.4347857720754
vegetables,23|PAKISTAN,2050,10,7.41615968631992
vegetables,23|PAKISTAN,2050,11,4.83747371526745
vegetables,23|PAKISTAN,2050,12,3.392466427044
vegetables,23|PAKISTAN,2060,1,2.46528582244923
vegetables,23|PAKISTAN,2060,2,3.38945519436575
vegetables,23|PAKISTAN,2060,3,3.5761422859595
vegetables,23|PAKISTAN,2060,4,13.0227374059895
vegetables,23|PAKISTAN,2060,5,17.0838062213871
vegetables,23|PAKISTAN,2060,6,17.2849130820185
vegetables,23|PAKISTAN,2060,7,8.67919613324855
vegetables,23|PAKISTAN,2060,8,6.80276989871428
vegetables,23|PAKISTAN,2060,9,9.4347857720754
vegetables,23|PAKISTAN,2060,10,7.41615968631992
vegetables,23|PAKISTAN,2060,11,4.83747371526745
vegetables,23|PAKISTAN,2060,12,3.392466427044
